Variable,Description,Form_Name,Theme,Theme_count,Theme_group
PeriodCode,"The date in YYYYMM format which represents the end of the financial year. For example, 201903 represents March 2019, which was the end of the 2018-2019 fiscal year. The Capital Outturn Return contains expenditure which took place over the course of a whole financial year.",all,,7,Other / Unmapped
LA_LGF_Code,"A Local Government Finance code, which MHCLG uses internally to represent local authorities. These are unique to each local authority, similar to the ONS local authority code.",all,,7,Other / Unmapped
ONS_Code,The ONS local authority code.,all,,7,Other / Unmapped
LA_Name,The name of the local authority,all,,7,Other / Unmapped
LA_Class,The classification of the local authority. A local authority's classification is related to the functions it carries out and how they are financed.,all,,7,Other / Unmapped
LA_Subclass,The detailed classification of the local authority. A local authority's classification is related to the functions it carries out and how they are financed.,all,,7,Other / Unmapped
Status,"The submission status. Takes one of three values: submitted, not submitted, or total. Totals are calculated, further information available on the Totals tab.",all,,7,Other / Unmapped
EandR1-eduerlprm-explndbld,Early Years & Primary Schools - Acquisition of land & existing buildings,EandR1,eduerlprm,27,Education
EandR1-eduerlprm-expcnscnvrnv,"Early Years & Primary Schools - New construction, conversion & renovation",EandR1,eduerlprm,27,Education
EandR1-eduerlprm-expvhc,Early Years & Primary Schools - Vehicles,EandR1,eduerlprm,27,Education
EandR1-eduerlprm-expeqpmch,"Early Years & Primary Schools - Plant, furniture & equipment",EandR1,eduerlprm,27,Education
EandR1-eduerlprm-expvhceqpmch,"Early Years & Primary Schools - Vehicles, plant, furniture & equipment",EandR1,eduerlprm,27,Education
EandR1-eduerlprm-expint,Early Years & Primary Schools - Intangible fixed assets,EandR1,eduerlprm,27,Education
EandR1-eduerlprm-exptotfa,Early Years & Primary Schools - Total expenditure on fixed assets,EandR1,eduerlprm,27,Education
EandR1-eduscn-explndbld,Secondary Schools - Acquisition of land & existing buildings,EandR1,eduscn,27,Education
EandR1-eduscn-expcnscnvrnv,"Secondary Schools - New construction, conversion & renovation",EandR1,eduscn,27,Education
EandR1-eduscn-expvhc,Secondary Schools - Vehicles,EandR1,eduscn,27,Education
EandR1-eduscn-expeqpmch,"Secondary Schools - Plant, furniture & equipment",EandR1,eduscn,27,Education
EandR1-eduscn-expvhceqpmch,"Secondary Schools - Vehicles, plant, furniture & equipment",EandR1,eduscn,27,Education
EandR1-eduscn-expint,Secondary Schools - Intangible fixed assets,EandR1,eduscn,27,Education
EandR1-eduscn-exptotfa,Secondary Schools - Total expenditure on fixed assets,EandR1,eduscn,27,Education
EandR1-eduspc-explndbld,Special Schools & Alternative Provision - Acquisition of land & existing buildings,EandR1,eduspc,27,Education
EandR1-eduspc-expcnscnvrnv,"Special Schools & Alternative Provision - New construction, conversion & renovation",EandR1,eduspc,27,Education
EandR1-eduspc-expvhc,Special Schools & Alternative Provision - Vehicles,EandR1,eduspc,27,Education
EandR1-eduspc-expeqpmch,"Special Schools & Alternative Provision - Plant, furniture & equipment",EandR1,eduspc,27,Education
EandR1-eduspc-expvhceqpmch,"Special Schools & Alternative Provision - Vehicles, plant, furniture & equipment",EandR1,eduspc,27,Education
EandR1-eduspc-expint,Special Schools & Alternative Provision - Intangible fixed assets,EandR1,eduspc,27,Education
EandR1-eduspc-exptotfa,Special Schools & Alternative Provision - Total expenditure on fixed assets,EandR1,eduspc,27,Education
EandR1-edupstoth-explndbld,Post-16 Provision & Other Education - Acquisition of land & existing buildings,EandR1,edupstoth,27,Education
EandR1-edupstoth-expcnscnvrnv,"Post-16 Provision & Other Education - New construction, conversion & renovation",EandR1,edupstoth,27,Education
EandR1-edupstoth-expvhc,Post-16 Provision & Other Education - Vehicles,EandR1,edupstoth,27,Education
EandR1-edupstoth-expeqpmch,"Post-16 Provision & Other Education - Plant, furniture & equipment",EandR1,edupstoth,27,Education
EandR1-edupstoth-expvhceqpmch,"Post-16 Provision & Other Education - Vehicles, plant, furniture & equipment",EandR1,edupstoth,27,Education
EandR1-edupstoth-expint,Post-16 Provision & Other Education - Intangible fixed assets,EandR1,edupstoth,27,Education
EandR1-edupstoth-exptotfa,Post-16 Provision & Other Education - Total expenditure on fixed assets,EandR1,edupstoth,27,Education
EandR1-edutot-explndbld,Total Education - Acquisition of land & existing buildings,EandR1,edutot,41,Education
EandR1-edutot-expcnscnvrnv,"Total Education - New construction, conversion & renovation",EandR1,edutot,41,Education
EandR1-edutot-expvhc,Total Education - Vehicles,EandR1,edutot,41,Education
EandR1-edutot-expeqpmch,"Total Education - Plant, furniture & equipment",EandR1,edutot,41,Education
EandR1-edutot-expvhceqpmch,"Total Education - Vehicles, plant, furniture & equipment",EandR1,edutot,41,Education
EandR1-edutot-expint,Total Education - Intangible fixed assets,EandR1,edutot,41,Education
EandR1-edutot-exptotfa,Total Education - Total expenditure on fixed assets,EandR1,edutot,41,Education
EandR1-transrds-explndbld,"Roads, Street Lighting & Road Safety - Acquisition of land & existing buildings",EandR1,transrds,34,Transport
EandR1-transrds-expcnscnvrnv,"Roads, Street Lighting & Road Safety - New construction, conversion & renovation",EandR1,transrds,34,Transport
EandR1-transrds-expvhc,"Roads, Street Lighting & Road Safety - Vehicles",EandR1,transrds,34,Transport
EandR1-transrds-expeqpmch,"Roads, Street Lighting & Road Safety - Plant, furniture & equipment",EandR1,transrds,34,Transport
EandR1-transrds-expvhceqpmch,"Roads, Street Lighting & Road Safety - Vehicles, plant, furniture & equipment",EandR1,transrds,34,Transport
EandR1-transrds-expint,"Roads, Street Lighting & Road Safety - Intangible fixed assets",EandR1,transrds,34,Transport
EandR1-transrds-exptotfa,"Roads, Street Lighting & Road Safety - Total expenditure on fixed assets",EandR1,transrds,34,Transport
EandR1-transprk-explndbld,Parking - Acquisition of land & existing buildings,EandR1,transprk,27,Transport
EandR1-transprk-expcnscnvrnv,"Parking - New construction, conversion & renovation",EandR1,transprk,27,Transport
EandR1-transprk-expvhc,Parking - Vehicles,EandR1,transprk,27,Transport
EandR1-transprk-expeqpmch,"Parking - Plant, furniture & equipment",EandR1,transprk,27,Transport
EandR1-transprk-expvhceqpmch,"Parking - Vehicles, plant, furniture & equipment",EandR1,transprk,27,Transport
EandR1-transprk-expint,Parking - Intangible fixed assets,EandR1,transprk,27,Transport
EandR1-transprk-exptotfa,Parking - Total expenditure on fixed assets,EandR1,transprk,27,Transport
EandR1-transpblbus-explndbld,Public Transport (Bus) - Acquisition of land & existing buildings,EandR1,transpblbus,27,Transport
EandR1-transpblbus-expcnscnvrnv,"Public Transport (Bus) - New construction, conversion & renovation",EandR1,transpblbus,27,Transport
EandR1-transpblbus-expvhc,Public Transport (Bus) - Vehicles,EandR1,transpblbus,27,Transport
EandR1-transpblbus-expeqpmch,"Public Transport (Bus) - Plant, furniture & equipment",EandR1,transpblbus,27,Transport
EandR1-transpblbus-expvhceqpmch,"Public Transport (Bus) - Vehicles, plant, furniture & equipment",EandR1,transpblbus,27,Transport
EandR1-transpblbus-expint,Public Transport (Bus) - Intangible fixed assets,EandR1,transpblbus,27,Transport
EandR1-transpblbus-exptotfa,Public Transport (Bus) - Total expenditure on fixed assets,EandR1,transpblbus,27,Transport
EandR1-transpblrail-explndbld,Public Transport (Rail & Other) - Acquisition of land & existing buildings,EandR1,transpblrail,27,Transport
EandR1-transpblrail-expcnscnvrnv,"Public Transport (Rail & Other) - New construction, conversion & renovation",EandR1,transpblrail,27,Transport
EandR1-transpblrail-expvhc,Public Transport (Rail & Other) - Vehicles,EandR1,transpblrail,27,Transport
EandR1-transpblrail-expeqpmch,"Public Transport (Rail & Other) - Plant, furniture & equipment",EandR1,transpblrail,27,Transport
EandR1-transpblrail-expvhceqpmch,"Public Transport (Rail & Other) - Vehicles, plant, furniture & equipment",EandR1,transpblrail,27,Transport
EandR1-transpblrail-expint,Public Transport (Rail & Other) - Intangible fixed assets,EandR1,transpblrail,27,Transport
EandR1-transpblrail-exptotfa,Public Transport (Rail & Other) - Total expenditure on fixed assets,EandR1,transpblrail,27,Transport
EandR1-transahtarp-explndbld,Airports - Acquisition of land & existing buildings,EandR1,transahtarp,27,Transport
EandR1-transahtarp-expcnscnvrnv,"Airports - New construction, conversion & renovation",EandR1,transahtarp,27,Transport
EandR1-transahtarp-expvhc,Airports - Vehicles,EandR1,transahtarp,27,Transport
EandR1-transahtarp-expeqpmch,"Airports - Plant, furniture & equipment",EandR1,transahtarp,27,Transport
EandR1-transahtarp-expvhceqpmch,"Airports - Vehicles, plant, furniture & equipment",EandR1,transahtarp,27,Transport
EandR1-transahtarp-expint,Airports - Intangible fixed assets,EandR1,transahtarp,27,Transport
EandR1-transahtarp-exptotfa,Airports - Total expenditure on fixed assets,EandR1,transahtarp,27,Transport
EandR1-transahthrbprs-explndbld,Ports & Piers  - Acquisition of land & existing buildings,EandR1,transahthrbprs,27,Transport
EandR1-transahthrbprs-expcnscnvrnv,"Ports & Piers  - New construction, conversion & renovation",EandR1,transahthrbprs,27,Transport
EandR1-transahthrbprs-expvhc,Ports & Piers  - Vehicles,EandR1,transahthrbprs,27,Transport
EandR1-transahthrbprs-expeqpmch,"Ports & Piers  - Plant, furniture & equipment",EandR1,transahthrbprs,27,Transport
EandR1-transahthrbprs-expvhceqpmch,"Ports & Piers  - Vehicles, plant, furniture & equipment",EandR1,transahthrbprs,27,Transport
EandR1-transahthrbprs-expint,Ports & Piers  - Intangible fixed assets,EandR1,transahthrbprs,27,Transport
EandR1-transahthrbprs-exptotfa,Ports & Piers  - Total expenditure on fixed assets,EandR1,transahthrbprs,27,Transport
EandR1-transahttll-explndbld,"Tolled Roads, Bridges, Tunnels,Ferries & Public Transport Companies - Acquisition of land & existing buildings",EandR1,transahttll,27,Transport
EandR1-transahttll-expcnscnvrnv,"Tolled Roads, Bridges, Tunnels,Ferries & Public Transport Companies - New construction, conversion & renovation",EandR1,transahttll,27,Transport
EandR1-transahttll-expvhc,"Tolled Roads, Bridges, Tunnels,Ferries & Public Transport Companies - Vehicles",EandR1,transahttll,27,Transport
EandR1-transahttll-expeqpmch,"Tolled Roads, Bridges, Tunnels,Ferries & Public Transport Companies - Plant, furniture & equipment",EandR1,transahttll,27,Transport
EandR1-transahttll-expvhceqpmch,"Tolled Roads, Bridges, Tunnels,Ferries & Public Transport Companies - Vehicles, plant, furniture & equipment",EandR1,transahttll,27,Transport
EandR1-transahttll-expint,"Tolled Roads, Bridges, Tunnels,Ferries & Public Transport Companies - Intangible fixed assets",EandR1,transahttll,27,Transport
EandR1-transahttll-exptotfa,"Tolled Roads, Bridges, Tunnels,Ferries & Public Transport Companies - Total expenditure on fixed assets",EandR1,transahttll,27,Transport
EandR1-transtot-explndbld,Total Highways & Transport - Acquisition of land & existing buildings,EandR1,transtot,41,Transport
EandR1-transtot-expcnscnvrnv,"Total Highways & Transport - New construction, conversion & renovation",EandR1,transtot,41,Transport
EandR1-transtot-expvhc,Total Highways & Transport - Vehicles,EandR1,transtot,41,Transport
EandR1-transtot-expeqpmch,"Total Highways & Transport - Plant, furniture & equipment",EandR1,transtot,41,Transport
EandR1-transtot-expvhceqpmch,"Total Highways & Transport - Vehicles, plant, furniture & equipment",EandR1,transtot,41,Transport
EandR1-transtot-expint,Total Highways & Transport - Intangible fixed assets,EandR1,transtot,41,Transport
EandR1-transtot-exptotfa,Total Highways & Transport - Total expenditure on fixed assets,EandR1,transtot,41,Transport
EandR1-sctot-explndbld,Total Social Care - Acquisition of land & existing buildings,EandR1,sctot,45,Social Care
EandR1-sctot-expcnscnvrnv,"Total Social Care - New construction, conversion & renovation",EandR1,sctot,45,Social Care
EandR1-sctot-expvhc,Total Social Care - Vehicles,EandR1,sctot,45,Social Care
EandR1-sctot-expeqpmch,"Total Social Care - Plant, furniture & equipment",EandR1,sctot,45,Social Care
EandR1-sctot-expvhceqpmch,"Total Social Care - Vehicles, plant, furniture & equipment",EandR1,sctot,45,Social Care
EandR1-sctot-expint,Total Social Care - Intangible fixed assets,EandR1,sctot,45,Social Care
EandR1-sctot-exptotfa,Total Social Care - Total expenditure on fixed assets,EandR1,sctot,45,Social Care
EandR1-phtot-explndbld,Total Public Health  - Acquisition of land & existing buildings,EandR1,phtot,41,Public Health
EandR1-phtot-expcnscnvrnv,"Total Public Health  - New construction, conversion & renovation",EandR1,phtot,41,Public Health
EandR1-phtot-expvhc,Total Public Health  - Vehicles,EandR1,phtot,41,Public Health
EandR1-phtot-expeqpmch,"Total Public Health  - Plant, furniture & equipment",EandR1,phtot,41,Public Health
EandR1-phtot-expvhceqpmch,"Total Public Health  - Vehicles, plant, furniture & equipment",EandR1,phtot,41,Public Health
EandR1-phtot-expint,Total Public Health  - Intangible fixed assets,EandR1,phtot,41,Public Health
EandR1-phtot-exptotfa,Total Public Health  - Total expenditure on fixed assets,EandR1,phtot,41,Public Health
EandR1-houshratot-explndbld,Housing (HRA) - Acquisition of land & existing buildings,EandR1,houshratot,27,Housing
EandR1-houshratot-expcnscnvrnv,"Housing (HRA) - New construction, conversion & renovation",EandR1,houshratot,27,Housing
EandR1-houshratot-expvhc,Housing (HRA) - Vehicles,EandR1,houshratot,27,Housing
EandR1-houshratot-expeqpmch,"Housing (HRA) - Plant, furniture & equipment",EandR1,houshratot,27,Housing
EandR1-houshratot-expvhceqpmch,"Housing (HRA) - Vehicles, plant, furniture & equipment",EandR1,houshratot,27,Housing
EandR1-houshratot-expint,Housing (HRA) - Intangible fixed assets,EandR1,houshratot,27,Housing
EandR1-houshratot-exptotfa,Housing (HRA) - Total expenditure on fixed assets,EandR1,houshratot,27,Housing
EandR1-housgfcftot-explndbld,Housing (non-HRA) - Acquisition of land & existing buildings,EandR1,housgfcftot,27,Housing
EandR1-housgfcftot-expcnscnvrnv,"Housing (non-HRA) - New construction, conversion & renovation",EandR1,housgfcftot,27,Housing
EandR1-housgfcftot-expvhc,Housing (non-HRA) - Vehicles,EandR1,housgfcftot,27,Housing
EandR1-housgfcftot-expeqpmch,"Housing (non-HRA) - Plant, furniture & equipment",EandR1,housgfcftot,27,Housing
EandR1-housgfcftot-expvhceqpmch,"Housing (non-HRA) - Vehicles, plant, furniture & equipment",EandR1,housgfcftot,27,Housing
EandR1-housgfcftot-expint,Housing (non-HRA) - Intangible fixed assets,EandR1,housgfcftot,27,Housing
EandR1-housgfcftot-exptotfa,Housing (non-HRA) - Total expenditure on fixed assets,EandR1,housgfcftot,27,Housing
EandR1-houstot-explndbld,Total Housing - Acquisition of land & existing buildings,EandR1,houstot,43,Housing
EandR1-houstot-expcnscnvrnv,"Total Housing - New construction, conversion & renovation",EandR1,houstot,43,Housing
EandR1-houstot-expvhc,Total Housing - Vehicles,EandR1,houstot,43,Housing
EandR1-houstot-expeqpmch,"Total Housing - Plant, furniture & equipment",EandR1,houstot,43,Housing
EandR1-houstot-expvhceqpmch,"Total Housing - Vehicles, plant, furniture & equipment",EandR1,houstot,43,Housing
EandR1-houstot-expint,Total Housing - Intangible fixed assets,EandR1,houstot,43,Housing
EandR1-houstot-exptotfa,Total Housing - Total expenditure on fixed assets,EandR1,houstot,43,Housing
EandR1-culhrt-explndbld,Culture & Heritage - Acquisition of land & existing buildings,EandR1,culhrt,27,Culture & Leisure (incl. Sport & Open Spaces)
EandR1-culhrt-expcnscnvrnv,"Culture & Heritage - New construction, conversion & renovation",EandR1,culhrt,27,Culture & Leisure (incl. Sport & Open Spaces)
EandR1-culhrt-expvhc,Culture & Heritage - Vehicles,EandR1,culhrt,27,Culture & Leisure (incl. Sport & Open Spaces)
EandR1-culhrt-expeqpmch,"Culture & Heritage - Plant, furniture & equipment",EandR1,culhrt,27,Culture & Leisure (incl. Sport & Open Spaces)
EandR1-culhrt-expvhceqpmch,"Culture & Heritage - Vehicles, plant, furniture & equipment",EandR1,culhrt,27,Culture & Leisure (incl. Sport & Open Spaces)
EandR1-culhrt-expint,Culture & Heritage - Intangible fixed assets,EandR1,culhrt,27,Culture & Leisure (incl. Sport & Open Spaces)
EandR1-culhrt-exptotfa,Culture & Heritage - Total expenditure on fixed assets,EandR1,culhrt,27,Culture & Leisure (incl. Sport & Open Spaces)
EandR1-culspr-explndbld,Recreation & Sport - Acquisition of land & existing buildings,EandR1,culspr,27,Culture & Leisure (incl. Sport & Open Spaces)
EandR1-culspr-expcnscnvrnv,"Recreation & Sport - New construction, conversion & renovation",EandR1,culspr,27,Culture & Leisure (incl. Sport & Open Spaces)
EandR1-culspr-expvhc,Recreation & Sport - Vehicles,EandR1,culspr,27,Culture & Leisure (incl. Sport & Open Spaces)
EandR1-culspr-expeqpmch,"Recreation & Sport - Plant, furniture & equipment",EandR1,culspr,27,Culture & Leisure (incl. Sport & Open Spaces)
EandR1-culspr-expvhceqpmch,"Recreation & Sport - Vehicles, plant, furniture & equipment",EandR1,culspr,27,Culture & Leisure (incl. Sport & Open Spaces)
EandR1-culspr-expint,Recreation & Sport - Intangible fixed assets,EandR1,culspr,27,Culture & Leisure (incl. Sport & Open Spaces)
EandR1-culspr-exptotfa,Recreation & Sport - Total expenditure on fixed assets,EandR1,culspr,27,Culture & Leisure (incl. Sport & Open Spaces)
EandR1-culopn-explndbld,Open Spaces - Acquisition of land & existing buildings,EandR1,culopn,27,Culture & Leisure (incl. Sport & Open Spaces)
EandR1-culopn-expcnscnvrnv,"Open Spaces - New construction, conversion & renovation",EandR1,culopn,27,Culture & Leisure (incl. Sport & Open Spaces)
EandR1-culopn-expvhc,Open Spaces - Vehicles,EandR1,culopn,27,Culture & Leisure (incl. Sport & Open Spaces)
EandR1-culopn-expeqpmch,"Open Spaces - Plant, furniture & equipment",EandR1,culopn,27,Culture & Leisure (incl. Sport & Open Spaces)
EandR1-culopn-expvhceqpmch,"Open Spaces - Vehicles, plant, furniture & equipment",EandR1,culopn,27,Culture & Leisure (incl. Sport & Open Spaces)
EandR1-culopn-expint,Open Spaces - Intangible fixed assets,EandR1,culopn,27,Culture & Leisure (incl. Sport & Open Spaces)
EandR1-culopn-exptotfa,Open Spaces - Total expenditure on fixed assets,EandR1,culopn,27,Culture & Leisure (incl. Sport & Open Spaces)
EandR1-cultrs-explndbld,Tourism - Acquisition of land & existing buildings,EandR1,cultrs,27,Culture & Leisure (incl. Sport & Open Spaces)
EandR1-cultrs-expcnscnvrnv,"Tourism - New construction, conversion & renovation",EandR1,cultrs,27,Culture & Leisure (incl. Sport & Open Spaces)
EandR1-cultrs-expvhc,Tourism - Vehicles,EandR1,cultrs,27,Culture & Leisure (incl. Sport & Open Spaces)
EandR1-cultrs-expeqpmch,"Tourism - Plant, furniture & equipment",EandR1,cultrs,27,Culture & Leisure (incl. Sport & Open Spaces)
EandR1-cultrs-expvhceqpmch,"Tourism - Vehicles, plant, furniture & equipment",EandR1,cultrs,27,Culture & Leisure (incl. Sport & Open Spaces)
EandR1-cultrs-expint,Tourism - Intangible fixed assets,EandR1,cultrs,27,Culture & Leisure (incl. Sport & Open Spaces)
EandR1-cultrs-exptotfa,Tourism - Total expenditure on fixed assets,EandR1,cultrs,27,Culture & Leisure (incl. Sport & Open Spaces)
EandR1-cullib-explndbld,Library Services - Acquisition of land & existing buildings,EandR1,cullib,27,Culture & Leisure (incl. Sport & Open Spaces)
EandR1-cullib-expcnscnvrnv,"Library Services - New construction, conversion & renovation",EandR1,cullib,27,Culture & Leisure (incl. Sport & Open Spaces)
EandR1-cullib-expvhc,Library Services - Vehicles,EandR1,cullib,27,Culture & Leisure (incl. Sport & Open Spaces)
EandR1-cullib-expeqpmch,"Library Services - Plant, furniture & equipment",EandR1,cullib,27,Culture & Leisure (incl. Sport & Open Spaces)
EandR1-cullib-expvhceqpmch,"Library Services - Vehicles, plant, furniture & equipment",EandR1,cullib,27,Culture & Leisure (incl. Sport & Open Spaces)
EandR1-cullib-expint,Library Services - Intangible fixed assets,EandR1,cullib,27,Culture & Leisure (incl. Sport & Open Spaces)
EandR1-cullib-exptotfa,Library Services - Total expenditure on fixed assets,EandR1,cullib,27,Culture & Leisure (incl. Sport & Open Spaces)
EandR1-cultot-explndbld,Total Culture & Related Services - Acquisition of land & existing buildings,EandR1,cultot,41,Culture & Leisure (incl. Sport & Open Spaces)
EandR1-cultot-expcnscnvrnv,"Total Culture & Related Services - New construction, conversion & renovation",EandR1,cultot,41,Culture & Leisure (incl. Sport & Open Spaces)
EandR1-cultot-expvhc,Total Culture & Related Services - Vehicles,EandR1,cultot,41,Culture & Leisure (incl. Sport & Open Spaces)
EandR1-cultot-expeqpmch,"Total Culture & Related Services - Plant, furniture & equipment",EandR1,cultot,41,Culture & Leisure (incl. Sport & Open Spaces)
EandR1-cultot-expvhceqpmch,"Total Culture & Related Services - Vehicles, plant, furniture & equipment",EandR1,cultot,41,Culture & Leisure (incl. Sport & Open Spaces)
EandR1-cultot-expint,Total Culture & Related Services - Intangible fixed assets,EandR1,cultot,41,Culture & Leisure (incl. Sport & Open Spaces)
EandR1-cultot-exptotfa,Total Culture & Related Services - Total expenditure on fixed assets,EandR1,cultot,41,Culture & Leisure (incl. Sport & Open Spaces)
EandR1-envcmt-explndbld,"Cemeteries, Cremation & Mortuary - Acquisition of land & existing buildings",EandR1,envcmt,27,Environment
EandR1-envcmt-expcnscnvrnv,"Cemeteries, Cremation & Mortuary - New construction, conversion & renovation",EandR1,envcmt,27,Environment
EandR1-envcmt-expvhc,"Cemeteries, Cremation & Mortuary - Vehicles",EandR1,envcmt,27,Environment
EandR1-envcmt-expeqpmch,"Cemeteries, Cremation & Mortuary - Plant, furniture & equipment",EandR1,envcmt,27,Environment
EandR1-envcmt-expvhceqpmch,"Cemeteries, Cremation & Mortuary - Vehicles, plant, furniture & equipment",EandR1,envcmt,27,Environment
EandR1-envcmt-expint,"Cemeteries, Cremation & Mortuary - Intangible fixed assets",EandR1,envcmt,27,Environment
EandR1-envcmt-exptotfa,"Cemeteries, Cremation & Mortuary - Total expenditure on fixed assets",EandR1,envcmt,27,Environment
EandR1-envcst-explndbld,Coast Protection - Acquisition of land & existing buildings,EandR1,envcst,27,Environment
EandR1-envcst-expcnscnvrnv,"Coast Protection - New construction, conversion & renovation",EandR1,envcst,27,Environment
EandR1-envcst-expvhc,Coast Protection - Vehicles,EandR1,envcst,27,Environment
EandR1-envcst-expeqpmch,"Coast Protection - Plant, furniture & equipment",EandR1,envcst,27,Environment
EandR1-envcst-expvhceqpmch,"Coast Protection - Vehicles, plant, furniture & equipment",EandR1,envcst,27,Environment
EandR1-envcst-expint,Coast Protection - Intangible fixed assets,EandR1,envcst,27,Environment
EandR1-envcst-exptotfa,Coast Protection - Total expenditure on fixed assets,EandR1,envcst,27,Environment
EandR1-envcmm-explndbld,Community Safety - Acquisition of land & existing buildings,EandR1,envcmm,27,Environment
EandR1-envcmm-expcnscnvrnv,"Community Safety - New construction, conversion & renovation",EandR1,envcmm,27,Environment
EandR1-envcmm-expvhc,Community Safety - Vehicles,EandR1,envcmm,27,Environment
EandR1-envcmm-expeqpmch,"Community Safety - Plant, furniture & equipment",EandR1,envcmm,27,Environment
EandR1-envcmm-expvhceqpmch,"Community Safety - Vehicles, plant, furniture & equipment",EandR1,envcmm,27,Environment
EandR1-envcmm-expint,Community Safety - Intangible fixed assets,EandR1,envcmm,27,Environment
EandR1-envcmm-exptotfa,Community Safety - Total expenditure on fixed assets,EandR1,envcmm,27,Environment
EandR1-envflddrn-explndbld,Flood Defence & Land Drainage - Acquisition of land & existing buildings,EandR1,envflddrn,27,Environment
EandR1-envflddrn-expcnscnvrnv,"Flood Defence & Land Drainage - New construction, conversion & renovation",EandR1,envflddrn,27,Environment
EandR1-envflddrn-expvhc,Flood Defence & Land Drainage - Vehicles,EandR1,envflddrn,27,Environment
EandR1-envflddrn-expeqpmch,"Flood Defence & Land Drainage - Plant, furniture & equipment",EandR1,envflddrn,27,Environment
EandR1-envflddrn-expvhceqpmch,"Flood Defence & Land Drainage - Vehicles, plant, furniture & equipment",EandR1,envflddrn,27,Environment
EandR1-envflddrn-expint,Flood Defence & Land Drainage - Intangible fixed assets,EandR1,envflddrn,27,Environment
EandR1-envflddrn-exptotfa,Flood Defence & Land Drainage - Total expenditure on fixed assets,EandR1,envflddrn,27,Environment
EandR1-envagr-explndbld,Agricultural & Fisheries Services - Acquisition of land & existing buildings,EandR1,envagr,27,Environment
EandR1-envagr-expcnscnvrnv,"Agricultural & Fisheries Services - New construction, conversion & renovation",EandR1,envagr,27,Environment
EandR1-envagr-expvhc,Agricultural & Fisheries Services - Vehicles,EandR1,envagr,27,Environment
EandR1-envagr-expeqpmch,"Agricultural & Fisheries Services - Plant, furniture & equipment",EandR1,envagr,27,Environment
EandR1-envagr-expvhceqpmch,"Agricultural & Fisheries Services - Vehicles, plant, furniture & equipment",EandR1,envagr,27,Environment
EandR1-envagr-expint,Agricultural & Fisheries Services - Intangible fixed assets,EandR1,envagr,27,Environment
EandR1-envagr-exptotfa,Agricultural & Fisheries Services - Total expenditure on fixed assets,EandR1,envagr,27,Environment
EandR1-envrglenv-explndbld,Regulatory Services (Environmental Health) - Acquisition of land & existing buildings,EandR1,envrglenv,27,Environment
EandR1-envrglenv-expcnscnvrnv,"Regulatory Services (Environmental Health) - New construction, conversion & renovation",EandR1,envrglenv,27,Environment
EandR1-envrglenv-expvhc,Regulatory Services (Environmental Health) - Vehicles,EandR1,envrglenv,27,Environment
EandR1-envrglenv-expeqpmch,"Regulatory Services (Environmental Health) - Plant, furniture & equipment",EandR1,envrglenv,27,Environment
EandR1-envrglenv-expvhceqpmch,"Regulatory Services (Environmental Health) - Vehicles, plant, furniture & equipment",EandR1,envrglenv,27,Environment
EandR1-envrglenv-expint,Regulatory Services (Environmental Health) - Intangible fixed assets,EandR1,envrglenv,27,Environment
EandR1-envrglenv-exptotfa,Regulatory Services (Environmental Health) - Total expenditure on fixed assets,EandR1,envrglenv,27,Environment
EandR1-envrgltrd-explndbld,Regulatory Services (Trading Standards) - Acquisition of land & existing buildings,EandR1,envrgltrd,27,Environment
EandR1-envrgltrd-expcnscnvrnv,"Regulatory Services (Trading Standards) - New construction, conversion & renovation",EandR1,envrgltrd,27,Environment
EandR1-envrgltrd-expvhc,Regulatory Services (Trading Standards) - Vehicles,EandR1,envrgltrd,27,Environment
EandR1-envrgltrd-expeqpmch,"Regulatory Services (Trading Standards) - Plant, furniture & equipment",EandR1,envrgltrd,27,Environment
EandR1-envrgltrd-expvhceqpmch,"Regulatory Services (Trading Standards) - Vehicles, plant, furniture & equipment",EandR1,envrgltrd,27,Environment
EandR1-envrgltrd-expint,Regulatory Services (Trading Standards) - Intangible fixed assets,EandR1,envrgltrd,27,Environment
EandR1-envrgltrd-exptotfa,Regulatory Services (Trading Standards) - Total expenditure on fixed assets,EandR1,envrgltrd,27,Environment
EandR1-envstr-explndbld,Street Cleaning (not chargeable to highways) - Acquisition of land & existing buildings,EandR1,envstr,27,Environment
EandR1-envstr-expcnscnvrnv,"Street Cleaning (not chargeable to highways) - New construction, conversion & renovation",EandR1,envstr,27,Environment
EandR1-envstr-expvhc,Street Cleaning (not chargeable to highways) - Vehicles,EandR1,envstr,27,Environment
EandR1-envstr-expeqpmch,"Street Cleaning (not chargeable to highways) - Plant, furniture & equipment",EandR1,envstr,27,Environment
EandR1-envstr-expvhceqpmch,"Street Cleaning (not chargeable to highways) - Vehicles, plant, furniture & equipment",EandR1,envstr,27,Environment
EandR1-envstr-expint,Street Cleaning (not chargeable to highways) - Intangible fixed assets,EandR1,envstr,27,Environment
EandR1-envstr-exptotfa,Street Cleaning (not chargeable to highways) - Total expenditure on fixed assets,EandR1,envstr,27,Environment
EandR1-envcll-explndbld,Waste Collection - Acquisition of land & existing buildings,EandR1,envcll,27,Environment
EandR1-envcll-expcnscnvrnv,"Waste Collection - New construction, conversion & renovation",EandR1,envcll,27,Environment
EandR1-envcll-expvhc,Waste Collection - Vehicles,EandR1,envcll,27,Environment
EandR1-envcll-expeqpmch,"Waste Collection - Plant, furniture & equipment",EandR1,envcll,27,Environment
EandR1-envcll-expvhceqpmch,"Waste Collection - Vehicles, plant, furniture & equipment",EandR1,envcll,27,Environment
EandR1-envcll-expint,Waste Collection - Intangible fixed assets,EandR1,envcll,27,Environment
EandR1-envcll-exptotfa,Waste Collection - Total expenditure on fixed assets,EandR1,envcll,27,Environment
EandR1-envdsp-explndbld,Waste Disposal - Acquisition of land & existing buildings,EandR1,envdsp,27,Environment
EandR1-envdsp-expcnscnvrnv,"Waste Disposal - New construction, conversion & renovation",EandR1,envdsp,27,Environment
EandR1-envdsp-expvhc,Waste Disposal - Vehicles,EandR1,envdsp,27,Environment
EandR1-envdsp-expeqpmch,"Waste Disposal - Plant, furniture & equipment",EandR1,envdsp,27,Environment
EandR1-envdsp-expvhceqpmch,"Waste Disposal - Vehicles, plant, furniture & equipment",EandR1,envdsp,27,Environment
EandR1-envdsp-expint,Waste Disposal - Intangible fixed assets,EandR1,envdsp,27,Environment
EandR1-envdsp-exptotfa,Waste Disposal - Total expenditure on fixed assets,EandR1,envdsp,27,Environment
EandR1-envtrd-explndbld,Trade Waste - Acquisition of land & existing buildings,EandR1,envtrd,27,Environment
EandR1-envtrd-expcnscnvrnv,"Trade Waste - New construction, conversion & renovation",EandR1,envtrd,27,Environment
EandR1-envtrd-expvhc,Trade Waste - Vehicles,EandR1,envtrd,27,Environment
EandR1-envtrd-expeqpmch,"Trade Waste - Plant, furniture & equipment",EandR1,envtrd,27,Environment
EandR1-envtrd-expvhceqpmch,"Trade Waste - Vehicles, plant, furniture & equipment",EandR1,envtrd,27,Environment
EandR1-envtrd-expint,Trade Waste - Intangible fixed assets,EandR1,envtrd,27,Environment
EandR1-envtrd-exptotfa,Trade Waste - Total expenditure on fixed assets,EandR1,envtrd,27,Environment
EandR1-envrcy-explndbld,Recycling - Acquisition of land & existing buildings,EandR1,envrcy,27,Environment
EandR1-envrcy-expcnscnvrnv,"Recycling - New construction, conversion & renovation",EandR1,envrcy,27,Environment
EandR1-envrcy-expvhc,Recycling - Vehicles,EandR1,envrcy,27,Environment
EandR1-envrcy-expeqpmch,"Recycling - Plant, furniture & equipment",EandR1,envrcy,27,Environment
EandR1-envrcy-expvhceqpmch,"Recycling - Vehicles, plant, furniture & equipment",EandR1,envrcy,27,Environment
EandR1-envrcy-expint,Recycling - Intangible fixed assets,EandR1,envrcy,27,Environment
EandR1-envrcy-exptotfa,Recycling - Total expenditure on fixed assets,EandR1,envrcy,27,Environment
EandR1-envmin-explndbld,Waste Minimisation - Acquisition of land & existing buildings,EandR1,envmin,27,Environment
EandR1-envmin-expcnscnvrnv,"Waste Minimisation - New construction, conversion & renovation",EandR1,envmin,27,Environment
EandR1-envmin-expvhc,Waste Minimisation - Vehicles,EandR1,envmin,27,Environment
EandR1-envmin-expeqpmch,"Waste Minimisation - Plant, furniture & equipment",EandR1,envmin,27,Environment
EandR1-envmin-expvhceqpmch,"Waste Minimisation - Vehicles, plant, furniture & equipment",EandR1,envmin,27,Environment
EandR1-envmin-expint,Waste Minimisation - Intangible fixed assets,EandR1,envmin,27,Environment
EandR1-envmin-exptotfa,Waste Minimisation - Total expenditure on fixed assets,EandR1,envmin,27,Environment
EandR1-envclm-explndbld,Climate Change Costs - Acquisition of land & existing buildings,EandR1,envclm,27,Environment
EandR1-envclm-expcnscnvrnv,"Climate Change Costs - New construction, conversion & renovation",EandR1,envclm,27,Environment
EandR1-envclm-expvhc,Climate Change Costs - Vehicles,EandR1,envclm,27,Environment
EandR1-envclm-expeqpmch,"Climate Change Costs - Plant, furniture & equipment",EandR1,envclm,27,Environment
EandR1-envclm-expvhceqpmch,"Climate Change Costs - Vehicles, plant, furniture & equipment",EandR1,envclm,27,Environment
EandR1-envclm-expint,Climate Change Costs - Intangible fixed assets,EandR1,envclm,27,Environment
EandR1-envclm-exptotfa,Climate Change Costs - Total expenditure on fixed assets,EandR1,envclm,27,Environment
EandR1-envtot-explndbld,Total Environmental & Regulatory Services - Acquisition of land & existing buildings,EandR1,envtot,41,Environment
EandR1-envtot-expcnscnvrnv,"Total Environmental & Regulatory Services - New construction, conversion & renovation",EandR1,envtot,41,Environment
EandR1-envtot-expvhc,Total Environmental & Regulatory Services - Vehicles,EandR1,envtot,41,Environment
EandR1-envtot-expeqpmch,"Total Environmental & Regulatory Services - Plant, furniture & equipment",EandR1,envtot,41,Environment
EandR1-envtot-expvhceqpmch,"Total Environmental & Regulatory Services - Vehicles, plant, furniture & equipment",EandR1,envtot,41,Environment
EandR1-envtot-expint,Total Environmental & Regulatory Services - Intangible fixed assets,EandR1,envtot,41,Environment
EandR1-envtot-exptotfa,Total Environmental & Regulatory Services - Total expenditure on fixed assets,EandR1,envtot,41,Environment
EandR1-plantot-explndbld,Total Planning & Development Services - Acquisition of land & existing buildings,EandR1,plantot,41,Planning
EandR1-plantot-expcnscnvrnv,"Total Planning & Development Services - New construction, conversion & renovation",EandR1,plantot,41,Planning
EandR1-plantot-expvhc,Total Planning & Development Services - Vehicles,EandR1,plantot,41,Planning
EandR1-plantot-expeqpmch,"Total Planning & Development Services - Plant, furniture & equipment",EandR1,plantot,41,Planning
EandR1-plantot-expvhceqpmch,"Total Planning & Development Services - Vehicles, plant, furniture & equipment",EandR1,plantot,41,Planning
EandR1-plantot-expint,Total Planning & Development Services - Intangible fixed assets,EandR1,plantot,41,Planning
EandR1-plantot-exptotfa,Total Planning & Development Services - Total expenditure on fixed assets,EandR1,plantot,41,Planning
EandR1-digtot-explndbld,Total Digital Infrastructure - Acquisition of land & existing buildings,EandR1,digtot,41,Digital Infrastructure
EandR1-digtot-expcnscnvrnv,"Total Digital Infrastructure - New construction, conversion & renovation",EandR1,digtot,41,Digital Infrastructure
EandR1-digtot-expvhc,Total Digital Infrastructure - Vehicles,EandR1,digtot,41,Digital Infrastructure
EandR1-digtot-expeqpmch,"Total Digital Infrastructure - Plant, furniture & equipment",EandR1,digtot,41,Digital Infrastructure
EandR1-digtot-expvhceqpmch,"Total Digital Infrastructure - Vehicles, plant, furniture & equipment",EandR1,digtot,41,Digital Infrastructure
EandR1-digtot-expint,Total Digital Infrastructure - Intangible fixed assets,EandR1,digtot,41,Digital Infrastructure
EandR1-digtot-exptotfa,Total Digital Infrastructure - Total expenditure on fixed assets,EandR1,digtot,41,Digital Infrastructure
EandR1-poltot-explndbld,Total Police  - Acquisition of land & existing buildings,EandR1,poltot,41,Police
EandR1-poltot-expcnscnvrnv,"Total Police  - New construction, conversion & renovation",EandR1,poltot,41,Police
EandR1-poltot-expvhc,Total Police  - Vehicles,EandR1,poltot,41,Police
EandR1-poltot-expeqpmch,"Total Police  - Plant, furniture & equipment",EandR1,poltot,41,Police
EandR1-poltot-expvhceqpmch,"Total Police  - Vehicles, plant, furniture & equipment",EandR1,poltot,41,Police
EandR1-poltot-expint,Total Police  - Intangible fixed assets,EandR1,poltot,41,Police
EandR1-poltot-exptotfa,Total Police  - Total expenditure on fixed assets,EandR1,poltot,41,Police
EandR1-frstot-explndbld,Total Fire & Rescue Services - Acquisition of land & existing buildings,EandR1,frstot,41,Fire & Rescue Services
EandR1-frstot-expcnscnvrnv,"Total Fire & Rescue Services - New construction, conversion & renovation",EandR1,frstot,41,Fire & Rescue Services
EandR1-frstot-expvhc,Total Fire & Rescue Services - Vehicles,EandR1,frstot,41,Fire & Rescue Services
EandR1-frstot-expeqpmch,"Total Fire & Rescue Services - Plant, furniture & equipment",EandR1,frstot,41,Fire & Rescue Services
EandR1-frstot-expvhceqpmch,"Total Fire & Rescue Services - Vehicles, plant, furniture & equipment",EandR1,frstot,41,Fire & Rescue Services
EandR1-frstot-expint,Total Fire & Rescue Services - Intangible fixed assets,EandR1,frstot,41,Fire & Rescue Services
EandR1-frstot-exptotfa,Total Fire & Rescue Services - Total expenditure on fixed assets,EandR1,frstot,41,Fire & Rescue Services
EandR1-centot-explndbld,Total Central Services - Acquisition of land & existing buildings,EandR1,centot,41,Central Services
EandR1-centot-expcnscnvrnv,"Total Central Services - New construction, conversion & renovation",EandR1,centot,41,Central Services
EandR1-centot-expvhc,Total Central Services - Vehicles,EandR1,centot,41,Central Services
EandR1-centot-expeqpmch,"Total Central Services - Plant, furniture & equipment",EandR1,centot,41,Central Services
EandR1-centot-expvhceqpmch,"Total Central Services - Vehicles, plant, furniture & equipment",EandR1,centot,41,Central Services
EandR1-centot-expint,Total Central Services - Intangible fixed assets,EandR1,centot,41,Central Services
EandR1-centot-exptotfa,Total Central Services - Total expenditure on fixed assets,EandR1,centot,41,Central Services
EandR1-tradcomhous-explndbld,Commercial housing - Acquisition of land & existing buildings,EandR1,tradcomhous,27,Trading & Commerce
EandR1-tradcomhous-expcnscnvrnv,"Commercial housing - New construction, conversion & renovation",EandR1,tradcomhous,27,Trading & Commerce
EandR1-tradcomhous-expvhc,Commercial housing - Vehicles,EandR1,tradcomhous,27,Trading & Commerce
EandR1-tradcomhous-expeqpmch,"Commercial housing - Plant, furniture & equipment",EandR1,tradcomhous,27,Trading & Commerce
EandR1-tradcomhous-expvhceqpmch,"Commercial housing - Vehicles, plant, furniture & equipment",EandR1,tradcomhous,27,Trading & Commerce
EandR1-tradcomhous-expint,Commercial housing - Intangible fixed assets,EandR1,tradcomhous,27,Trading & Commerce
EandR1-tradcomhous-exptotfa,Commercial housing - Total expenditure on fixed assets,EandR1,tradcomhous,27,Trading & Commerce
EandR1-tradcomreal-explndbld,Other real estate activities - Acquisition of land & existing buildings,EandR1,tradcomreal,27,Trading & Commerce
EandR1-tradcomreal-expcnscnvrnv,"Other real estate activities - New construction, conversion & renovation",EandR1,tradcomreal,27,Trading & Commerce
EandR1-tradcomreal-expvhc,Other real estate activities - Vehicles,EandR1,tradcomreal,27,Trading & Commerce
EandR1-tradcomreal-expeqpmch,"Other real estate activities - Plant, furniture & equipment",EandR1,tradcomreal,27,Trading & Commerce
EandR1-tradcomreal-expvhceqpmch,"Other real estate activities - Vehicles, plant, furniture & equipment",EandR1,tradcomreal,27,Trading & Commerce
EandR1-tradcomreal-expint,Other real estate activities - Intangible fixed assets,EandR1,tradcomreal,27,Trading & Commerce
EandR1-tradcomreal-exptotfa,Other real estate activities - Total expenditure on fixed assets,EandR1,tradcomreal,27,Trading & Commerce
EandR1-tradcomfin-explndbld,Finance & insurance activity - Acquisition of land & existing buildings,EandR1,tradcomfin,27,Trading & Commerce
EandR1-tradcomfin-expcnscnvrnv,"Finance & insurance activity - New construction, conversion & renovation",EandR1,tradcomfin,27,Trading & Commerce
EandR1-tradcomfin-expvhc,Finance & insurance activity - Vehicles,EandR1,tradcomfin,27,Trading & Commerce
EandR1-tradcomfin-expeqpmch,"Finance & insurance activity - Plant, furniture & equipment",EandR1,tradcomfin,27,Trading & Commerce
EandR1-tradcomfin-expvhceqpmch,"Finance & insurance activity - Vehicles, plant, furniture & equipment",EandR1,tradcomfin,27,Trading & Commerce
EandR1-tradcomfin-expint,Finance & insurance activity - Intangible fixed assets,EandR1,tradcomfin,27,Trading & Commerce
EandR1-tradcomfin-exptotfa,Finance & insurance activity - Total expenditure on fixed assets,EandR1,tradcomfin,27,Trading & Commerce
EandR1-tradcomenr-explndbld,Energy generation & supply - Acquisition of land & existing buildings,EandR1,tradcomenr,27,Trading & Commerce
EandR1-tradcomenr-expcnscnvrnv,"Energy generation & supply - New construction, conversion & renovation",EandR1,tradcomenr,27,Trading & Commerce
EandR1-tradcomenr-expvhc,Energy generation & supply - Vehicles,EandR1,tradcomenr,27,Trading & Commerce
EandR1-tradcomenr-expeqpmch,"Energy generation & supply - Plant, furniture & equipment",EandR1,tradcomenr,27,Trading & Commerce
EandR1-tradcomenr-expvhceqpmch,"Energy generation & supply - Vehicles, plant, furniture & equipment",EandR1,tradcomenr,27,Trading & Commerce
EandR1-tradcomenr-expint,Energy generation & supply - Intangible fixed assets,EandR1,tradcomenr,27,Trading & Commerce
EandR1-tradcomenr-exptotfa,Energy generation & supply - Total expenditure on fixed assets,EandR1,tradcomenr,27,Trading & Commerce
EandR1-tradcomwtr-explndbld,"Water supply, sewerage & remediation - Acquisition of land & existing buildings",EandR1,tradcomwtr,27,Trading & Commerce
EandR1-tradcomwtr-expcnscnvrnv,"Water supply, sewerage & remediation - New construction, conversion & renovation",EandR1,tradcomwtr,27,Trading & Commerce
EandR1-tradcomwtr-expvhc,"Water supply, sewerage & remediation - Vehicles",EandR1,tradcomwtr,27,Trading & Commerce
EandR1-tradcomwtr-expeqpmch,"Water supply, sewerage & remediation - Plant, furniture & equipment",EandR1,tradcomwtr,27,Trading & Commerce
EandR1-tradcomwtr-expvhceqpmch,"Water supply, sewerage & remediation - Vehicles, plant, furniture & equipment",EandR1,tradcomwtr,27,Trading & Commerce
EandR1-tradcomwtr-expint,"Water supply, sewerage & remediation - Intangible fixed assets",EandR1,tradcomwtr,27,Trading & Commerce
EandR1-tradcomwtr-exptotfa,"Water supply, sewerage & remediation - Total expenditure on fixed assets",EandR1,tradcomwtr,27,Trading & Commerce
EandR1-tradcomhsp-explndbld,Hospitality & catering - Acquisition of land & existing buildings,EandR1,tradcomhsp,27,Trading & Commerce
EandR1-tradcomhsp-expcnscnvrnv,"Hospitality & catering - New construction, conversion & renovation",EandR1,tradcomhsp,27,Trading & Commerce
EandR1-tradcomhsp-expvhc,Hospitality & catering - Vehicles,EandR1,tradcomhsp,27,Trading & Commerce
EandR1-tradcomhsp-expeqpmch,"Hospitality & catering - Plant, furniture & equipment",EandR1,tradcomhsp,27,Trading & Commerce
EandR1-tradcomhsp-expvhceqpmch,"Hospitality & catering - Vehicles, plant, furniture & equipment",EandR1,tradcomhsp,27,Trading & Commerce
EandR1-tradcomhsp-expint,Hospitality & catering - Intangible fixed assets,EandR1,tradcomhsp,27,Trading & Commerce
EandR1-tradcomhsp-exptotfa,Hospitality & catering - Total expenditure on fixed assets,EandR1,tradcomhsp,27,Trading & Commerce
EandR1-tradcomoth-explndbld,Other commercial activity - Acquisition of land & existing buildings,EandR1,tradcomoth,27,Trading & Commerce
EandR1-tradcomoth-expcnscnvrnv,"Other commercial activity - New construction, conversion & renovation",EandR1,tradcomoth,27,Trading & Commerce
EandR1-tradcomoth-expvhc,Other commercial activity - Vehicles,EandR1,tradcomoth,27,Trading & Commerce
EandR1-tradcomoth-expeqpmch,"Other commercial activity - Plant, furniture & equipment",EandR1,tradcomoth,27,Trading & Commerce
EandR1-tradcomoth-expvhceqpmch,"Other commercial activity - Vehicles, plant, furniture & equipment",EandR1,tradcomoth,27,Trading & Commerce
EandR1-tradcomoth-expint,Other commercial activity - Intangible fixed assets,EandR1,tradcomoth,27,Trading & Commerce
EandR1-tradcomoth-exptotfa,Other commercial activity - Total expenditure on fixed assets,EandR1,tradcomoth,27,Trading & Commerce
EandR1-tradcomtot-explndbld,Total Industrial & Commercial Trading - Acquisition of land & existing buildings,EandR1,tradcomtot,27,Trading & Commerce
EandR1-tradcomtot-expcnscnvrnv,"Total Industrial & Commercial Trading - New construction, conversion & renovation",EandR1,tradcomtot,27,Trading & Commerce
EandR1-tradcomtot-expvhc,Total Industrial & Commercial Trading - Vehicles,EandR1,tradcomtot,27,Trading & Commerce
EandR1-tradcomtot-expeqpmch,"Total Industrial & Commercial Trading - Plant, furniture & equipment",EandR1,tradcomtot,27,Trading & Commerce
EandR1-tradcomtot-expvhceqpmch,"Total Industrial & Commercial Trading - Vehicles, plant, furniture & equipment",EandR1,tradcomtot,27,Trading & Commerce
EandR1-tradcomtot-expint,Total Industrial & Commercial Trading - Intangible fixed assets,EandR1,tradcomtot,27,Trading & Commerce
EandR1-tradcomtot-exptotfa,Total Industrial & Commercial Trading - Total expenditure on fixed assets,EandR1,tradcomtot,27,Trading & Commerce
EandR1-tradoth-explndbld,Other Trading - Acquisition of land & existing buildings,EandR1,tradoth,27,Trading
EandR1-tradoth-expcnscnvrnv,"Other Trading - New construction, conversion & renovation",EandR1,tradoth,27,Trading
EandR1-tradoth-expvhc,Other Trading - Vehicles,EandR1,tradoth,27,Trading
EandR1-tradoth-expeqpmch,"Other Trading - Plant, furniture & equipment",EandR1,tradoth,27,Trading
EandR1-tradoth-expvhceqpmch,"Other Trading - Vehicles, plant, furniture & equipment",EandR1,tradoth,27,Trading
EandR1-tradoth-expint,Other Trading - Intangible fixed assets,EandR1,tradoth,27,Trading
EandR1-tradoth-exptotfa,Other Trading - Total expenditure on fixed assets,EandR1,tradoth,27,Trading
EandR1-tradtot-explndbld,Total Trading Services - Acquisition of land & existing buildings,EandR1,tradtot,41,Trading
EandR1-tradtot-expcnscnvrnv,"Total Trading Services - New construction, conversion & renovation",EandR1,tradtot,41,Trading
EandR1-tradtot-expvhc,Total Trading Services - Vehicles,EandR1,tradtot,41,Trading
EandR1-tradtot-expeqpmch,"Total Trading Services - Plant, furniture & equipment",EandR1,tradtot,41,Trading
EandR1-tradtot-expvhceqpmch,"Total Trading Services - Vehicles, plant, furniture & equipment",EandR1,tradtot,41,Trading
EandR1-tradtot-expint,Total Trading Services - Intangible fixed assets,EandR1,tradtot,41,Trading
EandR1-tradtot-exptotfa,Total Trading Services - Total expenditure on fixed assets,EandR1,tradtot,41,Trading
EandR1-alltot-explndbld,All Services Total - Acquisition of land & existing buildings,EandR1,alltot,43,All Services
EandR1-alltot-expcnscnvrnv,"All Services Total - New construction, conversion & renovation",EandR1,alltot,43,All Services
EandR1-alltot-expvhc,All Services Total - Vehicles,EandR1,alltot,43,All Services
EandR1-alltot-expeqpmch,"All Services Total - Plant, furniture & equipment",EandR1,alltot,43,All Services
EandR1-alltot-expvhceqpmch,"All Services Total - Vehicles, plant, furniture & equipment",EandR1,alltot,43,All Services
EandR1-alltot-expint,All Services Total - Intangible fixed assets,EandR1,alltot,43,All Services
EandR1-alltot-exptotfa,All Services Total - Total expenditure on fixed assets,EandR1,alltot,43,All Services
EandR1-eduerlprm-expgrn,Early Years & Primary Schools - Grants,EandR1,eduerlprm,27,Education
EandR1-eduerlprm-expgrnla,"Early Years & Primary Schools - Grants, of which to other local authorities",EandR1,eduerlprm,27,Education
EandR1-eduerlprm-expgrngla,"Early Years & Primary Schools - Grants, of which within GLA group",EandR1,eduerlprm,27,Education
EandR1-eduerlprm-expgrnoth,"Early Years & Primary Schools - Grants, excluding to local authorities",EandR1,eduerlprm,27,Education
EandR1-eduerlprm-explns,Early Years & Primary Schools - Loans or other financial assistance,EandR1,eduerlprm,27,Education
EandR1-eduerlprm-explnsla,"Early Years & Primary Schools - Loans or other financial assistance, of which to other local authorities",EandR1,eduerlprm,27,Education
EandR1-eduerlprm-explnsgla,"Early Years & Primary Schools - Loans or other financial assistance, of which within GLA group",EandR1,eduerlprm,27,Education
EandR1-eduerlprm-explnsoth,"Early Years & Primary Schools - Loans or other financial assistance, excluding to local authorities",EandR1,eduerlprm,27,Education
EandR1-eduerlprm-expshrlns,Early Years & Primary Schools - Acquisition of share or loan capital,EandR1,eduerlprm,27,Education
EandR1-eduerlprm-expshrlnsgla,"Early Years & Primary Schools - Acquisition of share or loan capital, of which within GLA group",EandR1,eduerlprm,27,Education
EandR1-eduerlprm-expshrlnsoth,"Early Years & Primary Schools - Acquisition of share or loan capital, of which other",EandR1,eduerlprm,27,Education
EandR1-eduerlprm-exptotfin,Early Years & Primary Schools - Total financial expenditure,EandR1,eduerlprm,27,Education
EandR1-eduscn-expgrn,Secondary Schools - Grants,EandR1,eduscn,27,Education
EandR1-eduscn-expgrnla,"Secondary Schools - Grants, of which to other local authorities",EandR1,eduscn,27,Education
EandR1-eduscn-expgrngla,"Secondary Schools - Grants, of which within GLA group",EandR1,eduscn,27,Education
EandR1-eduscn-expgrnoth,"Secondary Schools - Grants, excluding to local authorities",EandR1,eduscn,27,Education
EandR1-eduscn-explns,Secondary Schools - Loans or other financial assistance,EandR1,eduscn,27,Education
EandR1-eduscn-explnsla,"Secondary Schools - Loans or other financial assistance, of which to other local authorities",EandR1,eduscn,27,Education
EandR1-eduscn-explnsgla,"Secondary Schools - Loans or other financial assistance, of which within GLA group",EandR1,eduscn,27,Education
EandR1-eduscn-explnsoth,"Secondary Schools - Loans or other financial assistance, excluding to local authorities",EandR1,eduscn,27,Education
EandR1-eduscn-expshrlns,Secondary Schools - Acquisition of share or loan capital,EandR1,eduscn,27,Education
EandR1-eduscn-expshrlnsgla,"Secondary Schools - Acquisition of share or loan capital, of which within GLA group",EandR1,eduscn,27,Education
EandR1-eduscn-expshrlnsoth,"Secondary Schools - Acquisition of share or loan capital, of which other",EandR1,eduscn,27,Education
EandR1-eduscn-exptotfin,Secondary Schools - Total financial expenditure,EandR1,eduscn,27,Education
EandR1-eduspc-expgrn,Special Schools & Alternative Provision - Grants,EandR1,eduspc,27,Education
EandR1-eduspc-expgrnla,"Special Schools & Alternative Provision - Grants, of which to other local authorities",EandR1,eduspc,27,Education
EandR1-eduspc-expgrngla,"Special Schools & Alternative Provision - Grants, of which within GLA group",EandR1,eduspc,27,Education
EandR1-eduspc-expgrnoth,"Special Schools & Alternative Provision - Grants, excluding to local authorities",EandR1,eduspc,27,Education
EandR1-eduspc-explns,Special Schools & Alternative Provision - Loans or other financial assistance,EandR1,eduspc,27,Education
EandR1-eduspc-explnsla,"Special Schools & Alternative Provision - Loans or other financial assistance, of which to other local authorities",EandR1,eduspc,27,Education
EandR1-eduspc-explnsgla,"Special Schools & Alternative Provision - Loans or other financial assistance, of which within GLA group",EandR1,eduspc,27,Education
EandR1-eduspc-explnsoth,"Special Schools & Alternative Provision - Loans or other financial assistance, excluding to local authorities",EandR1,eduspc,27,Education
EandR1-eduspc-expshrlns,Special Schools & Alternative Provision - Acquisition of share or loan capital,EandR1,eduspc,27,Education
EandR1-eduspc-expshrlnsgla,"Special Schools & Alternative Provision - Acquisition of share or loan capital, of which within GLA group",EandR1,eduspc,27,Education
EandR1-eduspc-expshrlnsoth,"Special Schools & Alternative Provision - Acquisition of share or loan capital, of which other",EandR1,eduspc,27,Education
EandR1-eduspc-exptotfin,Special Schools & Alternative Provision - Total financial expenditure,EandR1,eduspc,27,Education
EandR1-edupstoth-expgrn,Post-16 Provision & Other Education - Grants,EandR1,edupstoth,27,Education
EandR1-edupstoth-expgrnla,"Post-16 Provision & Other Education - Grants, of which to other local authorities",EandR1,edupstoth,27,Education
EandR1-edupstoth-expgrngla,"Post-16 Provision & Other Education - Grants, of which within GLA group",EandR1,edupstoth,27,Education
EandR1-edupstoth-expgrnoth,"Post-16 Provision & Other Education - Grants, excluding to local authorities",EandR1,edupstoth,27,Education
EandR1-edupstoth-explns,Post-16 Provision & Other Education - Loans or other financial assistance,EandR1,edupstoth,27,Education
EandR1-edupstoth-explnsla,"Post-16 Provision & Other Education - Loans or other financial assistance, of which to other local authorities",EandR1,edupstoth,27,Education
EandR1-edupstoth-explnsgla,"Post-16 Provision & Other Education - Loans or other financial assistance, of which within GLA group",EandR1,edupstoth,27,Education
EandR1-edupstoth-explnsoth,"Post-16 Provision & Other Education - Loans or other financial assistance, excluding to local authorities",EandR1,edupstoth,27,Education
EandR1-edupstoth-expshrlns,Post-16 Provision & Other Education - Acquisition of share or loan capital,EandR1,edupstoth,27,Education
EandR1-edupstoth-expshrlnsgla,"Post-16 Provision & Other Education - Acquisition of share or loan capital, of which within GLA group",EandR1,edupstoth,27,Education
EandR1-edupstoth-expshrlnsoth,"Post-16 Provision & Other Education - Acquisition of share or loan capital, of which other",EandR1,edupstoth,27,Education
EandR1-edupstoth-exptotfin,Post-16 Provision & Other Education - Total financial expenditure,EandR1,edupstoth,27,Education
EandR1-edutot-expgrn,Total Education - Grants,EandR1,edutot,41,Education
EandR1-edutot-expgrnla,"Total Education - Grants, of which to other local authorities",EandR1,edutot,41,Education
EandR1-edutot-expgrngla,"Total Education - Grants, of which within GLA group",EandR1,edutot,41,Education
EandR1-edutot-expgrnoth,"Total Education - Grants, excluding to local authorities",EandR1,edutot,41,Education
EandR1-edutot-explns,Total Education - Loans or other financial assistance,EandR1,edutot,41,Education
EandR1-edutot-explnsla,"Total Education - Loans or other financial assistance, of which to other local authorities",EandR1,edutot,41,Education
EandR1-edutot-explnsgla,"Total Education - Loans or other financial assistance, of which within GLA group",EandR1,edutot,41,Education
EandR1-edutot-explnsoth,"Total Education - Loans or other financial assistance, excluding to local authorities",EandR1,edutot,41,Education
EandR1-edutot-expshrlns,Total Education - Acquisition of share or loan capital,EandR1,edutot,41,Education
EandR1-edutot-expshrlnsgla,"Total Education - Acquisition of share or loan capital, of which within GLA group",EandR1,edutot,41,Education
EandR1-edutot-expshrlnsoth,"Total Education - Acquisition of share or loan capital, of which other",EandR1,edutot,41,Education
EandR1-edutot-exptotfin,Total Education - Total financial expenditure,EandR1,edutot,41,Education
EandR1-transrds-expgrn,"Roads, Street Lighting & Road Safety - Grants",EandR1,transrds,34,Transport
EandR1-transrds-expgrnla,"Roads, Street Lighting & Road Safety - Grants, of which to other local authorities",EandR1,transrds,34,Transport
EandR1-transrds-expgrngla,"Roads, Street Lighting & Road Safety - Grants, of which within GLA group",EandR1,transrds,34,Transport
EandR1-transrds-expgrnoth,"Roads, Street Lighting & Road Safety - Grants, excluding to local authorities",EandR1,transrds,34,Transport
EandR1-transrds-explns,"Roads, Street Lighting & Road Safety - Loans or other financial assistance",EandR1,transrds,34,Transport
EandR1-transrds-explnsla,"Roads, Street Lighting & Road Safety - Loans or other financial assistance, of which to other local authorities",EandR1,transrds,34,Transport
EandR1-transrds-explnsgla,"Roads, Street Lighting & Road Safety - Loans or other financial assistance, of which within GLA group",EandR1,transrds,34,Transport
EandR1-transrds-explnsoth,"Roads, Street Lighting & Road Safety - Loans or other financial assistance, excluding to local authorities",EandR1,transrds,34,Transport
EandR1-transrds-expshrlns,"Roads, Street Lighting & Road Safety - Acquisition of share or loan capital",EandR1,transrds,34,Transport
EandR1-transrds-expshrlnsgla,"Roads, Street Lighting & Road Safety - Acquisition of share or loan capital, of which within GLA group",EandR1,transrds,34,Transport
EandR1-transrds-expshrlnsoth,"Roads, Street Lighting & Road Safety - Acquisition of share or loan capital, of which other",EandR1,transrds,34,Transport
EandR1-transrds-exptotfin,"Roads, Street Lighting & Road Safety - Total financial expenditure",EandR1,transrds,34,Transport
EandR1-transprk-expgrn,Parking - Grants,EandR1,transprk,27,Transport
EandR1-transprk-expgrnla,"Parking - Grants, of which to other local authorities",EandR1,transprk,27,Transport
EandR1-transprk-expgrngla,"Parking - Grants, of which within GLA group",EandR1,transprk,27,Transport
EandR1-transprk-expgrnoth,"Parking - Grants, excluding to local authorities",EandR1,transprk,27,Transport
EandR1-transprk-explns,Parking - Loans or other financial assistance,EandR1,transprk,27,Transport
EandR1-transprk-explnsla,"Parking - Loans or other financial assistance, of which to other local authorities",EandR1,transprk,27,Transport
EandR1-transprk-explnsgla,"Parking - Loans or other financial assistance, of which within GLA group",EandR1,transprk,27,Transport
EandR1-transprk-explnsoth,"Parking - Loans or other financial assistance, excluding to local authorities",EandR1,transprk,27,Transport
EandR1-transprk-expshrlns,Parking - Acquisition of share or loan capital,EandR1,transprk,27,Transport
EandR1-transprk-expshrlnsgla,"Parking - Acquisition of share or loan capital, of which within GLA group",EandR1,transprk,27,Transport
EandR1-transprk-expshrlnsoth,"Parking - Acquisition of share or loan capital, of which other",EandR1,transprk,27,Transport
EandR1-transprk-exptotfin,Parking - Total financial expenditure,EandR1,transprk,27,Transport
EandR1-transpblbus-expgrn,Public Transport (Bus) - Grants,EandR1,transpblbus,27,Transport
EandR1-transpblbus-expgrnla,"Public Transport (Bus) - Grants, of which to other local authorities",EandR1,transpblbus,27,Transport
EandR1-transpblbus-expgrngla,"Public Transport (Bus) - Grants, of which within GLA group",EandR1,transpblbus,27,Transport
EandR1-transpblbus-expgrnoth,"Public Transport (Bus) - Grants, excluding to local authorities",EandR1,transpblbus,27,Transport
EandR1-transpblbus-explns,Public Transport (Bus) - Loans or other financial assistance,EandR1,transpblbus,27,Transport
EandR1-transpblbus-explnsla,"Public Transport (Bus) - Loans or other financial assistance, of which to other local authorities",EandR1,transpblbus,27,Transport
EandR1-transpblbus-explnsgla,"Public Transport (Bus) - Loans or other financial assistance, of which within GLA group",EandR1,transpblbus,27,Transport
EandR1-transpblbus-explnsoth,"Public Transport (Bus) - Loans or other financial assistance, excluding to local authorities",EandR1,transpblbus,27,Transport
EandR1-transpblbus-expshrlns,Public Transport (Bus) - Acquisition of share or loan capital,EandR1,transpblbus,27,Transport
EandR1-transpblbus-expshrlnsgla,"Public Transport (Bus) - Acquisition of share or loan capital, of which within GLA group",EandR1,transpblbus,27,Transport
EandR1-transpblbus-expshrlnsoth,"Public Transport (Bus) - Acquisition of share or loan capital, of which other",EandR1,transpblbus,27,Transport
EandR1-transpblbus-exptotfin,Public Transport (Bus) - Total financial expenditure,EandR1,transpblbus,27,Transport
EandR1-transpblrail-expgrn,Public Transport (Rail & Other) - Grants,EandR1,transpblrail,27,Transport
EandR1-transpblrail-expgrnla,"Public Transport (Rail & Other) - Grants, of which to other local authorities",EandR1,transpblrail,27,Transport
EandR1-transpblrail-expgrngla,"Public Transport (Rail & Other) - Grants, of which within GLA group",EandR1,transpblrail,27,Transport
EandR1-transpblrail-expgrnoth,"Public Transport (Rail & Other) - Grants, excluding to local authorities",EandR1,transpblrail,27,Transport
EandR1-transpblrail-explns,Public Transport (Rail & Other) - Loans or other financial assistance,EandR1,transpblrail,27,Transport
EandR1-transpblrail-explnsla,"Public Transport (Rail & Other) - Loans or other financial assistance, of which to other local authorities",EandR1,transpblrail,27,Transport
EandR1-transpblrail-explnsgla,"Public Transport (Rail & Other) - Loans or other financial assistance, of which within GLA group",EandR1,transpblrail,27,Transport
EandR1-transpblrail-explnsoth,"Public Transport (Rail & Other) - Loans or other financial assistance, excluding to local authorities",EandR1,transpblrail,27,Transport
EandR1-transpblrail-expshrlns,Public Transport (Rail & Other) - Acquisition of share or loan capital,EandR1,transpblrail,27,Transport
EandR1-transpblrail-expshrlnsgla,"Public Transport (Rail & Other) - Acquisition of share or loan capital, of which within GLA group",EandR1,transpblrail,27,Transport
EandR1-transpblrail-expshrlnsoth,"Public Transport (Rail & Other) - Acquisition of share or loan capital, of which other",EandR1,transpblrail,27,Transport
EandR1-transpblrail-exptotfin,Public Transport (Rail & Other) - Total financial expenditure,EandR1,transpblrail,27,Transport
EandR1-transahtarp-expgrn,Airports - Grants,EandR1,transahtarp,27,Transport
EandR1-transahtarp-expgrnla,"Airports - Grants, of which to other local authorities",EandR1,transahtarp,27,Transport
EandR1-transahtarp-expgrngla,"Airports - Grants, of which within GLA group",EandR1,transahtarp,27,Transport
EandR1-transahtarp-expgrnoth,"Airports - Grants, excluding to local authorities",EandR1,transahtarp,27,Transport
EandR1-transahtarp-explns,Airports - Loans or other financial assistance,EandR1,transahtarp,27,Transport
EandR1-transahtarp-explnsla,"Airports - Loans or other financial assistance, of which to other local authorities",EandR1,transahtarp,27,Transport
EandR1-transahtarp-explnsgla,"Airports - Loans or other financial assistance, of which within GLA group",EandR1,transahtarp,27,Transport
EandR1-transahtarp-explnsoth,"Airports - Loans or other financial assistance, excluding to local authorities",EandR1,transahtarp,27,Transport
EandR1-transahtarp-expshrlns,Airports - Acquisition of share or loan capital,EandR1,transahtarp,27,Transport
EandR1-transahtarp-expshrlnsgla,"Airports - Acquisition of share or loan capital, of which within GLA group",EandR1,transahtarp,27,Transport
EandR1-transahtarp-expshrlnsoth,"Airports - Acquisition of share or loan capital, of which other",EandR1,transahtarp,27,Transport
EandR1-transahtarp-exptotfin,Airports - Total financial expenditure,EandR1,transahtarp,27,Transport
EandR1-transahthrbprs-expgrn,Ports & Piers  - Grants,EandR1,transahthrbprs,27,Transport
EandR1-transahthrbprs-expgrnla,"Ports & Piers  - Grants, of which to other local authorities",EandR1,transahthrbprs,27,Transport
EandR1-transahthrbprs-expgrngla,"Ports & Piers  - Grants, of which within GLA group",EandR1,transahthrbprs,27,Transport
EandR1-transahthrbprs-expgrnoth,"Ports & Piers  - Grants, excluding to local authorities",EandR1,transahthrbprs,27,Transport
EandR1-transahthrbprs-explns,Ports & Piers  - Loans or other financial assistance,EandR1,transahthrbprs,27,Transport
EandR1-transahthrbprs-explnsla,"Ports & Piers  - Loans or other financial assistance, of which to other local authorities",EandR1,transahthrbprs,27,Transport
EandR1-transahthrbprs-explnsgla,"Ports & Piers  - Loans or other financial assistance, of which within GLA group",EandR1,transahthrbprs,27,Transport
EandR1-transahthrbprs-explnsoth,"Ports & Piers  - Loans or other financial assistance, excluding to local authorities",EandR1,transahthrbprs,27,Transport
EandR1-transahthrbprs-expshrlns,Ports & Piers  - Acquisition of share or loan capital,EandR1,transahthrbprs,27,Transport
EandR1-transahthrbprs-expshrlnsgla,"Ports & Piers  - Acquisition of share or loan capital, of which within GLA group",EandR1,transahthrbprs,27,Transport
EandR1-transahthrbprs-expshrlnsoth,"Ports & Piers  - Acquisition of share or loan capital, of which other",EandR1,transahthrbprs,27,Transport
EandR1-transahthrbprs-exptotfin,Ports & Piers  - Total financial expenditure,EandR1,transahthrbprs,27,Transport
EandR1-transahttll-expgrn,"Tolled Roads, Bridges, Tunnels,Ferries & Public Transport Companies - Grants",EandR1,transahttll,27,Transport
EandR1-transahttll-expgrnla,"Tolled Roads, Bridges, Tunnels,Ferries & Public Transport Companies - Grants, of which to other local authorities",EandR1,transahttll,27,Transport
EandR1-transahttll-expgrngla,"Tolled Roads, Bridges, Tunnels,Ferries & Public Transport Companies - Grants, of which within GLA group",EandR1,transahttll,27,Transport
EandR1-transahttll-expgrnoth,"Tolled Roads, Bridges, Tunnels,Ferries & Public Transport Companies - Grants, excluding to local authorities",EandR1,transahttll,27,Transport
EandR1-transahttll-explns,"Tolled Roads, Bridges, Tunnels,Ferries & Public Transport Companies - Loans or other financial assistance",EandR1,transahttll,27,Transport
EandR1-transahttll-explnsla,"Tolled Roads, Bridges, Tunnels,Ferries & Public Transport Companies - Loans or other financial assistance, of which to other local authorities",EandR1,transahttll,27,Transport
EandR1-transahttll-explnsgla,"Tolled Roads, Bridges, Tunnels,Ferries & Public Transport Companies - Loans or other financial assistance, of which within GLA group",EandR1,transahttll,27,Transport
EandR1-transahttll-explnsoth,"Tolled Roads, Bridges, Tunnels,Ferries & Public Transport Companies - Loans or other financial assistance, excluding to local authorities",EandR1,transahttll,27,Transport
EandR1-transahttll-expshrlns,"Tolled Roads, Bridges, Tunnels,Ferries & Public Transport Companies - Acquisition of share or loan capital",EandR1,transahttll,27,Transport
EandR1-transahttll-expshrlnsgla,"Tolled Roads, Bridges, Tunnels,Ferries & Public Transport Companies - Acquisition of share or loan capital, of which within GLA group",EandR1,transahttll,27,Transport
EandR1-transahttll-expshrlnsoth,"Tolled Roads, Bridges, Tunnels,Ferries & Public Transport Companies - Acquisition of share or loan capital, of which other",EandR1,transahttll,27,Transport
EandR1-transahttll-exptotfin,"Tolled Roads, Bridges, Tunnels,Ferries & Public Transport Companies - Total financial expenditure",EandR1,transahttll,27,Transport
EandR1-transtot-expgrn,Total Highways & Transport - Grants,EandR1,transtot,41,Transport
EandR1-transtot-expgrnla,"Total Highways & Transport - Grants, of which to other local authorities",EandR1,transtot,41,Transport
EandR1-transtot-expgrngla,"Total Highways & Transport - Grants, of which within GLA group",EandR1,transtot,41,Transport
EandR1-transtot-expgrnoth,"Total Highways & Transport - Grants, excluding to local authorities",EandR1,transtot,41,Transport
EandR1-transtot-explns,Total Highways & Transport - Loans or other financial assistance,EandR1,transtot,41,Transport
EandR1-transtot-explnsla,"Total Highways & Transport - Loans or other financial assistance, of which to other local authorities",EandR1,transtot,41,Transport
EandR1-transtot-explnsgla,"Total Highways & Transport - Loans or other financial assistance, of which within GLA group",EandR1,transtot,41,Transport
EandR1-transtot-explnsoth,"Total Highways & Transport - Loans or other financial assistance, excluding to local authorities",EandR1,transtot,41,Transport
EandR1-transtot-expshrlns,Total Highways & Transport - Acquisition of share or loan capital,EandR1,transtot,41,Transport
EandR1-transtot-expshrlnsgla,"Total Highways & Transport - Acquisition of share or loan capital, of which within GLA group",EandR1,transtot,41,Transport
EandR1-transtot-expshrlnsoth,"Total Highways & Transport - Acquisition of share or loan capital, of which other",EandR1,transtot,41,Transport
EandR1-transtot-exptotfin,Total Highways & Transport - Total financial expenditure,EandR1,transtot,41,Transport
EandR1-sctot-expgrn,Total Social Care - Grants,EandR1,sctot,45,Social Care
EandR1-sctot-expgrnla,"Total Social Care - Grants, of which to other local authorities",EandR1,sctot,45,Social Care
EandR1-sctot-expgrngla,"Total Social Care - Grants, of which within GLA group",EandR1,sctot,45,Social Care
EandR1-sctot-expgrnoth,"Total Social Care - Grants, excluding to local authorities",EandR1,sctot,45,Social Care
EandR1-sctot-explns,Total Social Care - Loans or other financial assistance,EandR1,sctot,45,Social Care
EandR1-sctot-explnsla,"Total Social Care - Loans or other financial assistance, of which to other local authorities",EandR1,sctot,45,Social Care
EandR1-sctot-explnsgla,"Total Social Care - Loans or other financial assistance, of which within GLA group",EandR1,sctot,45,Social Care
EandR1-sctot-explnsoth,"Total Social Care - Loans or other financial assistance, excluding to local authorities",EandR1,sctot,45,Social Care
EandR1-sctot-expshrlns,Total Social Care - Acquisition of share or loan capital,EandR1,sctot,45,Social Care
EandR1-sctot-expshrlnsgla,"Total Social Care - Acquisition of share or loan capital, of which within GLA group",EandR1,sctot,45,Social Care
EandR1-sctot-expshrlnsoth,"Total Social Care - Acquisition of share or loan capital, of which other",EandR1,sctot,45,Social Care
EandR1-sctot-exptotfin,Total Social Care - Total financial expenditure,EandR1,sctot,45,Social Care
EandR1-phtot-expgrn,Total Public Health  - Grants,EandR1,phtot,41,Public Health
EandR1-phtot-expgrnla,"Total Public Health  - Grants, of which to other local authorities",EandR1,phtot,41,Public Health
EandR1-phtot-expgrngla,"Total Public Health  - Grants, of which within GLA group",EandR1,phtot,41,Public Health
EandR1-phtot-expgrnoth,"Total Public Health  - Grants, excluding to local authorities",EandR1,phtot,41,Public Health
EandR1-phtot-explns,Total Public Health  - Loans or other financial assistance,EandR1,phtot,41,Public Health
EandR1-phtot-explnsla,"Total Public Health  - Loans or other financial assistance, of which to other local authorities",EandR1,phtot,41,Public Health
EandR1-phtot-explnsgla,"Total Public Health  - Loans or other financial assistance, of which within GLA group",EandR1,phtot,41,Public Health
EandR1-phtot-explnsoth,"Total Public Health  - Loans or other financial assistance, excluding to local authorities",EandR1,phtot,41,Public Health
EandR1-phtot-expshrlns,Total Public Health  - Acquisition of share or loan capital,EandR1,phtot,41,Public Health
EandR1-phtot-expshrlnsgla,"Total Public Health  - Acquisition of share or loan capital, of which within GLA group",EandR1,phtot,41,Public Health
EandR1-phtot-expshrlnsoth,"Total Public Health  - Acquisition of share or loan capital, of which other",EandR1,phtot,41,Public Health
EandR1-phtot-exptotfin,Total Public Health  - Total financial expenditure,EandR1,phtot,41,Public Health
EandR1-houshratot-expgrn,Housing (HRA) - Grants,EandR1,houshratot,27,Housing
EandR1-houshratot-expgrnla,"Housing (HRA) - Grants, of which to other local authorities",EandR1,houshratot,27,Housing
EandR1-houshratot-expgrngla,"Housing (HRA) - Grants, of which within GLA group",EandR1,houshratot,27,Housing
EandR1-houshratot-expgrnoth,"Housing (HRA) - Grants, excluding to local authorities",EandR1,houshratot,27,Housing
EandR1-houshratot-explns,Housing (HRA) - Loans or other financial assistance,EandR1,houshratot,27,Housing
EandR1-houshratot-explnsla,"Housing (HRA) - Loans or other financial assistance, of which to other local authorities",EandR1,houshratot,27,Housing
EandR1-houshratot-explnsgla,"Housing (HRA) - Loans or other financial assistance, of which within GLA group",EandR1,houshratot,27,Housing
EandR1-houshratot-explnsoth,"Housing (HRA) - Loans or other financial assistance, excluding to local authorities",EandR1,houshratot,27,Housing
EandR1-houshratot-expshrlns,Housing (HRA) - Acquisition of share or loan capital,EandR1,houshratot,27,Housing
EandR1-houshratot-expshrlnsgla,"Housing (HRA) - Acquisition of share or loan capital, of which within GLA group",EandR1,houshratot,27,Housing
EandR1-houshratot-expshrlnsoth,"Housing (HRA) - Acquisition of share or loan capital, of which other",EandR1,houshratot,27,Housing
EandR1-houshratot-exptotfin,Housing (HRA) - Total financial expenditure,EandR1,houshratot,27,Housing
EandR1-housgfcftot-expgrn,Housing (non-HRA) - Grants,EandR1,housgfcftot,27,Housing
EandR1-housgfcftot-expgrnla,"Housing (non-HRA) - Grants, of which to other local authorities",EandR1,housgfcftot,27,Housing
EandR1-housgfcftot-expgrngla,"Housing (non-HRA) - Grants, of which within GLA group",EandR1,housgfcftot,27,Housing
EandR1-housgfcftot-expgrnoth,"Housing (non-HRA) - Grants, excluding to local authorities",EandR1,housgfcftot,27,Housing
EandR1-housgfcftot-explns,Housing (non-HRA) - Loans or other financial assistance,EandR1,housgfcftot,27,Housing
EandR1-housgfcftot-explnsla,"Housing (non-HRA) - Loans or other financial assistance, of which to other local authorities",EandR1,housgfcftot,27,Housing
EandR1-housgfcftot-explnsgla,"Housing (non-HRA) - Loans or other financial assistance, of which within GLA group",EandR1,housgfcftot,27,Housing
EandR1-housgfcftot-explnsoth,"Housing (non-HRA) - Loans or other financial assistance, excluding to local authorities",EandR1,housgfcftot,27,Housing
EandR1-housgfcftot-expshrlns,Housing (non-HRA) - Acquisition of share or loan capital,EandR1,housgfcftot,27,Housing
EandR1-housgfcftot-expshrlnsgla,"Housing (non-HRA) - Acquisition of share or loan capital, of which within GLA group",EandR1,housgfcftot,27,Housing
EandR1-housgfcftot-expshrlnsoth,"Housing (non-HRA) - Acquisition of share or loan capital, of which other",EandR1,housgfcftot,27,Housing
EandR1-housgfcftot-exptotfin,Housing (non-HRA) - Total financial expenditure,EandR1,housgfcftot,27,Housing
EandR1-houstot-expgrn,Total Housing - Grants,EandR1,houstot,43,Housing
EandR1-houstot-expgrnla,"Total Housing - Grants, of which to other local authorities",EandR1,houstot,43,Housing
EandR1-houstot-expgrngla,"Total Housing - Grants, of which within GLA group",EandR1,houstot,43,Housing
EandR1-houstot-expgrnoth,"Total Housing - Grants, excluding to local authorities",EandR1,houstot,43,Housing
EandR1-houstot-explns,Total Housing - Loans or other financial assistance,EandR1,houstot,43,Housing
EandR1-houstot-explnsla,"Total Housing - Loans or other financial assistance, of which to other local authorities",EandR1,houstot,43,Housing
EandR1-houstot-explnsgla,"Total Housing - Loans or other financial assistance, of which within GLA group",EandR1,houstot,43,Housing
EandR1-houstot-explnsoth,"Total Housing - Loans or other financial assistance, excluding to local authorities",EandR1,houstot,43,Housing
EandR1-houstot-expshrlns,Total Housing - Acquisition of share or loan capital,EandR1,houstot,43,Housing
EandR1-houstot-expshrlnsgla,"Total Housing - Acquisition of share or loan capital, of which within GLA group",EandR1,houstot,43,Housing
EandR1-houstot-expshrlnsoth,"Total Housing - Acquisition of share or loan capital, of which other",EandR1,houstot,43,Housing
EandR1-houstot-exptotfin,Total Housing - Total financial expenditure,EandR1,houstot,43,Housing
EandR1-culhrt-expgrn,Culture & Heritage - Grants,EandR1,culhrt,27,Culture & Leisure (incl. Sport & Open Spaces)
EandR1-culhrt-expgrnla,"Culture & Heritage - Grants, of which to other local authorities",EandR1,culhrt,27,Culture & Leisure (incl. Sport & Open Spaces)
EandR1-culhrt-expgrngla,"Culture & Heritage - Grants, of which within GLA group",EandR1,culhrt,27,Culture & Leisure (incl. Sport & Open Spaces)
EandR1-culhrt-expgrnoth,"Culture & Heritage - Grants, excluding to local authorities",EandR1,culhrt,27,Culture & Leisure (incl. Sport & Open Spaces)
EandR1-culhrt-explns,Culture & Heritage - Loans or other financial assistance,EandR1,culhrt,27,Culture & Leisure (incl. Sport & Open Spaces)
EandR1-culhrt-explnsla,"Culture & Heritage - Loans or other financial assistance, of which to other local authorities",EandR1,culhrt,27,Culture & Leisure (incl. Sport & Open Spaces)
EandR1-culhrt-explnsgla,"Culture & Heritage - Loans or other financial assistance, of which within GLA group",EandR1,culhrt,27,Culture & Leisure (incl. Sport & Open Spaces)
EandR1-culhrt-explnsoth,"Culture & Heritage - Loans or other financial assistance, excluding to local authorities",EandR1,culhrt,27,Culture & Leisure (incl. Sport & Open Spaces)
EandR1-culhrt-expshrlns,Culture & Heritage - Acquisition of share or loan capital,EandR1,culhrt,27,Culture & Leisure (incl. Sport & Open Spaces)
EandR1-culhrt-expshrlnsgla,"Culture & Heritage - Acquisition of share or loan capital, of which within GLA group",EandR1,culhrt,27,Culture & Leisure (incl. Sport & Open Spaces)
EandR1-culhrt-expshrlnsoth,"Culture & Heritage - Acquisition of share or loan capital, of which other",EandR1,culhrt,27,Culture & Leisure (incl. Sport & Open Spaces)
EandR1-culhrt-exptotfin,Culture & Heritage - Total financial expenditure,EandR1,culhrt,27,Culture & Leisure (incl. Sport & Open Spaces)
EandR1-culspr-expgrn,Recreation & Sport - Grants,EandR1,culspr,27,Culture & Leisure (incl. Sport & Open Spaces)
EandR1-culspr-expgrnla,"Recreation & Sport - Grants, of which to other local authorities",EandR1,culspr,27,Culture & Leisure (incl. Sport & Open Spaces)
EandR1-culspr-expgrngla,"Recreation & Sport - Grants, of which within GLA group",EandR1,culspr,27,Culture & Leisure (incl. Sport & Open Spaces)
EandR1-culspr-expgrnoth,"Recreation & Sport - Grants, excluding to local authorities",EandR1,culspr,27,Culture & Leisure (incl. Sport & Open Spaces)
EandR1-culspr-explns,Recreation & Sport - Loans or other financial assistance,EandR1,culspr,27,Culture & Leisure (incl. Sport & Open Spaces)
EandR1-culspr-explnsla,"Recreation & Sport - Loans or other financial assistance, of which to other local authorities",EandR1,culspr,27,Culture & Leisure (incl. Sport & Open Spaces)
EandR1-culspr-explnsgla,"Recreation & Sport - Loans or other financial assistance, of which within GLA group",EandR1,culspr,27,Culture & Leisure (incl. Sport & Open Spaces)
EandR1-culspr-explnsoth,"Recreation & Sport - Loans or other financial assistance, excluding to local authorities",EandR1,culspr,27,Culture & Leisure (incl. Sport & Open Spaces)
EandR1-culspr-expshrlns,Recreation & Sport - Acquisition of share or loan capital,EandR1,culspr,27,Culture & Leisure (incl. Sport & Open Spaces)
EandR1-culspr-expshrlnsgla,"Recreation & Sport - Acquisition of share or loan capital, of which within GLA group",EandR1,culspr,27,Culture & Leisure (incl. Sport & Open Spaces)
EandR1-culspr-expshrlnsoth,"Recreation & Sport - Acquisition of share or loan capital, of which other",EandR1,culspr,27,Culture & Leisure (incl. Sport & Open Spaces)
EandR1-culspr-exptotfin,Recreation & Sport - Total financial expenditure,EandR1,culspr,27,Culture & Leisure (incl. Sport & Open Spaces)
EandR1-culopn-expgrn,Open Spaces - Grants,EandR1,culopn,27,Culture & Leisure (incl. Sport & Open Spaces)
EandR1-culopn-expgrnla,"Open Spaces - Grants, of which to other local authorities",EandR1,culopn,27,Culture & Leisure (incl. Sport & Open Spaces)
EandR1-culopn-expgrngla,"Open Spaces - Grants, of which within GLA group",EandR1,culopn,27,Culture & Leisure (incl. Sport & Open Spaces)
EandR1-culopn-expgrnoth,"Open Spaces - Grants, excluding to local authorities",EandR1,culopn,27,Culture & Leisure (incl. Sport & Open Spaces)
EandR1-culopn-explns,Open Spaces - Loans or other financial assistance,EandR1,culopn,27,Culture & Leisure (incl. Sport & Open Spaces)
EandR1-culopn-explnsla,"Open Spaces - Loans or other financial assistance, of which to other local authorities",EandR1,culopn,27,Culture & Leisure (incl. Sport & Open Spaces)
EandR1-culopn-explnsgla,"Open Spaces - Loans or other financial assistance, of which within GLA group",EandR1,culopn,27,Culture & Leisure (incl. Sport & Open Spaces)
EandR1-culopn-explnsoth,"Open Spaces - Loans or other financial assistance, excluding to local authorities",EandR1,culopn,27,Culture & Leisure (incl. Sport & Open Spaces)
EandR1-culopn-expshrlns,Open Spaces - Acquisition of share or loan capital,EandR1,culopn,27,Culture & Leisure (incl. Sport & Open Spaces)
EandR1-culopn-expshrlnsgla,"Open Spaces - Acquisition of share or loan capital, of which within GLA group",EandR1,culopn,27,Culture & Leisure (incl. Sport & Open Spaces)
EandR1-culopn-expshrlnsoth,"Open Spaces - Acquisition of share or loan capital, of which other",EandR1,culopn,27,Culture & Leisure (incl. Sport & Open Spaces)
EandR1-culopn-exptotfin,Open Spaces - Total financial expenditure,EandR1,culopn,27,Culture & Leisure (incl. Sport & Open Spaces)
EandR1-cultrs-expgrn,Tourism - Grants,EandR1,cultrs,27,Culture & Leisure (incl. Sport & Open Spaces)
EandR1-cultrs-expgrnla,"Tourism - Grants, of which to other local authorities",EandR1,cultrs,27,Culture & Leisure (incl. Sport & Open Spaces)
EandR1-cultrs-expgrngla,"Tourism - Grants, of which within GLA group",EandR1,cultrs,27,Culture & Leisure (incl. Sport & Open Spaces)
EandR1-cultrs-expgrnoth,"Tourism - Grants, excluding to local authorities",EandR1,cultrs,27,Culture & Leisure (incl. Sport & Open Spaces)
EandR1-cultrs-explns,Tourism - Loans or other financial assistance,EandR1,cultrs,27,Culture & Leisure (incl. Sport & Open Spaces)
EandR1-cultrs-explnsla,"Tourism - Loans or other financial assistance, of which to other local authorities",EandR1,cultrs,27,Culture & Leisure (incl. Sport & Open Spaces)
EandR1-cultrs-explnsgla,"Tourism - Loans or other financial assistance, of which within GLA group",EandR1,cultrs,27,Culture & Leisure (incl. Sport & Open Spaces)
EandR1-cultrs-explnsoth,"Tourism - Loans or other financial assistance, excluding to local authorities",EandR1,cultrs,27,Culture & Leisure (incl. Sport & Open Spaces)
EandR1-cultrs-expshrlns,Tourism - Acquisition of share or loan capital,EandR1,cultrs,27,Culture & Leisure (incl. Sport & Open Spaces)
EandR1-cultrs-expshrlnsgla,"Tourism - Acquisition of share or loan capital, of which within GLA group",EandR1,cultrs,27,Culture & Leisure (incl. Sport & Open Spaces)
EandR1-cultrs-expshrlnsoth,"Tourism - Acquisition of share or loan capital, of which other",EandR1,cultrs,27,Culture & Leisure (incl. Sport & Open Spaces)
EandR1-cultrs-exptotfin,Tourism - Total financial expenditure,EandR1,cultrs,27,Culture & Leisure (incl. Sport & Open Spaces)
EandR1-cullib-expgrn,Library Services - Grants,EandR1,cullib,27,Culture & Leisure (incl. Sport & Open Spaces)
EandR1-cullib-expgrnla,"Library Services - Grants, of which to other local authorities",EandR1,cullib,27,Culture & Leisure (incl. Sport & Open Spaces)
EandR1-cullib-expgrngla,"Library Services - Grants, of which within GLA group",EandR1,cullib,27,Culture & Leisure (incl. Sport & Open Spaces)
EandR1-cullib-expgrnoth,"Library Services - Grants, excluding to local authorities",EandR1,cullib,27,Culture & Leisure (incl. Sport & Open Spaces)
EandR1-cullib-explns,Library Services - Loans or other financial assistance,EandR1,cullib,27,Culture & Leisure (incl. Sport & Open Spaces)
EandR1-cullib-explnsla,"Library Services - Loans or other financial assistance, of which to other local authorities",EandR1,cullib,27,Culture & Leisure (incl. Sport & Open Spaces)
EandR1-cullib-explnsgla,"Library Services - Loans or other financial assistance, of which within GLA group",EandR1,cullib,27,Culture & Leisure (incl. Sport & Open Spaces)
EandR1-cullib-explnsoth,"Library Services - Loans or other financial assistance, excluding to local authorities",EandR1,cullib,27,Culture & Leisure (incl. Sport & Open Spaces)
EandR1-cullib-expshrlns,Library Services - Acquisition of share or loan capital,EandR1,cullib,27,Culture & Leisure (incl. Sport & Open Spaces)
EandR1-cullib-expshrlnsgla,"Library Services - Acquisition of share or loan capital, of which within GLA group",EandR1,cullib,27,Culture & Leisure (incl. Sport & Open Spaces)
EandR1-cullib-expshrlnsoth,"Library Services - Acquisition of share or loan capital, of which other",EandR1,cullib,27,Culture & Leisure (incl. Sport & Open Spaces)
EandR1-cullib-exptotfin,Library Services - Total financial expenditure,EandR1,cullib,27,Culture & Leisure (incl. Sport & Open Spaces)
EandR1-cultot-expgrn,Total Culture & Related Services - Grants,EandR1,cultot,41,Culture & Leisure (incl. Sport & Open Spaces)
EandR1-cultot-expgrnla,"Total Culture & Related Services - Grants, of which to other local authorities",EandR1,cultot,41,Culture & Leisure (incl. Sport & Open Spaces)
EandR1-cultot-expgrngla,"Total Culture & Related Services - Grants, of which within GLA group",EandR1,cultot,41,Culture & Leisure (incl. Sport & Open Spaces)
EandR1-cultot-expgrnoth,"Total Culture & Related Services - Grants, excluding to local authorities",EandR1,cultot,41,Culture & Leisure (incl. Sport & Open Spaces)
EandR1-cultot-explns,Total Culture & Related Services - Loans or other financial assistance,EandR1,cultot,41,Culture & Leisure (incl. Sport & Open Spaces)
EandR1-cultot-explnsla,"Total Culture & Related Services - Loans or other financial assistance, of which to other local authorities",EandR1,cultot,41,Culture & Leisure (incl. Sport & Open Spaces)
EandR1-cultot-explnsgla,"Total Culture & Related Services - Loans or other financial assistance, of which within GLA group",EandR1,cultot,41,Culture & Leisure (incl. Sport & Open Spaces)
EandR1-cultot-explnsoth,"Total Culture & Related Services - Loans or other financial assistance, excluding to local authorities",EandR1,cultot,41,Culture & Leisure (incl. Sport & Open Spaces)
EandR1-cultot-expshrlns,Total Culture & Related Services - Acquisition of share or loan capital,EandR1,cultot,41,Culture & Leisure (incl. Sport & Open Spaces)
EandR1-cultot-expshrlnsgla,"Total Culture & Related Services - Acquisition of share or loan capital, of which within GLA group",EandR1,cultot,41,Culture & Leisure (incl. Sport & Open Spaces)
EandR1-cultot-expshrlnsoth,"Total Culture & Related Services - Acquisition of share or loan capital, of which other",EandR1,cultot,41,Culture & Leisure (incl. Sport & Open Spaces)
EandR1-cultot-exptotfin,Total Culture & Related Services - Total financial expenditure,EandR1,cultot,41,Culture & Leisure (incl. Sport & Open Spaces)
EandR1-envcmt-expgrn,"Cemeteries, Cremation & Mortuary - Grants",EandR1,envcmt,27,Environment
EandR1-envcmt-expgrnla,"Cemeteries, Cremation & Mortuary - Grants, of which to other local authorities",EandR1,envcmt,27,Environment
EandR1-envcmt-expgrngla,"Cemeteries, Cremation & Mortuary - Grants, of which within GLA group",EandR1,envcmt,27,Environment
EandR1-envcmt-expgrnoth,"Cemeteries, Cremation & Mortuary - Grants, excluding to local authorities",EandR1,envcmt,27,Environment
EandR1-envcmt-explns,"Cemeteries, Cremation & Mortuary - Loans or other financial assistance",EandR1,envcmt,27,Environment
EandR1-envcmt-explnsla,"Cemeteries, Cremation & Mortuary - Loans or other financial assistance, of which to other local authorities",EandR1,envcmt,27,Environment
EandR1-envcmt-explnsgla,"Cemeteries, Cremation & Mortuary - Loans or other financial assistance, of which within GLA group",EandR1,envcmt,27,Environment
EandR1-envcmt-explnsoth,"Cemeteries, Cremation & Mortuary - Loans or other financial assistance, excluding to local authorities",EandR1,envcmt,27,Environment
EandR1-envcmt-expshrlns,"Cemeteries, Cremation & Mortuary - Acquisition of share or loan capital",EandR1,envcmt,27,Environment
EandR1-envcmt-expshrlnsgla,"Cemeteries, Cremation & Mortuary - Acquisition of share or loan capital, of which within GLA group",EandR1,envcmt,27,Environment
EandR1-envcmt-expshrlnsoth,"Cemeteries, Cremation & Mortuary - Acquisition of share or loan capital, of which other",EandR1,envcmt,27,Environment
EandR1-envcmt-exptotfin,"Cemeteries, Cremation & Mortuary - Total financial expenditure",EandR1,envcmt,27,Environment
EandR1-envcst-expgrn,Coast Protection - Grants,EandR1,envcst,27,Environment
EandR1-envcst-expgrnla,"Coast Protection - Grants, of which to other local authorities",EandR1,envcst,27,Environment
EandR1-envcst-expgrngla,"Coast Protection - Grants, of which within GLA group",EandR1,envcst,27,Environment
EandR1-envcst-expgrnoth,"Coast Protection - Grants, excluding to local authorities",EandR1,envcst,27,Environment
EandR1-envcst-explns,Coast Protection - Loans or other financial assistance,EandR1,envcst,27,Environment
EandR1-envcst-explnsla,"Coast Protection - Loans or other financial assistance, of which to other local authorities",EandR1,envcst,27,Environment
EandR1-envcst-explnsgla,"Coast Protection - Loans or other financial assistance, of which within GLA group",EandR1,envcst,27,Environment
EandR1-envcst-explnsoth,"Coast Protection - Loans or other financial assistance, excluding to local authorities",EandR1,envcst,27,Environment
EandR1-envcst-expshrlns,Coast Protection - Acquisition of share or loan capital,EandR1,envcst,27,Environment
EandR1-envcst-expshrlnsgla,"Coast Protection - Acquisition of share or loan capital, of which within GLA group",EandR1,envcst,27,Environment
EandR1-envcst-expshrlnsoth,"Coast Protection - Acquisition of share or loan capital, of which other",EandR1,envcst,27,Environment
EandR1-envcst-exptotfin,Coast Protection - Total financial expenditure,EandR1,envcst,27,Environment
EandR1-envcmm-expgrn,Community Safety - Grants,EandR1,envcmm,27,Environment
EandR1-envcmm-expgrnla,"Community Safety - Grants, of which to other local authorities",EandR1,envcmm,27,Environment
EandR1-envcmm-expgrngla,"Community Safety - Grants, of which within GLA group",EandR1,envcmm,27,Environment
EandR1-envcmm-expgrnoth,"Community Safety - Grants, excluding to local authorities",EandR1,envcmm,27,Environment
EandR1-envcmm-explns,Community Safety - Loans or other financial assistance,EandR1,envcmm,27,Environment
EandR1-envcmm-explnsla,"Community Safety - Loans or other financial assistance, of which to other local authorities",EandR1,envcmm,27,Environment
EandR1-envcmm-explnsgla,"Community Safety - Loans or other financial assistance, of which within GLA group",EandR1,envcmm,27,Environment
EandR1-envcmm-explnsoth,"Community Safety - Loans or other financial assistance, excluding to local authorities",EandR1,envcmm,27,Environment
EandR1-envcmm-expshrlns,Community Safety - Acquisition of share or loan capital,EandR1,envcmm,27,Environment
EandR1-envcmm-expshrlnsgla,"Community Safety - Acquisition of share or loan capital, of which within GLA group",EandR1,envcmm,27,Environment
EandR1-envcmm-expshrlnsoth,"Community Safety - Acquisition of share or loan capital, of which other",EandR1,envcmm,27,Environment
EandR1-envcmm-exptotfin,Community Safety - Total financial expenditure,EandR1,envcmm,27,Environment
EandR1-envflddrn-expgrn,Flood Defence & Land Drainage - Grants,EandR1,envflddrn,27,Environment
EandR1-envflddrn-expgrnla,"Flood Defence & Land Drainage - Grants, of which to other local authorities",EandR1,envflddrn,27,Environment
EandR1-envflddrn-expgrngla,"Flood Defence & Land Drainage - Grants, of which within GLA group",EandR1,envflddrn,27,Environment
EandR1-envflddrn-expgrnoth,"Flood Defence & Land Drainage - Grants, excluding to local authorities",EandR1,envflddrn,27,Environment
EandR1-envflddrn-explns,Flood Defence & Land Drainage - Loans or other financial assistance,EandR1,envflddrn,27,Environment
EandR1-envflddrn-explnsla,"Flood Defence & Land Drainage - Loans or other financial assistance, of which to other local authorities",EandR1,envflddrn,27,Environment
EandR1-envflddrn-explnsgla,"Flood Defence & Land Drainage - Loans or other financial assistance, of which within GLA group",EandR1,envflddrn,27,Environment
EandR1-envflddrn-explnsoth,"Flood Defence & Land Drainage - Loans or other financial assistance, excluding to local authorities",EandR1,envflddrn,27,Environment
EandR1-envflddrn-expshrlns,Flood Defence & Land Drainage - Acquisition of share or loan capital,EandR1,envflddrn,27,Environment
EandR1-envflddrn-expshrlnsgla,"Flood Defence & Land Drainage - Acquisition of share or loan capital, of which within GLA group",EandR1,envflddrn,27,Environment
EandR1-envflddrn-expshrlnsoth,"Flood Defence & Land Drainage - Acquisition of share or loan capital, of which other",EandR1,envflddrn,27,Environment
EandR1-envflddrn-exptotfin,Flood Defence & Land Drainage - Total financial expenditure,EandR1,envflddrn,27,Environment
EandR1-envagr-expgrn,Agricultural & Fisheries Services - Grants,EandR1,envagr,27,Environment
EandR1-envagr-expgrnla,"Agricultural & Fisheries Services - Grants, of which to other local authorities",EandR1,envagr,27,Environment
EandR1-envagr-expgrngla,"Agricultural & Fisheries Services - Grants, of which within GLA group",EandR1,envagr,27,Environment
EandR1-envagr-expgrnoth,"Agricultural & Fisheries Services - Grants, excluding to local authorities",EandR1,envagr,27,Environment
EandR1-envagr-explns,Agricultural & Fisheries Services - Loans or other financial assistance,EandR1,envagr,27,Environment
EandR1-envagr-explnsla,"Agricultural & Fisheries Services - Loans or other financial assistance, of which to other local authorities",EandR1,envagr,27,Environment
EandR1-envagr-explnsgla,"Agricultural & Fisheries Services - Loans or other financial assistance, of which within GLA group",EandR1,envagr,27,Environment
EandR1-envagr-explnsoth,"Agricultural & Fisheries Services - Loans or other financial assistance, excluding to local authorities",EandR1,envagr,27,Environment
EandR1-envagr-expshrlns,Agricultural & Fisheries Services - Acquisition of share or loan capital,EandR1,envagr,27,Environment
EandR1-envagr-expshrlnsgla,"Agricultural & Fisheries Services - Acquisition of share or loan capital, of which within GLA group",EandR1,envagr,27,Environment
EandR1-envagr-expshrlnsoth,"Agricultural & Fisheries Services - Acquisition of share or loan capital, of which other",EandR1,envagr,27,Environment
EandR1-envagr-exptotfin,Agricultural & Fisheries Services - Total financial expenditure,EandR1,envagr,27,Environment
EandR1-envrglenv-expgrn,Regulatory Services (Environmental Health) - Grants,EandR1,envrglenv,27,Environment
EandR1-envrglenv-expgrnla,"Regulatory Services (Environmental Health) - Grants, of which to other local authorities",EandR1,envrglenv,27,Environment
EandR1-envrglenv-expgrngla,"Regulatory Services (Environmental Health) - Grants, of which within GLA group",EandR1,envrglenv,27,Environment
EandR1-envrglenv-expgrnoth,"Regulatory Services (Environmental Health) - Grants, excluding to local authorities",EandR1,envrglenv,27,Environment
EandR1-envrglenv-explns,Regulatory Services (Environmental Health) - Loans or other financial assistance,EandR1,envrglenv,27,Environment
EandR1-envrglenv-explnsla,"Regulatory Services (Environmental Health) - Loans or other financial assistance, of which to other local authorities",EandR1,envrglenv,27,Environment
EandR1-envrglenv-explnsgla,"Regulatory Services (Environmental Health) - Loans or other financial assistance, of which within GLA group",EandR1,envrglenv,27,Environment
EandR1-envrglenv-explnsoth,"Regulatory Services (Environmental Health) - Loans or other financial assistance, excluding to local authorities",EandR1,envrglenv,27,Environment
EandR1-envrglenv-expshrlns,Regulatory Services (Environmental Health) - Acquisition of share or loan capital,EandR1,envrglenv,27,Environment
EandR1-envrglenv-expshrlnsgla,"Regulatory Services (Environmental Health) - Acquisition of share or loan capital, of which within GLA group",EandR1,envrglenv,27,Environment
EandR1-envrglenv-expshrlnsoth,"Regulatory Services (Environmental Health) - Acquisition of share or loan capital, of which other",EandR1,envrglenv,27,Environment
EandR1-envrglenv-exptotfin,Regulatory Services (Environmental Health) - Total financial expenditure,EandR1,envrglenv,27,Environment
EandR1-envrgltrd-expgrn,Regulatory Services (Trading Standards) - Grants,EandR1,envrgltrd,27,Environment
EandR1-envrgltrd-expgrnla,"Regulatory Services (Trading Standards) - Grants, of which to other local authorities",EandR1,envrgltrd,27,Environment
EandR1-envrgltrd-expgrngla,"Regulatory Services (Trading Standards) - Grants, of which within GLA group",EandR1,envrgltrd,27,Environment
EandR1-envrgltrd-expgrnoth,"Regulatory Services (Trading Standards) - Grants, excluding to local authorities",EandR1,envrgltrd,27,Environment
EandR1-envrgltrd-explns,Regulatory Services (Trading Standards) - Loans or other financial assistance,EandR1,envrgltrd,27,Environment
EandR1-envrgltrd-explnsla,"Regulatory Services (Trading Standards) - Loans or other financial assistance, of which to other local authorities",EandR1,envrgltrd,27,Environment
EandR1-envrgltrd-explnsgla,"Regulatory Services (Trading Standards) - Loans or other financial assistance, of which within GLA group",EandR1,envrgltrd,27,Environment
EandR1-envrgltrd-explnsoth,"Regulatory Services (Trading Standards) - Loans or other financial assistance, excluding to local authorities",EandR1,envrgltrd,27,Environment
EandR1-envrgltrd-expshrlns,Regulatory Services (Trading Standards) - Acquisition of share or loan capital,EandR1,envrgltrd,27,Environment
EandR1-envrgltrd-expshrlnsgla,"Regulatory Services (Trading Standards) - Acquisition of share or loan capital, of which within GLA group",EandR1,envrgltrd,27,Environment
EandR1-envrgltrd-expshrlnsoth,"Regulatory Services (Trading Standards) - Acquisition of share or loan capital, of which other",EandR1,envrgltrd,27,Environment
EandR1-envrgltrd-exptotfin,Regulatory Services (Trading Standards) - Total financial expenditure,EandR1,envrgltrd,27,Environment
EandR1-envstr-expgrn,Street Cleaning (not chargeable to highways) - Grants,EandR1,envstr,27,Environment
EandR1-envstr-expgrnla,"Street Cleaning (not chargeable to highways) - Grants, of which to other local authorities",EandR1,envstr,27,Environment
EandR1-envstr-expgrngla,"Street Cleaning (not chargeable to highways) - Grants, of which within GLA group",EandR1,envstr,27,Environment
EandR1-envstr-expgrnoth,"Street Cleaning (not chargeable to highways) - Grants, excluding to local authorities",EandR1,envstr,27,Environment
EandR1-envstr-explns,Street Cleaning (not chargeable to highways) - Loans or other financial assistance,EandR1,envstr,27,Environment
EandR1-envstr-explnsla,"Street Cleaning (not chargeable to highways) - Loans or other financial assistance, of which to other local authorities",EandR1,envstr,27,Environment
EandR1-envstr-explnsgla,"Street Cleaning (not chargeable to highways) - Loans or other financial assistance, of which within GLA group",EandR1,envstr,27,Environment
EandR1-envstr-explnsoth,"Street Cleaning (not chargeable to highways) - Loans or other financial assistance, excluding to local authorities",EandR1,envstr,27,Environment
EandR1-envstr-expshrlns,Street Cleaning (not chargeable to highways) - Acquisition of share or loan capital,EandR1,envstr,27,Environment
EandR1-envstr-expshrlnsgla,"Street Cleaning (not chargeable to highways) - Acquisition of share or loan capital, of which within GLA group",EandR1,envstr,27,Environment
EandR1-envstr-expshrlnsoth,"Street Cleaning (not chargeable to highways) - Acquisition of share or loan capital, of which other",EandR1,envstr,27,Environment
EandR1-envstr-exptotfin,Street Cleaning (not chargeable to highways) - Total financial expenditure,EandR1,envstr,27,Environment
EandR1-envcll-expgrn,Waste Collection - Grants,EandR1,envcll,27,Environment
EandR1-envcll-expgrnla,"Waste Collection - Grants, of which to other local authorities",EandR1,envcll,27,Environment
EandR1-envcll-expgrngla,"Waste Collection - Grants, of which within GLA group",EandR1,envcll,27,Environment
EandR1-envcll-expgrnoth,"Waste Collection - Grants, excluding to local authorities",EandR1,envcll,27,Environment
EandR1-envcll-explns,Waste Collection - Loans or other financial assistance,EandR1,envcll,27,Environment
EandR1-envcll-explnsla,"Waste Collection - Loans or other financial assistance, of which to other local authorities",EandR1,envcll,27,Environment
EandR1-envcll-explnsgla,"Waste Collection - Loans or other financial assistance, of which within GLA group",EandR1,envcll,27,Environment
EandR1-envcll-explnsoth,"Waste Collection - Loans or other financial assistance, excluding to local authorities",EandR1,envcll,27,Environment
EandR1-envcll-expshrlns,Waste Collection - Acquisition of share or loan capital,EandR1,envcll,27,Environment
EandR1-envcll-expshrlnsgla,"Waste Collection - Acquisition of share or loan capital, of which within GLA group",EandR1,envcll,27,Environment
EandR1-envcll-expshrlnsoth,"Waste Collection - Acquisition of share or loan capital, of which other",EandR1,envcll,27,Environment
EandR1-envcll-exptotfin,Waste Collection - Total financial expenditure,EandR1,envcll,27,Environment
EandR1-envdsp-expgrn,Waste Disposal - Grants,EandR1,envdsp,27,Environment
EandR1-envdsp-expgrnla,"Waste Disposal - Grants, of which to other local authorities",EandR1,envdsp,27,Environment
EandR1-envdsp-expgrngla,"Waste Disposal - Grants, of which within GLA group",EandR1,envdsp,27,Environment
EandR1-envdsp-expgrnoth,"Waste Disposal - Grants, excluding to local authorities",EandR1,envdsp,27,Environment
EandR1-envdsp-explns,Waste Disposal - Loans or other financial assistance,EandR1,envdsp,27,Environment
EandR1-envdsp-explnsla,"Waste Disposal - Loans or other financial assistance, of which to other local authorities",EandR1,envdsp,27,Environment
EandR1-envdsp-explnsgla,"Waste Disposal - Loans or other financial assistance, of which within GLA group",EandR1,envdsp,27,Environment
EandR1-envdsp-explnsoth,"Waste Disposal - Loans or other financial assistance, excluding to local authorities",EandR1,envdsp,27,Environment
EandR1-envdsp-expshrlns,Waste Disposal - Acquisition of share or loan capital,EandR1,envdsp,27,Environment
EandR1-envdsp-expshrlnsgla,"Waste Disposal - Acquisition of share or loan capital, of which within GLA group",EandR1,envdsp,27,Environment
EandR1-envdsp-expshrlnsoth,"Waste Disposal - Acquisition of share or loan capital, of which other",EandR1,envdsp,27,Environment
EandR1-envdsp-exptotfin,Waste Disposal - Total financial expenditure,EandR1,envdsp,27,Environment
EandR1-envtrd-expgrn,Trade Waste - Grants,EandR1,envtrd,27,Environment
EandR1-envtrd-expgrnla,"Trade Waste - Grants, of which to other local authorities",EandR1,envtrd,27,Environment
EandR1-envtrd-expgrngla,"Trade Waste - Grants, of which within GLA group",EandR1,envtrd,27,Environment
EandR1-envtrd-expgrnoth,"Trade Waste - Grants, excluding to local authorities",EandR1,envtrd,27,Environment
EandR1-envtrd-explns,Trade Waste - Loans or other financial assistance,EandR1,envtrd,27,Environment
EandR1-envtrd-explnsla,"Trade Waste - Loans or other financial assistance, of which to other local authorities",EandR1,envtrd,27,Environment
EandR1-envtrd-explnsgla,"Trade Waste - Loans or other financial assistance, of which within GLA group",EandR1,envtrd,27,Environment
EandR1-envtrd-explnsoth,"Trade Waste - Loans or other financial assistance, excluding to local authorities",EandR1,envtrd,27,Environment
EandR1-envtrd-expshrlns,Trade Waste - Acquisition of share or loan capital,EandR1,envtrd,27,Environment
EandR1-envtrd-expshrlnsgla,"Trade Waste - Acquisition of share or loan capital, of which within GLA group",EandR1,envtrd,27,Environment
EandR1-envtrd-expshrlnsoth,"Trade Waste - Acquisition of share or loan capital, of which other",EandR1,envtrd,27,Environment
EandR1-envtrd-exptotfin,Trade Waste - Total financial expenditure,EandR1,envtrd,27,Environment
EandR1-envrcy-expgrn,Recycling - Grants,EandR1,envrcy,27,Environment
EandR1-envrcy-expgrnla,"Recycling - Grants, of which to other local authorities",EandR1,envrcy,27,Environment
EandR1-envrcy-expgrngla,"Recycling - Grants, of which within GLA group",EandR1,envrcy,27,Environment
EandR1-envrcy-expgrnoth,"Recycling - Grants, excluding to local authorities",EandR1,envrcy,27,Environment
EandR1-envrcy-explns,Recycling - Loans or other financial assistance,EandR1,envrcy,27,Environment
EandR1-envrcy-explnsla,"Recycling - Loans or other financial assistance, of which to other local authorities",EandR1,envrcy,27,Environment
EandR1-envrcy-explnsgla,"Recycling - Loans or other financial assistance, of which within GLA group",EandR1,envrcy,27,Environment
EandR1-envrcy-explnsoth,"Recycling - Loans or other financial assistance, excluding to local authorities",EandR1,envrcy,27,Environment
EandR1-envrcy-expshrlns,Recycling - Acquisition of share or loan capital,EandR1,envrcy,27,Environment
EandR1-envrcy-expshrlnsgla,"Recycling - Acquisition of share or loan capital, of which within GLA group",EandR1,envrcy,27,Environment
EandR1-envrcy-expshrlnsoth,"Recycling - Acquisition of share or loan capital, of which other",EandR1,envrcy,27,Environment
EandR1-envrcy-exptotfin,Recycling - Total financial expenditure,EandR1,envrcy,27,Environment
EandR1-envmin-expgrn,Waste Minimisation - Grants,EandR1,envmin,27,Environment
EandR1-envmin-expgrnla,"Waste Minimisation - Grants, of which to other local authorities",EandR1,envmin,27,Environment
EandR1-envmin-expgrngla,"Waste Minimisation - Grants, of which within GLA group",EandR1,envmin,27,Environment
EandR1-envmin-expgrnoth,"Waste Minimisation - Grants, excluding to local authorities",EandR1,envmin,27,Environment
EandR1-envmin-explns,Waste Minimisation - Loans or other financial assistance,EandR1,envmin,27,Environment
EandR1-envmin-explnsla,"Waste Minimisation - Loans or other financial assistance, of which to other local authorities",EandR1,envmin,27,Environment
EandR1-envmin-explnsgla,"Waste Minimisation - Loans or other financial assistance, of which within GLA group",EandR1,envmin,27,Environment
EandR1-envmin-explnsoth,"Waste Minimisation - Loans or other financial assistance, excluding to local authorities",EandR1,envmin,27,Environment
EandR1-envmin-expshrlns,Waste Minimisation - Acquisition of share or loan capital,EandR1,envmin,27,Environment
EandR1-envmin-expshrlnsgla,"Waste Minimisation - Acquisition of share or loan capital, of which within GLA group",EandR1,envmin,27,Environment
EandR1-envmin-expshrlnsoth,"Waste Minimisation - Acquisition of share or loan capital, of which other",EandR1,envmin,27,Environment
EandR1-envmin-exptotfin,Waste Minimisation - Total financial expenditure,EandR1,envmin,27,Environment
EandR1-envclm-expgrn,Climate Change Costs - Grants,EandR1,envclm,27,Environment
EandR1-envclm-expgrnla,"Climate Change Costs - Grants, of which to other local authorities",EandR1,envclm,27,Environment
EandR1-envclm-expgrngla,"Climate Change Costs - Grants, of which within GLA group",EandR1,envclm,27,Environment
EandR1-envclm-expgrnoth,"Climate Change Costs - Grants, excluding to local authorities",EandR1,envclm,27,Environment
EandR1-envclm-explns,Climate Change Costs - Loans or other financial assistance,EandR1,envclm,27,Environment
EandR1-envclm-explnsla,"Climate Change Costs - Loans or other financial assistance, of which to other local authorities",EandR1,envclm,27,Environment
EandR1-envclm-explnsgla,"Climate Change Costs - Loans or other financial assistance, of which within GLA group",EandR1,envclm,27,Environment
EandR1-envclm-explnsoth,"Climate Change Costs - Loans or other financial assistance, excluding to local authorities",EandR1,envclm,27,Environment
EandR1-envclm-expshrlns,Climate Change Costs - Acquisition of share or loan capital,EandR1,envclm,27,Environment
EandR1-envclm-expshrlnsgla,"Climate Change Costs - Acquisition of share or loan capital, of which within GLA group",EandR1,envclm,27,Environment
EandR1-envclm-expshrlnsoth,"Climate Change Costs - Acquisition of share or loan capital, of which other",EandR1,envclm,27,Environment
EandR1-envclm-exptotfin,Climate Change Costs - Total financial expenditure,EandR1,envclm,27,Environment
EandR1-envtot-expgrn,Total Environmental & Regulatory Services - Grants,EandR1,envtot,41,Environment
EandR1-envtot-expgrnla,"Total Environmental & Regulatory Services - Grants, of which to other local authorities",EandR1,envtot,41,Environment
EandR1-envtot-expgrngla,"Total Environmental & Regulatory Services - Grants, of which within GLA group",EandR1,envtot,41,Environment
EandR1-envtot-expgrnoth,"Total Environmental & Regulatory Services - Grants, excluding to local authorities",EandR1,envtot,41,Environment
EandR1-envtot-explns,Total Environmental & Regulatory Services - Loans or other financial assistance,EandR1,envtot,41,Environment
EandR1-envtot-explnsla,"Total Environmental & Regulatory Services - Loans or other financial assistance, of which to other local authorities",EandR1,envtot,41,Environment
EandR1-envtot-explnsgla,"Total Environmental & Regulatory Services - Loans or other financial assistance, of which within GLA group",EandR1,envtot,41,Environment
EandR1-envtot-explnsoth,"Total Environmental & Regulatory Services - Loans or other financial assistance, excluding to local authorities",EandR1,envtot,41,Environment
EandR1-envtot-expshrlns,Total Environmental & Regulatory Services - Acquisition of share or loan capital,EandR1,envtot,41,Environment
EandR1-envtot-expshrlnsgla,"Total Environmental & Regulatory Services - Acquisition of share or loan capital, of which within GLA group",EandR1,envtot,41,Environment
EandR1-envtot-expshrlnsoth,"Total Environmental & Regulatory Services - Acquisition of share or loan capital, of which other",EandR1,envtot,41,Environment
EandR1-envtot-exptotfin,Total Environmental & Regulatory Services - Total financial expenditure,EandR1,envtot,41,Environment
EandR1-plantot-expgrn,Total Planning & Development Services - Grants,EandR1,plantot,41,Planning
EandR1-plantot-expgrnla,"Total Planning & Development Services - Grants, of which to other local authorities",EandR1,plantot,41,Planning
EandR1-plantot-expgrngla,"Total Planning & Development Services - Grants, of which within GLA group",EandR1,plantot,41,Planning
EandR1-plantot-expgrnoth,"Total Planning & Development Services - Grants, excluding to local authorities",EandR1,plantot,41,Planning
EandR1-plantot-explns,Total Planning & Development Services - Loans or other financial assistance,EandR1,plantot,41,Planning
EandR1-plantot-explnsla,"Total Planning & Development Services - Loans or other financial assistance, of which to other local authorities",EandR1,plantot,41,Planning
EandR1-plantot-explnsgla,"Total Planning & Development Services - Loans or other financial assistance, of which within GLA group",EandR1,plantot,41,Planning
EandR1-plantot-explnsoth,"Total Planning & Development Services - Loans or other financial assistance, excluding to local authorities",EandR1,plantot,41,Planning
EandR1-plantot-expshrlns,Total Planning & Development Services - Acquisition of share or loan capital,EandR1,plantot,41,Planning
EandR1-plantot-expshrlnsgla,"Total Planning & Development Services - Acquisition of share or loan capital, of which within GLA group",EandR1,plantot,41,Planning
EandR1-plantot-expshrlnsoth,"Total Planning & Development Services - Acquisition of share or loan capital, of which other",EandR1,plantot,41,Planning
EandR1-plantot-exptotfin,Total Planning & Development Services - Total financial expenditure,EandR1,plantot,41,Planning
EandR1-digtot-expgrn,Total Digital Infrastructure - Grants,EandR1,digtot,41,Digital Infrastructure
EandR1-digtot-expgrnla,"Total Digital Infrastructure - Grants, of which to other local authorities",EandR1,digtot,41,Digital Infrastructure
EandR1-digtot-expgrngla,"Total Digital Infrastructure - Grants, of which within GLA group",EandR1,digtot,41,Digital Infrastructure
EandR1-digtot-expgrnoth,"Total Digital Infrastructure - Grants, excluding to local authorities",EandR1,digtot,41,Digital Infrastructure
EandR1-digtot-explns,Total Digital Infrastructure - Loans or other financial assistance,EandR1,digtot,41,Digital Infrastructure
EandR1-digtot-explnsla,"Total Digital Infrastructure - Loans or other financial assistance, of which to other local authorities",EandR1,digtot,41,Digital Infrastructure
EandR1-digtot-explnsgla,"Total Digital Infrastructure - Loans or other financial assistance, of which within GLA group",EandR1,digtot,41,Digital Infrastructure
EandR1-digtot-explnsoth,"Total Digital Infrastructure - Loans or other financial assistance, excluding to local authorities",EandR1,digtot,41,Digital Infrastructure
EandR1-digtot-expshrlns,Total Digital Infrastructure - Acquisition of share or loan capital,EandR1,digtot,41,Digital Infrastructure
EandR1-digtot-expshrlnsgla,"Total Digital Infrastructure - Acquisition of share or loan capital, of which within GLA group",EandR1,digtot,41,Digital Infrastructure
EandR1-digtot-expshrlnsoth,"Total Digital Infrastructure - Acquisition of share or loan capital, of which other",EandR1,digtot,41,Digital Infrastructure
EandR1-digtot-exptotfin,Total Digital Infrastructure - Total financial expenditure,EandR1,digtot,41,Digital Infrastructure
EandR1-poltot-expgrn,Total Police  - Grants,EandR1,poltot,41,Police
EandR1-poltot-expgrnla,"Total Police  - Grants, of which to other local authorities",EandR1,poltot,41,Police
EandR1-poltot-expgrngla,"Total Police  - Grants, of which within GLA group",EandR1,poltot,41,Police
EandR1-poltot-expgrnoth,"Total Police  - Grants, excluding to local authorities",EandR1,poltot,41,Police
EandR1-poltot-explns,Total Police  - Loans or other financial assistance,EandR1,poltot,41,Police
EandR1-poltot-explnsla,"Total Police  - Loans or other financial assistance, of which to other local authorities",EandR1,poltot,41,Police
EandR1-poltot-explnsgla,"Total Police  - Loans or other financial assistance, of which within GLA group",EandR1,poltot,41,Police
EandR1-poltot-explnsoth,"Total Police  - Loans or other financial assistance, excluding to local authorities",EandR1,poltot,41,Police
EandR1-poltot-expshrlns,Total Police  - Acquisition of share or loan capital,EandR1,poltot,41,Police
EandR1-poltot-expshrlnsgla,"Total Police  - Acquisition of share or loan capital, of which within GLA group",EandR1,poltot,41,Police
EandR1-poltot-expshrlnsoth,"Total Police  - Acquisition of share or loan capital, of which other",EandR1,poltot,41,Police
EandR1-poltot-exptotfin,Total Police  - Total financial expenditure,EandR1,poltot,41,Police
EandR1-frstot-expgrn,Total Fire & Rescue Services - Grants,EandR1,frstot,41,Fire & Rescue Services
EandR1-frstot-expgrnla,"Total Fire & Rescue Services - Grants, of which to other local authorities",EandR1,frstot,41,Fire & Rescue Services
EandR1-frstot-expgrngla,"Total Fire & Rescue Services - Grants, of which within GLA group",EandR1,frstot,41,Fire & Rescue Services
EandR1-frstot-expgrnoth,"Total Fire & Rescue Services - Grants, excluding to local authorities",EandR1,frstot,41,Fire & Rescue Services
EandR1-frstot-explns,Total Fire & Rescue Services - Loans or other financial assistance,EandR1,frstot,41,Fire & Rescue Services
EandR1-frstot-explnsla,"Total Fire & Rescue Services - Loans or other financial assistance, of which to other local authorities",EandR1,frstot,41,Fire & Rescue Services
EandR1-frstot-explnsgla,"Total Fire & Rescue Services - Loans or other financial assistance, of which within GLA group",EandR1,frstot,41,Fire & Rescue Services
EandR1-frstot-explnsoth,"Total Fire & Rescue Services - Loans or other financial assistance, excluding to local authorities",EandR1,frstot,41,Fire & Rescue Services
EandR1-frstot-expshrlns,Total Fire & Rescue Services - Acquisition of share or loan capital,EandR1,frstot,41,Fire & Rescue Services
EandR1-frstot-expshrlnsgla,"Total Fire & Rescue Services - Acquisition of share or loan capital, of which within GLA group",EandR1,frstot,41,Fire & Rescue Services
EandR1-frstot-expshrlnsoth,"Total Fire & Rescue Services - Acquisition of share or loan capital, of which other",EandR1,frstot,41,Fire & Rescue Services
EandR1-frstot-exptotfin,Total Fire & Rescue Services - Total financial expenditure,EandR1,frstot,41,Fire & Rescue Services
EandR1-centot-expgrn,Total Central Services - Grants,EandR1,centot,41,Central Services
EandR1-centot-expgrnla,"Total Central Services - Grants, of which to other local authorities",EandR1,centot,41,Central Services
EandR1-centot-expgrngla,"Total Central Services - Grants, of which within GLA group",EandR1,centot,41,Central Services
EandR1-centot-expgrnoth,"Total Central Services - Grants, excluding to local authorities",EandR1,centot,41,Central Services
EandR1-centot-explns,Total Central Services - Loans or other financial assistance,EandR1,centot,41,Central Services
EandR1-centot-explnsla,"Total Central Services - Loans or other financial assistance, of which to other local authorities",EandR1,centot,41,Central Services
EandR1-centot-explnsgla,"Total Central Services - Loans or other financial assistance, of which within GLA group",EandR1,centot,41,Central Services
EandR1-centot-explnsoth,"Total Central Services - Loans or other financial assistance, excluding to local authorities",EandR1,centot,41,Central Services
EandR1-centot-expshrlns,Total Central Services - Acquisition of share or loan capital,EandR1,centot,41,Central Services
EandR1-centot-expshrlnsgla,"Total Central Services - Acquisition of share or loan capital, of which within GLA group",EandR1,centot,41,Central Services
EandR1-centot-expshrlnsoth,"Total Central Services - Acquisition of share or loan capital, of which other",EandR1,centot,41,Central Services
EandR1-centot-exptotfin,Total Central Services - Total financial expenditure,EandR1,centot,41,Central Services
EandR1-tradcomhous-expgrn,Commercial housing - Grants,EandR1,tradcomhous,27,Trading & Commerce
EandR1-tradcomhous-expgrnla,"Commercial housing - Grants, of which to other local authorities",EandR1,tradcomhous,27,Trading & Commerce
EandR1-tradcomhous-expgrngla,"Commercial housing - Grants, of which within GLA group",EandR1,tradcomhous,27,Trading & Commerce
EandR1-tradcomhous-expgrnoth,"Commercial housing - Grants, excluding to local authorities",EandR1,tradcomhous,27,Trading & Commerce
EandR1-tradcomhous-explns,Commercial housing - Loans or other financial assistance,EandR1,tradcomhous,27,Trading & Commerce
EandR1-tradcomhous-explnsla,"Commercial housing - Loans or other financial assistance, of which to other local authorities",EandR1,tradcomhous,27,Trading & Commerce
EandR1-tradcomhous-explnsgla,"Commercial housing - Loans or other financial assistance, of which within GLA group",EandR1,tradcomhous,27,Trading & Commerce
EandR1-tradcomhous-explnsoth,"Commercial housing - Loans or other financial assistance, excluding to local authorities",EandR1,tradcomhous,27,Trading & Commerce
EandR1-tradcomhous-expshrlns,Commercial housing - Acquisition of share or loan capital,EandR1,tradcomhous,27,Trading & Commerce
EandR1-tradcomhous-expshrlnsgla,"Commercial housing - Acquisition of share or loan capital, of which within GLA group",EandR1,tradcomhous,27,Trading & Commerce
EandR1-tradcomhous-expshrlnsoth,"Commercial housing - Acquisition of share or loan capital, of which other",EandR1,tradcomhous,27,Trading & Commerce
EandR1-tradcomhous-exptotfin,Commercial housing - Total financial expenditure,EandR1,tradcomhous,27,Trading & Commerce
EandR1-tradcomreal-expgrn,Other real estate activities - Grants,EandR1,tradcomreal,27,Trading & Commerce
EandR1-tradcomreal-expgrnla,"Other real estate activities - Grants, of which to other local authorities",EandR1,tradcomreal,27,Trading & Commerce
EandR1-tradcomreal-expgrngla,"Other real estate activities - Grants, of which within GLA group",EandR1,tradcomreal,27,Trading & Commerce
EandR1-tradcomreal-expgrnoth,"Other real estate activities - Grants, excluding to local authorities",EandR1,tradcomreal,27,Trading & Commerce
EandR1-tradcomreal-explns,Other real estate activities - Loans or other financial assistance,EandR1,tradcomreal,27,Trading & Commerce
EandR1-tradcomreal-explnsla,"Other real estate activities - Loans or other financial assistance, of which to other local authorities",EandR1,tradcomreal,27,Trading & Commerce
EandR1-tradcomreal-explnsgla,"Other real estate activities - Loans or other financial assistance, of which within GLA group",EandR1,tradcomreal,27,Trading & Commerce
EandR1-tradcomreal-explnsoth,"Other real estate activities - Loans or other financial assistance, excluding to local authorities",EandR1,tradcomreal,27,Trading & Commerce
EandR1-tradcomreal-expshrlns,Other real estate activities - Acquisition of share or loan capital,EandR1,tradcomreal,27,Trading & Commerce
EandR1-tradcomreal-expshrlnsgla,"Other real estate activities - Acquisition of share or loan capital, of which within GLA group",EandR1,tradcomreal,27,Trading & Commerce
EandR1-tradcomreal-expshrlnsoth,"Other real estate activities - Acquisition of share or loan capital, of which other",EandR1,tradcomreal,27,Trading & Commerce
EandR1-tradcomreal-exptotfin,Other real estate activities - Total financial expenditure,EandR1,tradcomreal,27,Trading & Commerce
EandR1-tradcomfin-expgrn,Finance & insurance activity - Grants,EandR1,tradcomfin,27,Trading & Commerce
EandR1-tradcomfin-expgrnla,"Finance & insurance activity - Grants, of which to other local authorities",EandR1,tradcomfin,27,Trading & Commerce
EandR1-tradcomfin-expgrngla,"Finance & insurance activity - Grants, of which within GLA group",EandR1,tradcomfin,27,Trading & Commerce
EandR1-tradcomfin-expgrnoth,"Finance & insurance activity - Grants, excluding to local authorities",EandR1,tradcomfin,27,Trading & Commerce
EandR1-tradcomfin-explns,Finance & insurance activity - Loans or other financial assistance,EandR1,tradcomfin,27,Trading & Commerce
EandR1-tradcomfin-explnsla,"Finance & insurance activity - Loans or other financial assistance, of which to other local authorities",EandR1,tradcomfin,27,Trading & Commerce
EandR1-tradcomfin-explnsgla,"Finance & insurance activity - Loans or other financial assistance, of which within GLA group",EandR1,tradcomfin,27,Trading & Commerce
EandR1-tradcomfin-explnsoth,"Finance & insurance activity - Loans or other financial assistance, excluding to local authorities",EandR1,tradcomfin,27,Trading & Commerce
EandR1-tradcomfin-expshrlns,Finance & insurance activity - Acquisition of share or loan capital,EandR1,tradcomfin,27,Trading & Commerce
EandR1-tradcomfin-expshrlnsgla,"Finance & insurance activity - Acquisition of share or loan capital, of which within GLA group",EandR1,tradcomfin,27,Trading & Commerce
EandR1-tradcomfin-expshrlnsoth,"Finance & insurance activity - Acquisition of share or loan capital, of which other",EandR1,tradcomfin,27,Trading & Commerce
EandR1-tradcomfin-exptotfin,Finance & insurance activity - Total financial expenditure,EandR1,tradcomfin,27,Trading & Commerce
EandR1-tradcomenr-expgrn,Energy generation & supply - Grants,EandR1,tradcomenr,27,Trading & Commerce
EandR1-tradcomenr-expgrnla,"Energy generation & supply - Grants, of which to other local authorities",EandR1,tradcomenr,27,Trading & Commerce
EandR1-tradcomenr-expgrngla,"Energy generation & supply - Grants, of which within GLA group",EandR1,tradcomenr,27,Trading & Commerce
EandR1-tradcomenr-expgrnoth,"Energy generation & supply - Grants, excluding to local authorities",EandR1,tradcomenr,27,Trading & Commerce
EandR1-tradcomenr-explns,Energy generation & supply - Loans or other financial assistance,EandR1,tradcomenr,27,Trading & Commerce
EandR1-tradcomenr-explnsla,"Energy generation & supply - Loans or other financial assistance, of which to other local authorities",EandR1,tradcomenr,27,Trading & Commerce
EandR1-tradcomenr-explnsgla,"Energy generation & supply - Loans or other financial assistance, of which within GLA group",EandR1,tradcomenr,27,Trading & Commerce
EandR1-tradcomenr-explnsoth,"Energy generation & supply - Loans or other financial assistance, excluding to local authorities",EandR1,tradcomenr,27,Trading & Commerce
EandR1-tradcomenr-expshrlns,Energy generation & supply - Acquisition of share or loan capital,EandR1,tradcomenr,27,Trading & Commerce
EandR1-tradcomenr-expshrlnsgla,"Energy generation & supply - Acquisition of share or loan capital, of which within GLA group",EandR1,tradcomenr,27,Trading & Commerce
EandR1-tradcomenr-expshrlnsoth,"Energy generation & supply - Acquisition of share or loan capital, of which other",EandR1,tradcomenr,27,Trading & Commerce
EandR1-tradcomenr-exptotfin,Energy generation & supply - Total financial expenditure,EandR1,tradcomenr,27,Trading & Commerce
EandR1-tradcomwtr-expgrn,"Water supply, sewerage & remediation - Grants",EandR1,tradcomwtr,27,Trading & Commerce
EandR1-tradcomwtr-expgrnla,"Water supply, sewerage & remediation - Grants, of which to other local authorities",EandR1,tradcomwtr,27,Trading & Commerce
EandR1-tradcomwtr-expgrngla,"Water supply, sewerage & remediation - Grants, of which within GLA group",EandR1,tradcomwtr,27,Trading & Commerce
EandR1-tradcomwtr-expgrnoth,"Water supply, sewerage & remediation - Grants, excluding to local authorities",EandR1,tradcomwtr,27,Trading & Commerce
EandR1-tradcomwtr-explns,"Water supply, sewerage & remediation - Loans or other financial assistance",EandR1,tradcomwtr,27,Trading & Commerce
EandR1-tradcomwtr-explnsla,"Water supply, sewerage & remediation - Loans or other financial assistance, of which to other local authorities",EandR1,tradcomwtr,27,Trading & Commerce
EandR1-tradcomwtr-explnsgla,"Water supply, sewerage & remediation - Loans or other financial assistance, of which within GLA group",EandR1,tradcomwtr,27,Trading & Commerce
EandR1-tradcomwtr-explnsoth,"Water supply, sewerage & remediation - Loans or other financial assistance, excluding to local authorities",EandR1,tradcomwtr,27,Trading & Commerce
EandR1-tradcomwtr-expshrlns,"Water supply, sewerage & remediation - Acquisition of share or loan capital",EandR1,tradcomwtr,27,Trading & Commerce
EandR1-tradcomwtr-expshrlnsgla,"Water supply, sewerage & remediation - Acquisition of share or loan capital, of which within GLA group",EandR1,tradcomwtr,27,Trading & Commerce
EandR1-tradcomwtr-expshrlnsoth,"Water supply, sewerage & remediation - Acquisition of share or loan capital, of which other",EandR1,tradcomwtr,27,Trading & Commerce
EandR1-tradcomwtr-exptotfin,"Water supply, sewerage & remediation - Total financial expenditure",EandR1,tradcomwtr,27,Trading & Commerce
EandR1-tradcomhsp-expgrn,Hospitality & catering - Grants,EandR1,tradcomhsp,27,Trading & Commerce
EandR1-tradcomhsp-expgrnla,"Hospitality & catering - Grants, of which to other local authorities",EandR1,tradcomhsp,27,Trading & Commerce
EandR1-tradcomhsp-expgrngla,"Hospitality & catering - Grants, of which within GLA group",EandR1,tradcomhsp,27,Trading & Commerce
EandR1-tradcomhsp-expgrnoth,"Hospitality & catering - Grants, excluding to local authorities",EandR1,tradcomhsp,27,Trading & Commerce
EandR1-tradcomhsp-explns,Hospitality & catering - Loans or other financial assistance,EandR1,tradcomhsp,27,Trading & Commerce
EandR1-tradcomhsp-explnsla,"Hospitality & catering - Loans or other financial assistance, of which to other local authorities",EandR1,tradcomhsp,27,Trading & Commerce
EandR1-tradcomhsp-explnsgla,"Hospitality & catering - Loans or other financial assistance, of which within GLA group",EandR1,tradcomhsp,27,Trading & Commerce
EandR1-tradcomhsp-explnsoth,"Hospitality & catering - Loans or other financial assistance, excluding to local authorities",EandR1,tradcomhsp,27,Trading & Commerce
EandR1-tradcomhsp-expshrlns,Hospitality & catering - Acquisition of share or loan capital,EandR1,tradcomhsp,27,Trading & Commerce
EandR1-tradcomhsp-expshrlnsgla,"Hospitality & catering - Acquisition of share or loan capital, of which within GLA group",EandR1,tradcomhsp,27,Trading & Commerce
EandR1-tradcomhsp-expshrlnsoth,"Hospitality & catering - Acquisition of share or loan capital, of which other",EandR1,tradcomhsp,27,Trading & Commerce
EandR1-tradcomhsp-exptotfin,Hospitality & catering - Total financial expenditure,EandR1,tradcomhsp,27,Trading & Commerce
EandR1-tradcomoth-expgrn,Other commercial activity - Grants,EandR1,tradcomoth,27,Trading & Commerce
EandR1-tradcomoth-expgrnla,"Other commercial activity - Grants, of which to other local authorities",EandR1,tradcomoth,27,Trading & Commerce
EandR1-tradcomoth-expgrngla,"Other commercial activity - Grants, of which within GLA group",EandR1,tradcomoth,27,Trading & Commerce
EandR1-tradcomoth-expgrnoth,"Other commercial activity - Grants, excluding to local authorities",EandR1,tradcomoth,27,Trading & Commerce
EandR1-tradcomoth-explns,Other commercial activity - Loans or other financial assistance,EandR1,tradcomoth,27,Trading & Commerce
EandR1-tradcomoth-explnsla,"Other commercial activity - Loans or other financial assistance, of which to other local authorities",EandR1,tradcomoth,27,Trading & Commerce
EandR1-tradcomoth-explnsgla,"Other commercial activity - Loans or other financial assistance, of which within GLA group",EandR1,tradcomoth,27,Trading & Commerce
EandR1-tradcomoth-explnsoth,"Other commercial activity - Loans or other financial assistance, excluding to local authorities",EandR1,tradcomoth,27,Trading & Commerce
EandR1-tradcomoth-expshrlns,Other commercial activity - Acquisition of share or loan capital,EandR1,tradcomoth,27,Trading & Commerce
EandR1-tradcomoth-expshrlnsgla,"Other commercial activity - Acquisition of share or loan capital, of which within GLA group",EandR1,tradcomoth,27,Trading & Commerce
EandR1-tradcomoth-expshrlnsoth,"Other commercial activity - Acquisition of share or loan capital, of which other",EandR1,tradcomoth,27,Trading & Commerce
EandR1-tradcomoth-exptotfin,Other commercial activity - Total financial expenditure,EandR1,tradcomoth,27,Trading & Commerce
EandR1-tradcomtot-expgrn,Total Industrial & Commercial Trading - Grants,EandR1,tradcomtot,27,Trading & Commerce
EandR1-tradcomtot-expgrnla,"Total Industrial & Commercial Trading - Grants, of which to other local authorities",EandR1,tradcomtot,27,Trading & Commerce
EandR1-tradcomtot-expgrngla,"Total Industrial & Commercial Trading - Grants, of which within GLA group",EandR1,tradcomtot,27,Trading & Commerce
EandR1-tradcomtot-expgrnoth,"Total Industrial & Commercial Trading - Grants, excluding to local authorities",EandR1,tradcomtot,27,Trading & Commerce
EandR1-tradcomtot-explns,Total Industrial & Commercial Trading - Loans or other financial assistance,EandR1,tradcomtot,27,Trading & Commerce
EandR1-tradcomtot-explnsla,"Total Industrial & Commercial Trading - Loans or other financial assistance, of which to other local authorities",EandR1,tradcomtot,27,Trading & Commerce
EandR1-tradcomtot-explnsgla,"Total Industrial & Commercial Trading - Loans or other financial assistance, of which within GLA group",EandR1,tradcomtot,27,Trading & Commerce
EandR1-tradcomtot-explnsoth,"Total Industrial & Commercial Trading - Loans or other financial assistance, excluding to local authorities",EandR1,tradcomtot,27,Trading & Commerce
EandR1-tradcomtot-expshrlns,Total Industrial & Commercial Trading - Acquisition of share or loan capital,EandR1,tradcomtot,27,Trading & Commerce
EandR1-tradcomtot-expshrlnsgla,"Total Industrial & Commercial Trading - Acquisition of share or loan capital, of which within GLA group",EandR1,tradcomtot,27,Trading & Commerce
EandR1-tradcomtot-expshrlnsoth,"Total Industrial & Commercial Trading - Acquisition of share or loan capital, of which other",EandR1,tradcomtot,27,Trading & Commerce
EandR1-tradcomtot-exptotfin,Total Industrial & Commercial Trading - Total financial expenditure,EandR1,tradcomtot,27,Trading & Commerce
EandR1-tradoth-expgrn,Other Trading - Grants,EandR1,tradoth,27,Trading
EandR1-tradoth-expgrnla,"Other Trading - Grants, of which to other local authorities",EandR1,tradoth,27,Trading
EandR1-tradoth-expgrngla,"Other Trading - Grants, of which within GLA group",EandR1,tradoth,27,Trading
EandR1-tradoth-expgrnoth,"Other Trading - Grants, excluding to local authorities",EandR1,tradoth,27,Trading
EandR1-tradoth-explns,Other Trading - Loans or other financial assistance,EandR1,tradoth,27,Trading
EandR1-tradoth-explnsla,"Other Trading - Loans or other financial assistance, of which to other local authorities",EandR1,tradoth,27,Trading
EandR1-tradoth-explnsgla,"Other Trading - Loans or other financial assistance, of which within GLA group",EandR1,tradoth,27,Trading
EandR1-tradoth-explnsoth,"Other Trading - Loans or other financial assistance, excluding to local authorities",EandR1,tradoth,27,Trading
EandR1-tradoth-expshrlns,Other Trading - Acquisition of share or loan capital,EandR1,tradoth,27,Trading
EandR1-tradoth-expshrlnsgla,"Other Trading - Acquisition of share or loan capital, of which within GLA group",EandR1,tradoth,27,Trading
EandR1-tradoth-expshrlnsoth,"Other Trading - Acquisition of share or loan capital, of which other",EandR1,tradoth,27,Trading
EandR1-tradoth-exptotfin,Other Trading - Total financial expenditure,EandR1,tradoth,27,Trading
EandR1-tradtot-expgrn,Total Trading Services - Grants,EandR1,tradtot,41,Trading
EandR1-tradtot-expgrnla,"Total Trading Services - Grants, of which to other local authorities",EandR1,tradtot,41,Trading
EandR1-tradtot-expgrngla,"Total Trading Services - Grants, of which within GLA group",EandR1,tradtot,41,Trading
EandR1-tradtot-expgrnoth,"Total Trading Services - Grants, excluding to local authorities",EandR1,tradtot,41,Trading
EandR1-tradtot-explns,Total Trading Services - Loans or other financial assistance,EandR1,tradtot,41,Trading
EandR1-tradtot-explnsla,"Total Trading Services - Loans or other financial assistance, of which to other local authorities",EandR1,tradtot,41,Trading
EandR1-tradtot-explnsgla,"Total Trading Services - Loans or other financial assistance, of which within GLA group",EandR1,tradtot,41,Trading
EandR1-tradtot-explnsoth,"Total Trading Services - Loans or other financial assistance, excluding to local authorities",EandR1,tradtot,41,Trading
EandR1-tradtot-expshrlns,Total Trading Services - Acquisition of share or loan capital,EandR1,tradtot,41,Trading
EandR1-tradtot-expshrlnsgla,"Total Trading Services - Acquisition of share or loan capital, of which within GLA group",EandR1,tradtot,41,Trading
EandR1-tradtot-expshrlnsoth,"Total Trading Services - Acquisition of share or loan capital, of which other",EandR1,tradtot,41,Trading
EandR1-tradtot-exptotfin,Total Trading Services - Total financial expenditure,EandR1,tradtot,41,Trading
EandR1-alltot-expgrn,All Services Total - Grants,EandR1,alltot,43,All Services
EandR1-alltot-expgrnla,"All Services Total - Grants, of which to other local authorities",EandR1,alltot,43,All Services
EandR1-alltot-expgrngla,"All Services Total - Grants, of which within GLA group",EandR1,alltot,43,All Services
EandR1-alltot-expgrnoth,"All Services Total - Grants, excluding to local authorities",EandR1,alltot,43,All Services
EandR1-alltot-explns,All Services Total - Loans or other financial assistance,EandR1,alltot,43,All Services
EandR1-alltot-explnsla,"All Services Total - Loans or other financial assistance, of which to other local authorities",EandR1,alltot,43,All Services
EandR1-alltot-explnsgla,"All Services Total - Loans or other financial assistance, of which within GLA group",EandR1,alltot,43,All Services
EandR1-alltot-explnsoth,"All Services Total - Loans or other financial assistance, excluding to local authorities",EandR1,alltot,43,All Services
EandR1-alltot-expshrlns,All Services Total - Acquisition of share or loan capital,EandR1,alltot,43,All Services
EandR1-alltot-expshrlnsgla,"All Services Total - Acquisition of share or loan capital, of which within GLA group",EandR1,alltot,43,All Services
EandR1-alltot-expshrlnsoth,"All Services Total - Acquisition of share or loan capital, of which other",EandR1,alltot,43,All Services
EandR1-alltot-exptotfin,All Services Total - Total financial expenditure,EandR1,alltot,43,All Services
EandR1-eduerlprm-exptot,Early Years & Primary Schools - Total capital expenditure,EandR1,eduerlprm,27,Education
EandR1-eduscn-exptot,Secondary Schools - Total capital expenditure,EandR1,eduscn,27,Education
EandR1-eduspc-exptot,Special Schools & Alternative Provision - Total capital expenditure,EandR1,eduspc,27,Education
EandR1-edupstoth-exptot,Post-16 Provision & Other Education - Total capital expenditure,EandR1,edupstoth,27,Education
EandR1-edutot-exptot,Total Education - Total capital expenditure,EandR1,edutot,41,Education
EandR1-edutot-exps162b,Total Education - Expenditure treated as capital by virtue of a Section 16(2)(b) Direction,EandR1,edutot,41,Education
EandR1-edutot-expgrandtot,Total Education - Total capital expenditure & other transactions,EandR1,edutot,41,Education
EandR1-transrds-exptot,"Roads, Street Lighting & Road Safety - Total capital expenditure",EandR1,transrds,34,Transport
EandR1-transprk-exptot,Parking - Total capital expenditure,EandR1,transprk,27,Transport
EandR1-transpblbus-exptot,Public Transport (Bus) - Total capital expenditure,EandR1,transpblbus,27,Transport
EandR1-transpblrail-exptot,Public Transport (Rail & Other) - Total capital expenditure,EandR1,transpblrail,27,Transport
EandR1-transahtarp-exptot,Airports - Total capital expenditure,EandR1,transahtarp,27,Transport
EandR1-transahthrbprs-exptot,Ports & Piers  - Total capital expenditure,EandR1,transahthrbprs,27,Transport
EandR1-transahttll-exptot,"Tolled Roads, Bridges, Tunnels,Ferries & Public Transport Companies - Total capital expenditure",EandR1,transahttll,27,Transport
EandR1-transtot-exptot,Total Highways & Transport - Total capital expenditure,EandR1,transtot,41,Transport
EandR1-transtot-exps162b,Total Highways & Transport - Expenditure treated as capital by virtue of a Section 16(2)(b) Direction,EandR1,transtot,41,Transport
EandR1-transtot-expgrandtot,Total Highways & Transport - Total capital expenditure & other transactions,EandR1,transtot,41,Transport
EandR1-sctot-exptot,Total Social Care - Total capital expenditure,EandR1,sctot,45,Social Care
EandR1-sctot-exps162b,Total Social Care - Expenditure treated as capital by virtue of a Section 16(2)(b) Direction,EandR1,sctot,45,Social Care
EandR1-sctot-expgrandtot,Total Social Care - Total capital expenditure & other transactions,EandR1,sctot,45,Social Care
EandR1-phtot-exptot,Total Public Health  - Total capital expenditure,EandR1,phtot,41,Public Health
EandR1-phtot-exps162b,Total Public Health  - Expenditure treated as capital by virtue of a Section 16(2)(b) Direction,EandR1,phtot,41,Public Health
EandR1-phtot-expgrandtot,Total Public Health  - Total capital expenditure & other transactions,EandR1,phtot,41,Public Health
EandR1-houshratot-exptot,Housing (HRA) - Total capital expenditure,EandR1,houshratot,27,Housing
EandR1-housgfcftot-exptot,Housing (non-HRA) - Total capital expenditure,EandR1,housgfcftot,27,Housing
EandR1-houstot-exptot,Total Housing - Total capital expenditure,EandR1,houstot,43,Housing
EandR1-houstot-explsvt,Total Housing - Payment of LSVT levy,EandR1,houstot,43,Housing
EandR1-houstot-exps162b,Total Housing - Expenditure treated as capital by virtue of a Section 16(2)(b) Direction,EandR1,houstot,43,Housing
EandR1-houstot-expgrandtot,Total Housing - Total capital expenditure & other transactions,EandR1,houstot,43,Housing
EandR1-culhrt-exptot,Culture & Heritage - Total capital expenditure,EandR1,culhrt,27,Culture & Leisure (incl. Sport & Open Spaces)
EandR1-culspr-exptot,Recreation & Sport - Total capital expenditure,EandR1,culspr,27,Culture & Leisure (incl. Sport & Open Spaces)
EandR1-culopn-exptot,Open Spaces - Total capital expenditure,EandR1,culopn,27,Culture & Leisure (incl. Sport & Open Spaces)
EandR1-cultrs-exptot,Tourism - Total capital expenditure,EandR1,cultrs,27,Culture & Leisure (incl. Sport & Open Spaces)
EandR1-cullib-exptot,Library Services - Total capital expenditure,EandR1,cullib,27,Culture & Leisure (incl. Sport & Open Spaces)
EandR1-cultot-exptot,Total Culture & Related Services - Total capital expenditure,EandR1,cultot,41,Culture & Leisure (incl. Sport & Open Spaces)
EandR1-cultot-exps162b,Total Culture & Related Services - Expenditure treated as capital by virtue of a Section 16(2)(b) Direction,EandR1,cultot,41,Culture & Leisure (incl. Sport & Open Spaces)
EandR1-cultot-expgrandtot,Total Culture & Related Services - Total capital expenditure & other transactions,EandR1,cultot,41,Culture & Leisure (incl. Sport & Open Spaces)
EandR1-envcmt-exptot,"Cemeteries, Cremation & Mortuary - Total capital expenditure",EandR1,envcmt,27,Environment
EandR1-envcst-exptot,Coast Protection - Total capital expenditure,EandR1,envcst,27,Environment
EandR1-envcmm-exptot,Community Safety - Total capital expenditure,EandR1,envcmm,27,Environment
EandR1-envflddrn-exptot,Flood Defence & Land Drainage - Total capital expenditure,EandR1,envflddrn,27,Environment
EandR1-envagr-exptot,Agricultural & Fisheries Services - Total capital expenditure,EandR1,envagr,27,Environment
EandR1-envrglenv-exptot,Regulatory Services (Environmental Health) - Total capital expenditure,EandR1,envrglenv,27,Environment
EandR1-envrgltrd-exptot,Regulatory Services (Trading Standards) - Total capital expenditure,EandR1,envrgltrd,27,Environment
EandR1-envstr-exptot,Street Cleaning (not chargeable to highways) - Total capital expenditure,EandR1,envstr,27,Environment
EandR1-envcll-exptot,Waste Collection - Total capital expenditure,EandR1,envcll,27,Environment
EandR1-envdsp-exptot,Waste Disposal - Total capital expenditure,EandR1,envdsp,27,Environment
EandR1-envtrd-exptot,Trade Waste - Total capital expenditure,EandR1,envtrd,27,Environment
EandR1-envrcy-exptot,Recycling - Total capital expenditure,EandR1,envrcy,27,Environment
EandR1-envmin-exptot,Waste Minimisation - Total capital expenditure,EandR1,envmin,27,Environment
EandR1-envclm-exptot,Climate Change Costs - Total capital expenditure,EandR1,envclm,27,Environment
EandR1-envtot-exptot,Total Environmental & Regulatory Services - Total capital expenditure,EandR1,envtot,41,Environment
EandR1-envtot-exps162b,Total Environmental & Regulatory Services - Expenditure treated as capital by virtue of a Section 16(2)(b) Direction,EandR1,envtot,41,Environment
EandR1-envtot-expgrandtot,Total Environmental & Regulatory Services - Total capital expenditure & other transactions,EandR1,envtot,41,Environment
EandR1-plantot-exptot,Total Planning & Development Services - Total capital expenditure,EandR1,plantot,41,Planning
EandR1-plantot-exps162b,Total Planning & Development Services - Expenditure treated as capital by virtue of a Section 16(2)(b) Direction,EandR1,plantot,41,Planning
EandR1-plantot-expgrandtot,Total Planning & Development Services - Total capital expenditure & other transactions,EandR1,plantot,41,Planning
EandR1-digtot-exptot,Total Digital Infrastructure - Total capital expenditure,EandR1,digtot,41,Digital Infrastructure
EandR1-digtot-exps162b,Total Digital Infrastructure - Expenditure treated as capital by virtue of a Section 16(2)(b) Direction,EandR1,digtot,41,Digital Infrastructure
EandR1-digtot-expgrandtot,Total Digital Infrastructure - Total capital expenditure & other transactions,EandR1,digtot,41,Digital Infrastructure
EandR1-poltot-exptot,Total Police  - Total capital expenditure,EandR1,poltot,41,Police
EandR1-poltot-exps162b,Total Police  - Expenditure treated as capital by virtue of a Section 16(2)(b) Direction,EandR1,poltot,41,Police
EandR1-poltot-expgrandtot,Total Police  - Total capital expenditure & other transactions,EandR1,poltot,41,Police
EandR1-frstot-exptot,Total Fire & Rescue Services - Total capital expenditure,EandR1,frstot,41,Fire & Rescue Services
EandR1-frstot-exps162b,Total Fire & Rescue Services - Expenditure treated as capital by virtue of a Section 16(2)(b) Direction,EandR1,frstot,41,Fire & Rescue Services
EandR1-frstot-expgrandtot,Total Fire & Rescue Services - Total capital expenditure & other transactions,EandR1,frstot,41,Fire & Rescue Services
EandR1-centot-exptot,Total Central Services - Total capital expenditure,EandR1,centot,41,Central Services
EandR1-centot-exps162b,Total Central Services - Expenditure treated as capital by virtue of a Section 16(2)(b) Direction,EandR1,centot,41,Central Services
EandR1-centot-expgrandtot,Total Central Services - Total capital expenditure & other transactions,EandR1,centot,41,Central Services
EandR1-tradcomhous-exptot,Commercial housing - Total capital expenditure,EandR1,tradcomhous,27,Trading & Commerce
EandR1-tradcomreal-exptot,Other real estate activities - Total capital expenditure,EandR1,tradcomreal,27,Trading & Commerce
EandR1-tradcomfin-exptot,Finance & insurance activity - Total capital expenditure,EandR1,tradcomfin,27,Trading & Commerce
EandR1-tradcomenr-exptot,Energy generation & supply - Total capital expenditure,EandR1,tradcomenr,27,Trading & Commerce
EandR1-tradcomwtr-exptot,"Water supply, sewerage & remediation - Total capital expenditure",EandR1,tradcomwtr,27,Trading & Commerce
EandR1-tradcomhsp-exptot,Hospitality & catering - Total capital expenditure,EandR1,tradcomhsp,27,Trading & Commerce
EandR1-tradcomoth-exptot,Other commercial activity - Total capital expenditure,EandR1,tradcomoth,27,Trading & Commerce
EandR1-tradcomtot-exptot,Total Industrial & Commercial Trading - Total capital expenditure,EandR1,tradcomtot,27,Trading & Commerce
EandR1-tradoth-exptot,Other Trading - Total capital expenditure,EandR1,tradoth,27,Trading
EandR1-tradtot-exptot,Total Trading Services - Total capital expenditure,EandR1,tradtot,41,Trading
EandR1-tradtot-exps162b,Total Trading Services - Expenditure treated as capital by virtue of a Section 16(2)(b) Direction,EandR1,tradtot,41,Trading
EandR1-tradtot-expgrandtot,Total Trading Services - Total capital expenditure & other transactions,EandR1,tradtot,41,Trading
EandR1-alltot-exptot,All Services Total - Total capital expenditure,EandR1,alltot,43,All Services
EandR1-alltot-explsvt,All Services Total - Payment of LSVT levy,EandR1,alltot,43,All Services
EandR1-alltot-exps162b,All Services Total - Expenditure treated as capital by virtue of a Section 16(2)(b) Direction,EandR1,alltot,43,All Services
EandR1-alltot-expgrandtot,All Services Total - Total capital expenditure & other transactions,EandR1,alltot,43,All Services
EandR1-eduerlprm-rectng,Early Years & Primary Schools - Disposal of tangible fixed assets,EandR1,eduerlprm,27,Education
EandR1-eduerlprm-recint,Early Years & Primary Schools - Disposal of intangible fixed assets,EandR1,eduerlprm,27,Education
EandR1-eduerlprm-recrpy,"Early Years & Primary Schools - Repayments of grants, loans & other financial assistance",EandR1,eduerlprm,27,Education
EandR1-eduerlprm-recinv,Early Years & Primary Schools - Disposal of investments (including share or loan capital),EandR1,eduerlprm,27,Education
EandR1-eduerlprm-rectot,Early Years & Primary Schools - Total capital receipts,EandR1,eduerlprm,27,Education
EandR1-eduerlprm-rectotla,"Early Years & Primary Schools - Total capital receipts, of which from other local authorities",EandR1,eduerlprm,27,Education
EandR1-eduerlprm-rectototh,"Early Years & Primary Schools - Total capital receipts, excluding from other local authorities",EandR1,eduerlprm,27,Education
EandR1-eduscn-rectng,Secondary Schools - Disposal of tangible fixed assets,EandR1,eduscn,27,Education
EandR1-eduscn-recint,Secondary Schools - Disposal of intangible fixed assets,EandR1,eduscn,27,Education
EandR1-eduscn-recrpy,"Secondary Schools - Repayments of grants, loans & other financial assistance",EandR1,eduscn,27,Education
EandR1-eduscn-recinv,Secondary Schools - Disposal of investments (including share or loan capital),EandR1,eduscn,27,Education
EandR1-eduscn-rectot,Secondary Schools - Total capital receipts,EandR1,eduscn,27,Education
EandR1-eduscn-rectotla,"Secondary Schools - Total capital receipts, of which from other local authorities",EandR1,eduscn,27,Education
EandR1-eduscn-rectototh,"Secondary Schools - Total capital receipts, excluding from other local authorities",EandR1,eduscn,27,Education
EandR1-eduspc-rectng,Special Schools & Alternative Provision - Disposal of tangible fixed assets,EandR1,eduspc,27,Education
EandR1-eduspc-recint,Special Schools & Alternative Provision - Disposal of intangible fixed assets,EandR1,eduspc,27,Education
EandR1-eduspc-recrpy,"Special Schools & Alternative Provision - Repayments of grants, loans & other financial assistance",EandR1,eduspc,27,Education
EandR1-eduspc-recinv,Special Schools & Alternative Provision - Disposal of investments (including share or loan capital),EandR1,eduspc,27,Education
EandR1-eduspc-rectot,Special Schools & Alternative Provision - Total capital receipts,EandR1,eduspc,27,Education
EandR1-eduspc-rectotla,"Special Schools & Alternative Provision - Total capital receipts, of which from other local authorities",EandR1,eduspc,27,Education
EandR1-eduspc-rectototh,"Special Schools & Alternative Provision - Total capital receipts, excluding from other local authorities",EandR1,eduspc,27,Education
EandR1-edupstoth-rectng,Post-16 Provision & Other Education - Disposal of tangible fixed assets,EandR1,edupstoth,27,Education
EandR1-edupstoth-recint,Post-16 Provision & Other Education - Disposal of intangible fixed assets,EandR1,edupstoth,27,Education
EandR1-edupstoth-recrpy,"Post-16 Provision & Other Education - Repayments of grants, loans & other financial assistance",EandR1,edupstoth,27,Education
EandR1-edupstoth-recinv,Post-16 Provision & Other Education - Disposal of investments (including share or loan capital),EandR1,edupstoth,27,Education
EandR1-edupstoth-rectot,Post-16 Provision & Other Education - Total capital receipts,EandR1,edupstoth,27,Education
EandR1-edupstoth-rectotla,"Post-16 Provision & Other Education - Total capital receipts, of which from other local authorities",EandR1,edupstoth,27,Education
EandR1-edupstoth-rectototh,"Post-16 Provision & Other Education - Total capital receipts, excluding from other local authorities",EandR1,edupstoth,27,Education
EandR1-edutot-rectng,Total Education - Disposal of tangible fixed assets,EandR1,edutot,41,Education
EandR1-edutot-recint,Total Education - Disposal of intangible fixed assets,EandR1,edutot,41,Education
EandR1-edutot-recrpy,"Total Education - Repayments of grants, loans & other financial assistance",EandR1,edutot,41,Education
EandR1-edutot-recinv,Total Education - Disposal of investments (including share or loan capital),EandR1,edutot,41,Education
EandR1-edutot-rectot,Total Education - Total capital receipts,EandR1,edutot,41,Education
EandR1-edutot-rectotla,"Total Education - Total capital receipts, of which from other local authorities",EandR1,edutot,41,Education
EandR1-edutot-rectototh,"Total Education - Total capital receipts, excluding from other local authorities",EandR1,edutot,41,Education
EandR1-transrds-rectng,"Roads, Street Lighting & Road Safety - Disposal of tangible fixed assets",EandR1,transrds,34,Transport
EandR1-transrds-recint,"Roads, Street Lighting & Road Safety - Disposal of intangible fixed assets",EandR1,transrds,34,Transport
EandR1-transrds-recrpy,"Roads, Street Lighting & Road Safety - Repayments of grants, loans & other financial assistance",EandR1,transrds,34,Transport
EandR1-transrds-recinv,"Roads, Street Lighting & Road Safety - Disposal of investments (including share or loan capital)",EandR1,transrds,34,Transport
EandR1-transrds-rectot,"Roads, Street Lighting & Road Safety - Total capital receipts",EandR1,transrds,34,Transport
EandR1-transrds-rectotla,"Roads, Street Lighting & Road Safety - Total capital receipts, of which from other local authorities",EandR1,transrds,34,Transport
EandR1-transrds-rectototh,"Roads, Street Lighting & Road Safety - Total capital receipts, excluding from other local authorities",EandR1,transrds,34,Transport
EandR1-transprk-rectng,Parking - Disposal of tangible fixed assets,EandR1,transprk,27,Transport
EandR1-transprk-recint,Parking - Disposal of intangible fixed assets,EandR1,transprk,27,Transport
EandR1-transprk-recrpy,"Parking - Repayments of grants, loans & other financial assistance",EandR1,transprk,27,Transport
EandR1-transprk-recinv,Parking - Disposal of investments (including share or loan capital),EandR1,transprk,27,Transport
EandR1-transprk-rectot,Parking - Total capital receipts,EandR1,transprk,27,Transport
EandR1-transprk-rectotla,"Parking - Total capital receipts, of which from other local authorities",EandR1,transprk,27,Transport
EandR1-transprk-rectototh,"Parking - Total capital receipts, excluding from other local authorities",EandR1,transprk,27,Transport
EandR1-transpblbus-rectng,Public Transport (Bus) - Disposal of tangible fixed assets,EandR1,transpblbus,27,Transport
EandR1-transpblbus-recint,Public Transport (Bus) - Disposal of intangible fixed assets,EandR1,transpblbus,27,Transport
EandR1-transpblbus-recrpy,"Public Transport (Bus) - Repayments of grants, loans & other financial assistance",EandR1,transpblbus,27,Transport
EandR1-transpblbus-recinv,Public Transport (Bus) - Disposal of investments (including share or loan capital),EandR1,transpblbus,27,Transport
EandR1-transpblbus-rectot,Public Transport (Bus) - Total capital receipts,EandR1,transpblbus,27,Transport
EandR1-transpblbus-rectotla,"Public Transport (Bus) - Total capital receipts, of which from other local authorities",EandR1,transpblbus,27,Transport
EandR1-transpblbus-rectototh,"Public Transport (Bus) - Total capital receipts, excluding from other local authorities",EandR1,transpblbus,27,Transport
EandR1-transpblrail-rectng,Public Transport (Rail & Other) - Disposal of tangible fixed assets,EandR1,transpblrail,27,Transport
EandR1-transpblrail-recint,Public Transport (Rail & Other) - Disposal of intangible fixed assets,EandR1,transpblrail,27,Transport
EandR1-transpblrail-recrpy,"Public Transport (Rail & Other) - Repayments of grants, loans & other financial assistance",EandR1,transpblrail,27,Transport
EandR1-transpblrail-recinv,Public Transport (Rail & Other) - Disposal of investments (including share or loan capital),EandR1,transpblrail,27,Transport
EandR1-transpblrail-rectot,Public Transport (Rail & Other) - Total capital receipts,EandR1,transpblrail,27,Transport
EandR1-transpblrail-rectotla,"Public Transport (Rail & Other) - Total capital receipts, of which from other local authorities",EandR1,transpblrail,27,Transport
EandR1-transpblrail-rectototh,"Public Transport (Rail & Other) - Total capital receipts, excluding from other local authorities",EandR1,transpblrail,27,Transport
EandR1-transahtarp-rectng,Airports - Disposal of tangible fixed assets,EandR1,transahtarp,27,Transport
EandR1-transahtarp-recint,Airports - Disposal of intangible fixed assets,EandR1,transahtarp,27,Transport
EandR1-transahtarp-recrpy,"Airports - Repayments of grants, loans & other financial assistance",EandR1,transahtarp,27,Transport
EandR1-transahtarp-recinv,Airports - Disposal of investments (including share or loan capital),EandR1,transahtarp,27,Transport
EandR1-transahtarp-rectot,Airports - Total capital receipts,EandR1,transahtarp,27,Transport
EandR1-transahtarp-rectotla,"Airports - Total capital receipts, of which from other local authorities",EandR1,transahtarp,27,Transport
EandR1-transahtarp-rectototh,"Airports - Total capital receipts, excluding from other local authorities",EandR1,transahtarp,27,Transport
EandR1-transahthrbprs-rectng,Ports & Piers  - Disposal of tangible fixed assets,EandR1,transahthrbprs,27,Transport
EandR1-transahthrbprs-recint,Ports & Piers  - Disposal of intangible fixed assets,EandR1,transahthrbprs,27,Transport
EandR1-transahthrbprs-recrpy,"Ports & Piers  - Repayments of grants, loans & other financial assistance",EandR1,transahthrbprs,27,Transport
EandR1-transahthrbprs-recinv,Ports & Piers  - Disposal of investments (including share or loan capital),EandR1,transahthrbprs,27,Transport
EandR1-transahthrbprs-rectot,Ports & Piers  - Total capital receipts,EandR1,transahthrbprs,27,Transport
EandR1-transahthrbprs-rectotla,"Ports & Piers  - Total capital receipts, of which from other local authorities",EandR1,transahthrbprs,27,Transport
EandR1-transahthrbprs-rectototh,"Ports & Piers  - Total capital receipts, excluding from other local authorities",EandR1,transahthrbprs,27,Transport
EandR1-transahttll-rectng,"Tolled Roads, Bridges, Tunnels,Ferries & Public Transport Companies - Disposal of tangible fixed assets",EandR1,transahttll,27,Transport
EandR1-transahttll-recint,"Tolled Roads, Bridges, Tunnels,Ferries & Public Transport Companies - Disposal of intangible fixed assets",EandR1,transahttll,27,Transport
EandR1-transahttll-recrpy,"Tolled Roads, Bridges, Tunnels,Ferries & Public Transport Companies - Repayments of grants, loans & other financial assistance",EandR1,transahttll,27,Transport
EandR1-transahttll-recinv,"Tolled Roads, Bridges, Tunnels,Ferries & Public Transport Companies - Disposal of investments (including share or loan capital)",EandR1,transahttll,27,Transport
EandR1-transahttll-rectot,"Tolled Roads, Bridges, Tunnels,Ferries & Public Transport Companies - Total capital receipts",EandR1,transahttll,27,Transport
EandR1-transahttll-rectotla,"Tolled Roads, Bridges, Tunnels,Ferries & Public Transport Companies - Total capital receipts, of which from other local authorities",EandR1,transahttll,27,Transport
EandR1-transahttll-rectototh,"Tolled Roads, Bridges, Tunnels,Ferries & Public Transport Companies - Total capital receipts, excluding from other local authorities",EandR1,transahttll,27,Transport
EandR1-transtot-rectng,Total Highways & Transport - Disposal of tangible fixed assets,EandR1,transtot,41,Transport
EandR1-transtot-recint,Total Highways & Transport - Disposal of intangible fixed assets,EandR1,transtot,41,Transport
EandR1-transtot-recrpy,"Total Highways & Transport - Repayments of grants, loans & other financial assistance",EandR1,transtot,41,Transport
EandR1-transtot-recinv,Total Highways & Transport - Disposal of investments (including share or loan capital),EandR1,transtot,41,Transport
EandR1-transtot-rectot,Total Highways & Transport - Total capital receipts,EandR1,transtot,41,Transport
EandR1-transtot-rectotla,"Total Highways & Transport - Total capital receipts, of which from other local authorities",EandR1,transtot,41,Transport
EandR1-transtot-rectototh,"Total Highways & Transport - Total capital receipts, excluding from other local authorities",EandR1,transtot,41,Transport
EandR1-sctot-rectng,Total Social Care - Disposal of tangible fixed assets,EandR1,sctot,45,Social Care
EandR1-sctot-recint,Total Social Care - Disposal of intangible fixed assets,EandR1,sctot,45,Social Care
EandR1-sctot-recrpy,"Total Social Care - Repayments of grants, loans & other financial assistance",EandR1,sctot,45,Social Care
EandR1-sctot-recinv,Total Social Care - Disposal of investments (including share or loan capital),EandR1,sctot,45,Social Care
EandR1-sctot-rectot,Total Social Care - Total capital receipts,EandR1,sctot,45,Social Care
EandR1-sctot-rectotla,"Total Social Care - Total capital receipts, of which from other local authorities",EandR1,sctot,45,Social Care
EandR1-sctot-rectototh,"Total Social Care - Total capital receipts, excluding from other local authorities",EandR1,sctot,45,Social Care
EandR1-phtot-rectng,Total Public Health  - Disposal of tangible fixed assets,EandR1,phtot,41,Public Health
EandR1-phtot-recint,Total Public Health  - Disposal of intangible fixed assets,EandR1,phtot,41,Public Health
EandR1-phtot-recrpy,"Total Public Health  - Repayments of grants, loans & other financial assistance",EandR1,phtot,41,Public Health
EandR1-phtot-recinv,Total Public Health  - Disposal of investments (including share or loan capital),EandR1,phtot,41,Public Health
EandR1-phtot-rectot,Total Public Health  - Total capital receipts,EandR1,phtot,41,Public Health
EandR1-phtot-rectotla,"Total Public Health  - Total capital receipts, of which from other local authorities",EandR1,phtot,41,Public Health
EandR1-phtot-rectototh,"Total Public Health  - Total capital receipts, excluding from other local authorities",EandR1,phtot,41,Public Health
EandR1-houshratot-rectng,Housing (HRA) - Disposal of tangible fixed assets,EandR1,houshratot,27,Housing
EandR1-houshratot-recint,Housing (HRA) - Disposal of intangible fixed assets,EandR1,houshratot,27,Housing
EandR1-houshratot-recrpy,"Housing (HRA) - Repayments of grants, loans & other financial assistance",EandR1,houshratot,27,Housing
EandR1-houshratot-recinv,Housing (HRA) - Disposal of investments (including share or loan capital),EandR1,houshratot,27,Housing
EandR1-houshratot-rectot,Housing (HRA) - Total capital receipts,EandR1,houshratot,27,Housing
EandR1-houshratot-rectotla,"Housing (HRA) - Total capital receipts, of which from other local authorities",EandR1,houshratot,27,Housing
EandR1-houshratot-rectototh,"Housing (HRA) - Total capital receipts, excluding from other local authorities",EandR1,houshratot,27,Housing
EandR1-housgfcftot-rectng,Housing (non-HRA) - Disposal of tangible fixed assets,EandR1,housgfcftot,27,Housing
EandR1-housgfcftot-recint,Housing (non-HRA) - Disposal of intangible fixed assets,EandR1,housgfcftot,27,Housing
EandR1-housgfcftot-recrpy,"Housing (non-HRA) - Repayments of grants, loans & other financial assistance",EandR1,housgfcftot,27,Housing
EandR1-housgfcftot-recinv,Housing (non-HRA) - Disposal of investments (including share or loan capital),EandR1,housgfcftot,27,Housing
EandR1-housgfcftot-rectot,Housing (non-HRA) - Total capital receipts,EandR1,housgfcftot,27,Housing
EandR1-housgfcftot-rectotla,"Housing (non-HRA) - Total capital receipts, of which from other local authorities",EandR1,housgfcftot,27,Housing
EandR1-housgfcftot-rectototh,"Housing (non-HRA) - Total capital receipts, excluding from other local authorities",EandR1,housgfcftot,27,Housing
EandR1-houstot-rectng,Total Housing - Disposal of tangible fixed assets,EandR1,houstot,43,Housing
EandR1-houstot-recint,Total Housing - Disposal of intangible fixed assets,EandR1,houstot,43,Housing
EandR1-houstot-recrpy,"Total Housing - Repayments of grants, loans & other financial assistance",EandR1,houstot,43,Housing
EandR1-houstot-recinv,Total Housing - Disposal of investments (including share or loan capital),EandR1,houstot,43,Housing
EandR1-houstot-rectot,Total Housing - Total capital receipts,EandR1,houstot,43,Housing
EandR1-houstot-rectotla,"Total Housing - Total capital receipts, of which from other local authorities",EandR1,houstot,43,Housing
EandR1-houstot-rectototh,"Total Housing - Total capital receipts, excluding from other local authorities",EandR1,houstot,43,Housing
EandR1-houstot-rectotss,"Total Housing - Total capital receipts, of which to be paid to the Secretary of State",EandR1,houstot,43,Housing
EandR1-culhrt-rectng,Culture & Heritage - Disposal of tangible fixed assets,EandR1,culhrt,27,Culture & Leisure (incl. Sport & Open Spaces)
EandR1-culhrt-recint,Culture & Heritage - Disposal of intangible fixed assets,EandR1,culhrt,27,Culture & Leisure (incl. Sport & Open Spaces)
EandR1-culhrt-recrpy,"Culture & Heritage - Repayments of grants, loans & other financial assistance",EandR1,culhrt,27,Culture & Leisure (incl. Sport & Open Spaces)
EandR1-culhrt-recinv,Culture & Heritage - Disposal of investments (including share or loan capital),EandR1,culhrt,27,Culture & Leisure (incl. Sport & Open Spaces)
EandR1-culhrt-rectot,Culture & Heritage - Total capital receipts,EandR1,culhrt,27,Culture & Leisure (incl. Sport & Open Spaces)
EandR1-culhrt-rectotla,"Culture & Heritage - Total capital receipts, of which from other local authorities",EandR1,culhrt,27,Culture & Leisure (incl. Sport & Open Spaces)
EandR1-culhrt-rectototh,"Culture & Heritage - Total capital receipts, excluding from other local authorities",EandR1,culhrt,27,Culture & Leisure (incl. Sport & Open Spaces)
EandR1-culspr-rectng,Recreation & Sport - Disposal of tangible fixed assets,EandR1,culspr,27,Culture & Leisure (incl. Sport & Open Spaces)
EandR1-culspr-recint,Recreation & Sport - Disposal of intangible fixed assets,EandR1,culspr,27,Culture & Leisure (incl. Sport & Open Spaces)
EandR1-culspr-recrpy,"Recreation & Sport - Repayments of grants, loans & other financial assistance",EandR1,culspr,27,Culture & Leisure (incl. Sport & Open Spaces)
EandR1-culspr-recinv,Recreation & Sport - Disposal of investments (including share or loan capital),EandR1,culspr,27,Culture & Leisure (incl. Sport & Open Spaces)
EandR1-culspr-rectot,Recreation & Sport - Total capital receipts,EandR1,culspr,27,Culture & Leisure (incl. Sport & Open Spaces)
EandR1-culspr-rectotla,"Recreation & Sport - Total capital receipts, of which from other local authorities",EandR1,culspr,27,Culture & Leisure (incl. Sport & Open Spaces)
EandR1-culspr-rectototh,"Recreation & Sport - Total capital receipts, excluding from other local authorities",EandR1,culspr,27,Culture & Leisure (incl. Sport & Open Spaces)
EandR1-culopn-rectng,Open Spaces - Disposal of tangible fixed assets,EandR1,culopn,27,Culture & Leisure (incl. Sport & Open Spaces)
EandR1-culopn-recint,Open Spaces - Disposal of intangible fixed assets,EandR1,culopn,27,Culture & Leisure (incl. Sport & Open Spaces)
EandR1-culopn-recrpy,"Open Spaces - Repayments of grants, loans & other financial assistance",EandR1,culopn,27,Culture & Leisure (incl. Sport & Open Spaces)
EandR1-culopn-recinv,Open Spaces - Disposal of investments (including share or loan capital),EandR1,culopn,27,Culture & Leisure (incl. Sport & Open Spaces)
EandR1-culopn-rectot,Open Spaces - Total capital receipts,EandR1,culopn,27,Culture & Leisure (incl. Sport & Open Spaces)
EandR1-culopn-rectotla,"Open Spaces - Total capital receipts, of which from other local authorities",EandR1,culopn,27,Culture & Leisure (incl. Sport & Open Spaces)
EandR1-culopn-rectototh,"Open Spaces - Total capital receipts, excluding from other local authorities",EandR1,culopn,27,Culture & Leisure (incl. Sport & Open Spaces)
EandR1-cultrs-rectng,Tourism - Disposal of tangible fixed assets,EandR1,cultrs,27,Culture & Leisure (incl. Sport & Open Spaces)
EandR1-cultrs-recint,Tourism - Disposal of intangible fixed assets,EandR1,cultrs,27,Culture & Leisure (incl. Sport & Open Spaces)
EandR1-cultrs-recrpy,"Tourism - Repayments of grants, loans & other financial assistance",EandR1,cultrs,27,Culture & Leisure (incl. Sport & Open Spaces)
EandR1-cultrs-recinv,Tourism - Disposal of investments (including share or loan capital),EandR1,cultrs,27,Culture & Leisure (incl. Sport & Open Spaces)
EandR1-cultrs-rectot,Tourism - Total capital receipts,EandR1,cultrs,27,Culture & Leisure (incl. Sport & Open Spaces)
EandR1-cultrs-rectotla,"Tourism - Total capital receipts, of which from other local authorities",EandR1,cultrs,27,Culture & Leisure (incl. Sport & Open Spaces)
EandR1-cultrs-rectototh,"Tourism - Total capital receipts, excluding from other local authorities",EandR1,cultrs,27,Culture & Leisure (incl. Sport & Open Spaces)
EandR1-cullib-rectng,Library Services - Disposal of tangible fixed assets,EandR1,cullib,27,Culture & Leisure (incl. Sport & Open Spaces)
EandR1-cullib-recint,Library Services - Disposal of intangible fixed assets,EandR1,cullib,27,Culture & Leisure (incl. Sport & Open Spaces)
EandR1-cullib-recrpy,"Library Services - Repayments of grants, loans & other financial assistance",EandR1,cullib,27,Culture & Leisure (incl. Sport & Open Spaces)
EandR1-cullib-recinv,Library Services - Disposal of investments (including share or loan capital),EandR1,cullib,27,Culture & Leisure (incl. Sport & Open Spaces)
EandR1-cullib-rectot,Library Services - Total capital receipts,EandR1,cullib,27,Culture & Leisure (incl. Sport & Open Spaces)
EandR1-cullib-rectotla,"Library Services - Total capital receipts, of which from other local authorities",EandR1,cullib,27,Culture & Leisure (incl. Sport & Open Spaces)
EandR1-cullib-rectototh,"Library Services - Total capital receipts, excluding from other local authorities",EandR1,cullib,27,Culture & Leisure (incl. Sport & Open Spaces)
EandR1-cultot-rectng,Total Culture & Related Services - Disposal of tangible fixed assets,EandR1,cultot,41,Culture & Leisure (incl. Sport & Open Spaces)
EandR1-cultot-recint,Total Culture & Related Services - Disposal of intangible fixed assets,EandR1,cultot,41,Culture & Leisure (incl. Sport & Open Spaces)
EandR1-cultot-recrpy,"Total Culture & Related Services - Repayments of grants, loans & other financial assistance",EandR1,cultot,41,Culture & Leisure (incl. Sport & Open Spaces)
EandR1-cultot-recinv,Total Culture & Related Services - Disposal of investments (including share or loan capital),EandR1,cultot,41,Culture & Leisure (incl. Sport & Open Spaces)
EandR1-cultot-rectot,Total Culture & Related Services - Total capital receipts,EandR1,cultot,41,Culture & Leisure (incl. Sport & Open Spaces)
EandR1-cultot-rectotla,"Total Culture & Related Services - Total capital receipts, of which from other local authorities",EandR1,cultot,41,Culture & Leisure (incl. Sport & Open Spaces)
EandR1-cultot-rectototh,"Total Culture & Related Services - Total capital receipts, excluding from other local authorities",EandR1,cultot,41,Culture & Leisure (incl. Sport & Open Spaces)
EandR1-envcmt-rectng,"Cemeteries, Cremation & Mortuary - Disposal of tangible fixed assets",EandR1,envcmt,27,Environment
EandR1-envcmt-recint,"Cemeteries, Cremation & Mortuary - Disposal of intangible fixed assets",EandR1,envcmt,27,Environment
EandR1-envcmt-recrpy,"Cemeteries, Cremation & Mortuary - Repayments of grants, loans & other financial assistance",EandR1,envcmt,27,Environment
EandR1-envcmt-recinv,"Cemeteries, Cremation & Mortuary - Disposal of investments (including share or loan capital)",EandR1,envcmt,27,Environment
EandR1-envcmt-rectot,"Cemeteries, Cremation & Mortuary - Total capital receipts",EandR1,envcmt,27,Environment
EandR1-envcmt-rectotla,"Cemeteries, Cremation & Mortuary - Total capital receipts, of which from other local authorities",EandR1,envcmt,27,Environment
EandR1-envcmt-rectototh,"Cemeteries, Cremation & Mortuary - Total capital receipts, excluding from other local authorities",EandR1,envcmt,27,Environment
EandR1-envcst-rectng,Coast Protection - Disposal of tangible fixed assets,EandR1,envcst,27,Environment
EandR1-envcst-recint,Coast Protection - Disposal of intangible fixed assets,EandR1,envcst,27,Environment
EandR1-envcst-recrpy,"Coast Protection - Repayments of grants, loans & other financial assistance",EandR1,envcst,27,Environment
EandR1-envcst-recinv,Coast Protection - Disposal of investments (including share or loan capital),EandR1,envcst,27,Environment
EandR1-envcst-rectot,Coast Protection - Total capital receipts,EandR1,envcst,27,Environment
EandR1-envcst-rectotla,"Coast Protection - Total capital receipts, of which from other local authorities",EandR1,envcst,27,Environment
EandR1-envcst-rectototh,"Coast Protection - Total capital receipts, excluding from other local authorities",EandR1,envcst,27,Environment
EandR1-envcmm-rectng,Community Safety - Disposal of tangible fixed assets,EandR1,envcmm,27,Environment
EandR1-envcmm-recint,Community Safety - Disposal of intangible fixed assets,EandR1,envcmm,27,Environment
EandR1-envcmm-recrpy,"Community Safety - Repayments of grants, loans & other financial assistance",EandR1,envcmm,27,Environment
EandR1-envcmm-recinv,Community Safety - Disposal of investments (including share or loan capital),EandR1,envcmm,27,Environment
EandR1-envcmm-rectot,Community Safety - Total capital receipts,EandR1,envcmm,27,Environment
EandR1-envcmm-rectotla,"Community Safety - Total capital receipts, of which from other local authorities",EandR1,envcmm,27,Environment
EandR1-envcmm-rectototh,"Community Safety - Total capital receipts, excluding from other local authorities",EandR1,envcmm,27,Environment
EandR1-envflddrn-rectng,Flood Defence & Land Drainage - Disposal of tangible fixed assets,EandR1,envflddrn,27,Environment
EandR1-envflddrn-recint,Flood Defence & Land Drainage - Disposal of intangible fixed assets,EandR1,envflddrn,27,Environment
EandR1-envflddrn-recrpy,"Flood Defence & Land Drainage - Repayments of grants, loans & other financial assistance",EandR1,envflddrn,27,Environment
EandR1-envflddrn-recinv,Flood Defence & Land Drainage - Disposal of investments (including share or loan capital),EandR1,envflddrn,27,Environment
EandR1-envflddrn-rectot,Flood Defence & Land Drainage - Total capital receipts,EandR1,envflddrn,27,Environment
EandR1-envflddrn-rectotla,"Flood Defence & Land Drainage - Total capital receipts, of which from other local authorities",EandR1,envflddrn,27,Environment
EandR1-envflddrn-rectototh,"Flood Defence & Land Drainage - Total capital receipts, excluding from other local authorities",EandR1,envflddrn,27,Environment
EandR1-envagr-rectng,Agricultural & Fisheries Services - Disposal of tangible fixed assets,EandR1,envagr,27,Environment
EandR1-envagr-recint,Agricultural & Fisheries Services - Disposal of intangible fixed assets,EandR1,envagr,27,Environment
EandR1-envagr-recrpy,"Agricultural & Fisheries Services - Repayments of grants, loans & other financial assistance",EandR1,envagr,27,Environment
EandR1-envagr-recinv,Agricultural & Fisheries Services - Disposal of investments (including share or loan capital),EandR1,envagr,27,Environment
EandR1-envagr-rectot,Agricultural & Fisheries Services - Total capital receipts,EandR1,envagr,27,Environment
EandR1-envagr-rectotla,"Agricultural & Fisheries Services - Total capital receipts, of which from other local authorities",EandR1,envagr,27,Environment
EandR1-envagr-rectototh,"Agricultural & Fisheries Services - Total capital receipts, excluding from other local authorities",EandR1,envagr,27,Environment
EandR1-envrglenv-rectng,Regulatory Services (Environmental Health) - Disposal of tangible fixed assets,EandR1,envrglenv,27,Environment
EandR1-envrglenv-recint,Regulatory Services (Environmental Health) - Disposal of intangible fixed assets,EandR1,envrglenv,27,Environment
EandR1-envrglenv-recrpy,"Regulatory Services (Environmental Health) - Repayments of grants, loans & other financial assistance",EandR1,envrglenv,27,Environment
EandR1-envrglenv-recinv,Regulatory Services (Environmental Health) - Disposal of investments (including share or loan capital),EandR1,envrglenv,27,Environment
EandR1-envrglenv-rectot,Regulatory Services (Environmental Health) - Total capital receipts,EandR1,envrglenv,27,Environment
EandR1-envrglenv-rectotla,"Regulatory Services (Environmental Health) - Total capital receipts, of which from other local authorities",EandR1,envrglenv,27,Environment
EandR1-envrglenv-rectototh,"Regulatory Services (Environmental Health) - Total capital receipts, excluding from other local authorities",EandR1,envrglenv,27,Environment
EandR1-envrgltrd-rectng,Regulatory Services (Trading Standards) - Disposal of tangible fixed assets,EandR1,envrgltrd,27,Environment
EandR1-envrgltrd-recint,Regulatory Services (Trading Standards) - Disposal of intangible fixed assets,EandR1,envrgltrd,27,Environment
EandR1-envrgltrd-recrpy,"Regulatory Services (Trading Standards) - Repayments of grants, loans & other financial assistance",EandR1,envrgltrd,27,Environment
EandR1-envrgltrd-recinv,Regulatory Services (Trading Standards) - Disposal of investments (including share or loan capital),EandR1,envrgltrd,27,Environment
EandR1-envrgltrd-rectot,Regulatory Services (Trading Standards) - Total capital receipts,EandR1,envrgltrd,27,Environment
EandR1-envrgltrd-rectotla,"Regulatory Services (Trading Standards) - Total capital receipts, of which from other local authorities",EandR1,envrgltrd,27,Environment
EandR1-envrgltrd-rectototh,"Regulatory Services (Trading Standards) - Total capital receipts, excluding from other local authorities",EandR1,envrgltrd,27,Environment
EandR1-envstr-rectng,Street Cleaning (not chargeable to highways) - Disposal of tangible fixed assets,EandR1,envstr,27,Environment
EandR1-envstr-recint,Street Cleaning (not chargeable to highways) - Disposal of intangible fixed assets,EandR1,envstr,27,Environment
EandR1-envstr-recrpy,"Street Cleaning (not chargeable to highways) - Repayments of grants, loans & other financial assistance",EandR1,envstr,27,Environment
EandR1-envstr-recinv,Street Cleaning (not chargeable to highways) - Disposal of investments (including share or loan capital),EandR1,envstr,27,Environment
EandR1-envstr-rectot,Street Cleaning (not chargeable to highways) - Total capital receipts,EandR1,envstr,27,Environment
EandR1-envstr-rectotla,"Street Cleaning (not chargeable to highways) - Total capital receipts, of which from other local authorities",EandR1,envstr,27,Environment
EandR1-envstr-rectototh,"Street Cleaning (not chargeable to highways) - Total capital receipts, excluding from other local authorities",EandR1,envstr,27,Environment
EandR1-envcll-rectng,Waste Collection - Disposal of tangible fixed assets,EandR1,envcll,27,Environment
EandR1-envcll-recint,Waste Collection - Disposal of intangible fixed assets,EandR1,envcll,27,Environment
EandR1-envcll-recrpy,"Waste Collection - Repayments of grants, loans & other financial assistance",EandR1,envcll,27,Environment
EandR1-envcll-recinv,Waste Collection - Disposal of investments (including share or loan capital),EandR1,envcll,27,Environment
EandR1-envcll-rectot,Waste Collection - Total capital receipts,EandR1,envcll,27,Environment
EandR1-envcll-rectotla,"Waste Collection - Total capital receipts, of which from other local authorities",EandR1,envcll,27,Environment
EandR1-envcll-rectototh,"Waste Collection - Total capital receipts, excluding from other local authorities",EandR1,envcll,27,Environment
EandR1-envdsp-rectng,Waste Disposal - Disposal of tangible fixed assets,EandR1,envdsp,27,Environment
EandR1-envdsp-recint,Waste Disposal - Disposal of intangible fixed assets,EandR1,envdsp,27,Environment
EandR1-envdsp-recrpy,"Waste Disposal - Repayments of grants, loans & other financial assistance",EandR1,envdsp,27,Environment
EandR1-envdsp-recinv,Waste Disposal - Disposal of investments (including share or loan capital),EandR1,envdsp,27,Environment
EandR1-envdsp-rectot,Waste Disposal - Total capital receipts,EandR1,envdsp,27,Environment
EandR1-envdsp-rectotla,"Waste Disposal - Total capital receipts, of which from other local authorities",EandR1,envdsp,27,Environment
EandR1-envdsp-rectototh,"Waste Disposal - Total capital receipts, excluding from other local authorities",EandR1,envdsp,27,Environment
EandR1-envtrd-rectng,Trade Waste - Disposal of tangible fixed assets,EandR1,envtrd,27,Environment
EandR1-envtrd-recint,Trade Waste - Disposal of intangible fixed assets,EandR1,envtrd,27,Environment
EandR1-envtrd-recrpy,"Trade Waste - Repayments of grants, loans & other financial assistance",EandR1,envtrd,27,Environment
EandR1-envtrd-recinv,Trade Waste - Disposal of investments (including share or loan capital),EandR1,envtrd,27,Environment
EandR1-envtrd-rectot,Trade Waste - Total capital receipts,EandR1,envtrd,27,Environment
EandR1-envtrd-rectotla,"Trade Waste - Total capital receipts, of which from other local authorities",EandR1,envtrd,27,Environment
EandR1-envtrd-rectototh,"Trade Waste - Total capital receipts, excluding from other local authorities",EandR1,envtrd,27,Environment
EandR1-envrcy-rectng,Recycling - Disposal of tangible fixed assets,EandR1,envrcy,27,Environment
EandR1-envrcy-recint,Recycling - Disposal of intangible fixed assets,EandR1,envrcy,27,Environment
EandR1-envrcy-recrpy,"Recycling - Repayments of grants, loans & other financial assistance",EandR1,envrcy,27,Environment
EandR1-envrcy-recinv,Recycling - Disposal of investments (including share or loan capital),EandR1,envrcy,27,Environment
EandR1-envrcy-rectot,Recycling - Total capital receipts,EandR1,envrcy,27,Environment
EandR1-envrcy-rectotla,"Recycling - Total capital receipts, of which from other local authorities",EandR1,envrcy,27,Environment
EandR1-envrcy-rectototh,"Recycling - Total capital receipts, excluding from other local authorities",EandR1,envrcy,27,Environment
EandR1-envmin-rectng,Waste Minimisation - Disposal of tangible fixed assets,EandR1,envmin,27,Environment
EandR1-envmin-recint,Waste Minimisation - Disposal of intangible fixed assets,EandR1,envmin,27,Environment
EandR1-envmin-recrpy,"Waste Minimisation - Repayments of grants, loans & other financial assistance",EandR1,envmin,27,Environment
EandR1-envmin-recinv,Waste Minimisation - Disposal of investments (including share or loan capital),EandR1,envmin,27,Environment
EandR1-envmin-rectot,Waste Minimisation - Total capital receipts,EandR1,envmin,27,Environment
EandR1-envmin-rectotla,"Waste Minimisation - Total capital receipts, of which from other local authorities",EandR1,envmin,27,Environment
EandR1-envmin-rectototh,"Waste Minimisation - Total capital receipts, excluding from other local authorities",EandR1,envmin,27,Environment
EandR1-envclm-rectng,Climate Change Costs - Disposal of tangible fixed assets,EandR1,envclm,27,Environment
EandR1-envclm-recint,Climate Change Costs - Disposal of intangible fixed assets,EandR1,envclm,27,Environment
EandR1-envclm-recrpy,"Climate Change Costs - Repayments of grants, loans & other financial assistance",EandR1,envclm,27,Environment
EandR1-envclm-recinv,Climate Change Costs - Disposal of investments (including share or loan capital),EandR1,envclm,27,Environment
EandR1-envclm-rectot,Climate Change Costs - Total capital receipts,EandR1,envclm,27,Environment
EandR1-envclm-rectotla,"Climate Change Costs - Total capital receipts, of which from other local authorities",EandR1,envclm,27,Environment
EandR1-envclm-rectototh,"Climate Change Costs - Total capital receipts, excluding from other local authorities",EandR1,envclm,27,Environment
EandR1-envtot-rectng,Total Environmental & Regulatory Services - Disposal of tangible fixed assets,EandR1,envtot,41,Environment
EandR1-envtot-recint,Total Environmental & Regulatory Services - Disposal of intangible fixed assets,EandR1,envtot,41,Environment
EandR1-envtot-recrpy,"Total Environmental & Regulatory Services - Repayments of grants, loans & other financial assistance",EandR1,envtot,41,Environment
EandR1-envtot-recinv,Total Environmental & Regulatory Services - Disposal of investments (including share or loan capital),EandR1,envtot,41,Environment
EandR1-envtot-rectot,Total Environmental & Regulatory Services - Total capital receipts,EandR1,envtot,41,Environment
EandR1-envtot-rectotla,"Total Environmental & Regulatory Services - Total capital receipts, of which from other local authorities",EandR1,envtot,41,Environment
EandR1-envtot-rectototh,"Total Environmental & Regulatory Services - Total capital receipts, excluding from other local authorities",EandR1,envtot,41,Environment
EandR1-plantot-rectng,Total Planning & Development Services - Disposal of tangible fixed assets,EandR1,plantot,41,Planning
EandR1-plantot-recint,Total Planning & Development Services - Disposal of intangible fixed assets,EandR1,plantot,41,Planning
EandR1-plantot-recrpy,"Total Planning & Development Services - Repayments of grants, loans & other financial assistance",EandR1,plantot,41,Planning
EandR1-plantot-recinv,Total Planning & Development Services - Disposal of investments (including share or loan capital),EandR1,plantot,41,Planning
EandR1-plantot-rectot,Total Planning & Development Services - Total capital receipts,EandR1,plantot,41,Planning
EandR1-plantot-rectotla,"Total Planning & Development Services - Total capital receipts, of which from other local authorities",EandR1,plantot,41,Planning
EandR1-plantot-rectototh,"Total Planning & Development Services - Total capital receipts, excluding from other local authorities",EandR1,plantot,41,Planning
EandR1-digtot-rectng,Total Digital Infrastructure - Disposal of tangible fixed assets,EandR1,digtot,41,Digital Infrastructure
EandR1-digtot-recint,Total Digital Infrastructure - Disposal of intangible fixed assets,EandR1,digtot,41,Digital Infrastructure
EandR1-digtot-recrpy,"Total Digital Infrastructure - Repayments of grants, loans & other financial assistance",EandR1,digtot,41,Digital Infrastructure
EandR1-digtot-recinv,Total Digital Infrastructure - Disposal of investments (including share or loan capital),EandR1,digtot,41,Digital Infrastructure
EandR1-digtot-rectot,Total Digital Infrastructure - Total capital receipts,EandR1,digtot,41,Digital Infrastructure
EandR1-digtot-rectotla,"Total Digital Infrastructure - Total capital receipts, of which from other local authorities",EandR1,digtot,41,Digital Infrastructure
EandR1-digtot-rectototh,"Total Digital Infrastructure - Total capital receipts, excluding from other local authorities",EandR1,digtot,41,Digital Infrastructure
EandR1-poltot-rectng,Total Police  - Disposal of tangible fixed assets,EandR1,poltot,41,Police
EandR1-poltot-recint,Total Police  - Disposal of intangible fixed assets,EandR1,poltot,41,Police
EandR1-poltot-recrpy,"Total Police  - Repayments of grants, loans & other financial assistance",EandR1,poltot,41,Police
EandR1-poltot-recinv,Total Police  - Disposal of investments (including share or loan capital),EandR1,poltot,41,Police
EandR1-poltot-rectot,Total Police  - Total capital receipts,EandR1,poltot,41,Police
EandR1-poltot-rectotla,"Total Police  - Total capital receipts, of which from other local authorities",EandR1,poltot,41,Police
EandR1-poltot-rectototh,"Total Police  - Total capital receipts, excluding from other local authorities",EandR1,poltot,41,Police
EandR1-frstot-rectng,Total Fire & Rescue Services - Disposal of tangible fixed assets,EandR1,frstot,41,Fire & Rescue Services
EandR1-frstot-recint,Total Fire & Rescue Services - Disposal of intangible fixed assets,EandR1,frstot,41,Fire & Rescue Services
EandR1-frstot-recrpy,"Total Fire & Rescue Services - Repayments of grants, loans & other financial assistance",EandR1,frstot,41,Fire & Rescue Services
EandR1-frstot-recinv,Total Fire & Rescue Services - Disposal of investments (including share or loan capital),EandR1,frstot,41,Fire & Rescue Services
EandR1-frstot-rectot,Total Fire & Rescue Services - Total capital receipts,EandR1,frstot,41,Fire & Rescue Services
EandR1-frstot-rectotla,"Total Fire & Rescue Services - Total capital receipts, of which from other local authorities",EandR1,frstot,41,Fire & Rescue Services
EandR1-frstot-rectototh,"Total Fire & Rescue Services - Total capital receipts, excluding from other local authorities",EandR1,frstot,41,Fire & Rescue Services
EandR1-centot-rectng,Total Central Services - Disposal of tangible fixed assets,EandR1,centot,41,Central Services
EandR1-centot-recint,Total Central Services - Disposal of intangible fixed assets,EandR1,centot,41,Central Services
EandR1-centot-recrpy,"Total Central Services - Repayments of grants, loans & other financial assistance",EandR1,centot,41,Central Services
EandR1-centot-recinv,Total Central Services - Disposal of investments (including share or loan capital),EandR1,centot,41,Central Services
EandR1-centot-rectot,Total Central Services - Total capital receipts,EandR1,centot,41,Central Services
EandR1-centot-rectotla,"Total Central Services - Total capital receipts, of which from other local authorities",EandR1,centot,41,Central Services
EandR1-centot-rectototh,"Total Central Services - Total capital receipts, excluding from other local authorities",EandR1,centot,41,Central Services
EandR1-tradcomhous-rectng,Commercial housing - Disposal of tangible fixed assets,EandR1,tradcomhous,27,Trading & Commerce
EandR1-tradcomhous-recint,Commercial housing - Disposal of intangible fixed assets,EandR1,tradcomhous,27,Trading & Commerce
EandR1-tradcomhous-recrpy,"Commercial housing - Repayments of grants, loans & other financial assistance",EandR1,tradcomhous,27,Trading & Commerce
EandR1-tradcomhous-recinv,Commercial housing - Disposal of investments (including share or loan capital),EandR1,tradcomhous,27,Trading & Commerce
EandR1-tradcomhous-rectot,Commercial housing - Total capital receipts,EandR1,tradcomhous,27,Trading & Commerce
EandR1-tradcomhous-rectotla,"Commercial housing - Total capital receipts, of which from other local authorities",EandR1,tradcomhous,27,Trading & Commerce
EandR1-tradcomhous-rectototh,"Commercial housing - Total capital receipts, excluding from other local authorities",EandR1,tradcomhous,27,Trading & Commerce
EandR1-tradcomreal-rectng,Other real estate activities - Disposal of tangible fixed assets,EandR1,tradcomreal,27,Trading & Commerce
EandR1-tradcomreal-recint,Other real estate activities - Disposal of intangible fixed assets,EandR1,tradcomreal,27,Trading & Commerce
EandR1-tradcomreal-recrpy,"Other real estate activities - Repayments of grants, loans & other financial assistance",EandR1,tradcomreal,27,Trading & Commerce
EandR1-tradcomreal-recinv,Other real estate activities - Disposal of investments (including share or loan capital),EandR1,tradcomreal,27,Trading & Commerce
EandR1-tradcomreal-rectot,Other real estate activities - Total capital receipts,EandR1,tradcomreal,27,Trading & Commerce
EandR1-tradcomreal-rectotla,"Other real estate activities - Total capital receipts, of which from other local authorities",EandR1,tradcomreal,27,Trading & Commerce
EandR1-tradcomreal-rectototh,"Other real estate activities - Total capital receipts, excluding from other local authorities",EandR1,tradcomreal,27,Trading & Commerce
EandR1-tradcomfin-rectng,Finance & insurance activity - Disposal of tangible fixed assets,EandR1,tradcomfin,27,Trading & Commerce
EandR1-tradcomfin-recint,Finance & insurance activity - Disposal of intangible fixed assets,EandR1,tradcomfin,27,Trading & Commerce
EandR1-tradcomfin-recrpy,"Finance & insurance activity - Repayments of grants, loans & other financial assistance",EandR1,tradcomfin,27,Trading & Commerce
EandR1-tradcomfin-recinv,Finance & insurance activity - Disposal of investments (including share or loan capital),EandR1,tradcomfin,27,Trading & Commerce
EandR1-tradcomfin-rectot,Finance & insurance activity - Total capital receipts,EandR1,tradcomfin,27,Trading & Commerce
EandR1-tradcomfin-rectotla,"Finance & insurance activity - Total capital receipts, of which from other local authorities",EandR1,tradcomfin,27,Trading & Commerce
EandR1-tradcomfin-rectototh,"Finance & insurance activity - Total capital receipts, excluding from other local authorities",EandR1,tradcomfin,27,Trading & Commerce
EandR1-tradcomenr-rectng,Energy generation & supply - Disposal of tangible fixed assets,EandR1,tradcomenr,27,Trading & Commerce
EandR1-tradcomenr-recint,Energy generation & supply - Disposal of intangible fixed assets,EandR1,tradcomenr,27,Trading & Commerce
EandR1-tradcomenr-recrpy,"Energy generation & supply - Repayments of grants, loans & other financial assistance",EandR1,tradcomenr,27,Trading & Commerce
EandR1-tradcomenr-recinv,Energy generation & supply - Disposal of investments (including share or loan capital),EandR1,tradcomenr,27,Trading & Commerce
EandR1-tradcomenr-rectot,Energy generation & supply - Total capital receipts,EandR1,tradcomenr,27,Trading & Commerce
EandR1-tradcomenr-rectotla,"Energy generation & supply - Total capital receipts, of which from other local authorities",EandR1,tradcomenr,27,Trading & Commerce
EandR1-tradcomenr-rectototh,"Energy generation & supply - Total capital receipts, excluding from other local authorities",EandR1,tradcomenr,27,Trading & Commerce
EandR1-tradcomwtr-rectng,"Water supply, sewerage & remediation - Disposal of tangible fixed assets",EandR1,tradcomwtr,27,Trading & Commerce
EandR1-tradcomwtr-recint,"Water supply, sewerage & remediation - Disposal of intangible fixed assets",EandR1,tradcomwtr,27,Trading & Commerce
EandR1-tradcomwtr-recrpy,"Water supply, sewerage & remediation - Repayments of grants, loans & other financial assistance",EandR1,tradcomwtr,27,Trading & Commerce
EandR1-tradcomwtr-recinv,"Water supply, sewerage & remediation - Disposal of investments (including share or loan capital)",EandR1,tradcomwtr,27,Trading & Commerce
EandR1-tradcomwtr-rectot,"Water supply, sewerage & remediation - Total capital receipts",EandR1,tradcomwtr,27,Trading & Commerce
EandR1-tradcomwtr-rectotla,"Water supply, sewerage & remediation - Total capital receipts, of which from other local authorities",EandR1,tradcomwtr,27,Trading & Commerce
EandR1-tradcomwtr-rectototh,"Water supply, sewerage & remediation - Total capital receipts, excluding from other local authorities",EandR1,tradcomwtr,27,Trading & Commerce
EandR1-tradcomhsp-rectng,Hospitality & catering - Disposal of tangible fixed assets,EandR1,tradcomhsp,27,Trading & Commerce
EandR1-tradcomhsp-recint,Hospitality & catering - Disposal of intangible fixed assets,EandR1,tradcomhsp,27,Trading & Commerce
EandR1-tradcomhsp-recrpy,"Hospitality & catering - Repayments of grants, loans & other financial assistance",EandR1,tradcomhsp,27,Trading & Commerce
EandR1-tradcomhsp-recinv,Hospitality & catering - Disposal of investments (including share or loan capital),EandR1,tradcomhsp,27,Trading & Commerce
EandR1-tradcomhsp-rectot,Hospitality & catering - Total capital receipts,EandR1,tradcomhsp,27,Trading & Commerce
EandR1-tradcomhsp-rectotla,"Hospitality & catering - Total capital receipts, of which from other local authorities",EandR1,tradcomhsp,27,Trading & Commerce
EandR1-tradcomhsp-rectototh,"Hospitality & catering - Total capital receipts, excluding from other local authorities",EandR1,tradcomhsp,27,Trading & Commerce
EandR1-tradcomoth-rectng,Other commercial activity - Disposal of tangible fixed assets,EandR1,tradcomoth,27,Trading & Commerce
EandR1-tradcomoth-recint,Other commercial activity - Disposal of intangible fixed assets,EandR1,tradcomoth,27,Trading & Commerce
EandR1-tradcomoth-recrpy,"Other commercial activity - Repayments of grants, loans & other financial assistance",EandR1,tradcomoth,27,Trading & Commerce
EandR1-tradcomoth-recinv,Other commercial activity - Disposal of investments (including share or loan capital),EandR1,tradcomoth,27,Trading & Commerce
EandR1-tradcomoth-rectot,Other commercial activity - Total capital receipts,EandR1,tradcomoth,27,Trading & Commerce
EandR1-tradcomoth-rectotla,"Other commercial activity - Total capital receipts, of which from other local authorities",EandR1,tradcomoth,27,Trading & Commerce
EandR1-tradcomoth-rectototh,"Other commercial activity - Total capital receipts, excluding from other local authorities",EandR1,tradcomoth,27,Trading & Commerce
EandR1-tradcomtot-rectng,Total Industrial & Commercial Trading - Disposal of tangible fixed assets,EandR1,tradcomtot,27,Trading & Commerce
EandR1-tradcomtot-recint,Total Industrial & Commercial Trading - Disposal of intangible fixed assets,EandR1,tradcomtot,27,Trading & Commerce
EandR1-tradcomtot-recrpy,"Total Industrial & Commercial Trading - Repayments of grants, loans & other financial assistance",EandR1,tradcomtot,27,Trading & Commerce
EandR1-tradcomtot-recinv,Total Industrial & Commercial Trading - Disposal of investments (including share or loan capital),EandR1,tradcomtot,27,Trading & Commerce
EandR1-tradcomtot-rectot,Total Industrial & Commercial Trading - Total capital receipts,EandR1,tradcomtot,27,Trading & Commerce
EandR1-tradcomtot-rectotla,"Total Industrial & Commercial Trading - Total capital receipts, of which from other local authorities",EandR1,tradcomtot,27,Trading & Commerce
EandR1-tradcomtot-rectototh,"Total Industrial & Commercial Trading - Total capital receipts, excluding from other local authorities",EandR1,tradcomtot,27,Trading & Commerce
EandR1-tradoth-rectng,Other Trading - Disposal of tangible fixed assets,EandR1,tradoth,27,Trading
EandR1-tradoth-recint,Other Trading - Disposal of intangible fixed assets,EandR1,tradoth,27,Trading
EandR1-tradoth-recrpy,"Other Trading - Repayments of grants, loans & other financial assistance",EandR1,tradoth,27,Trading
EandR1-tradoth-recinv,Other Trading - Disposal of investments (including share or loan capital),EandR1,tradoth,27,Trading
EandR1-tradoth-rectot,Other Trading - Total capital receipts,EandR1,tradoth,27,Trading
EandR1-tradoth-rectotla,"Other Trading - Total capital receipts, of which from other local authorities",EandR1,tradoth,27,Trading
EandR1-tradoth-rectototh,"Other Trading - Total capital receipts, excluding from other local authorities",EandR1,tradoth,27,Trading
EandR1-tradtot-rectng,Total Trading Services - Disposal of tangible fixed assets,EandR1,tradtot,41,Trading
EandR1-tradtot-recint,Total Trading Services - Disposal of intangible fixed assets,EandR1,tradtot,41,Trading
EandR1-tradtot-recrpy,"Total Trading Services - Repayments of grants, loans & other financial assistance",EandR1,tradtot,41,Trading
EandR1-tradtot-recinv,Total Trading Services - Disposal of investments (including share or loan capital),EandR1,tradtot,41,Trading
EandR1-tradtot-rectot,Total Trading Services - Total capital receipts,EandR1,tradtot,41,Trading
EandR1-tradtot-rectotla,"Total Trading Services - Total capital receipts, of which from other local authorities",EandR1,tradtot,41,Trading
EandR1-tradtot-rectototh,"Total Trading Services - Total capital receipts, excluding from other local authorities",EandR1,tradtot,41,Trading
EandR1-alltot-rectng,All Services Total - Disposal of tangible fixed assets,EandR1,alltot,43,All Services
EandR1-alltot-recint,All Services Total - Disposal of intangible fixed assets,EandR1,alltot,43,All Services
EandR1-alltot-recrpy,"All Services Total - Repayments of grants, loans & other financial assistance",EandR1,alltot,43,All Services
EandR1-alltot-recinv,All Services Total - Disposal of investments (including share or loan capital),EandR1,alltot,43,All Services
EandR1-alltot-rectot,All Services Total - Total capital receipts,EandR1,alltot,43,All Services
EandR1-alltot-rectotla,"All Services Total - Total capital receipts, of which from other local authorities",EandR1,alltot,43,All Services
EandR1-alltot-rectototh,"All Services Total - Total capital receipts, excluding from other local authorities",EandR1,alltot,43,All Services
EandR1-alltot-rectotss,"All Services Total - Total capital receipts, of which to be paid to the Secretary of State",EandR1,alltot,43,All Services
EandR1A-transrdscns-expcnscnvrnv,"New Construction or Improvement of Roads - New Construction, Conversion & Renovation",EandR1A,transrds,34,Transport
EandR1A-transrdsmntprn-expcnscnvrnv,"Structural Maintenance (Principal Roads) - New Construction, Conversion & Renovation",EandR1A,transrds,34,Transport
EandR1A-transrdsmntoth-expcnscnvrnv,"Structural Maintenance (Other LA Roads) - New Construction, Conversion & Renovation",EandR1A,transrds,34,Transport
EandR1A-transrdsbrd-expcnscnvrnv,"Expenditure on Bridges - New Construction, Conversion & Renovation",EandR1A,transrds,34,Transport
EandR1A-transrdssft-expcnscnvrnv,"Road Safety - New Construction, Conversion & Renovation",EandR1A,transrds,34,Transport
EandR1A-transrdslgh-expcnscnvrnv,"Street Lighting - New Construction, Conversion & Renovation",EandR1A,transrds,34,Transport
EandR1A-transrds-expcnscnvrnv,"Roads, Street Lighting & Road Safety - New Construction, Conversion & Renovation",EandR1A,transrds,34,Transport
EandR1B-edutot-expgrnoth,"Total Education - Grants, excluding to local authorities (Data from E&R1)",EandR1B,edutot,41,Education
EandR1B-edutot-expgrnothha,"Total Education - Grants, of which to Housing Associations",EandR1B,edutot,41,Education
EandR1B-edutot-expgrnothpub,"Total Education - Grants, of which to ventures owned wholly by local authorities &/or jointly with organisations that are not in the private sector",EandR1B,edutot,41,Education
EandR1B-edutot-expgrnothpri,"Total Education - Grants, of which to ventures owned jointly with private sector organisations",EandR1B,edutot,41,Education
EandR1B-edutot-expgrnothlep,"Total Education - Grants, of which to Local Enterprise Partnerships",EandR1B,edutot,41,Education
EandR1B-edutot-expgrnothoth,"Total Education - Grants, of which to other organisations",EandR1B,edutot,41,Education
EandR1B-edutot-explnsoth,"Total Education - Loans or other financial assistance, excluding to local authorities (Data from E&R1)",EandR1B,edutot,41,Education
EandR1B-edutot-explnsothha,"Total Education - Loans or other financial assistance, of which to Housing Associations",EandR1B,edutot,41,Education
EandR1B-edutot-explnsothpub,"Total Education - Loans or other financial assistance, of which to ventures owned wholly by local authorities &/or jointly with organisations that are not in the private sector",EandR1B,edutot,41,Education
EandR1B-edutot-explnsothpri,"Total Education - Loans or other financial assistance, of which to ventures owned jointly with private sector organisations",EandR1B,edutot,41,Education
EandR1B-edutot-explnsothlep,"Total Education - Loans or other financial assistance, of which to Local Enterprise Partnerships",EandR1B,edutot,41,Education
EandR1B-edutot-explnsothoth,"Total Education - Loans or other financial assistance, of which to other organisations",EandR1B,edutot,41,Education
EandR1B-transtot-expgrnoth,"Total Highways & Transport - Grants, excluding to local authorities (Data from E&R1)",EandR1B,transtot,41,Transport
EandR1B-transtot-expgrnothha,"Total Highways & Transport - Grants, of which to Housing Associations",EandR1B,transtot,41,Transport
EandR1B-transtot-expgrnothpub,"Total Highways & Transport - Grants, of which to ventures owned wholly by local authorities &/or jointly with organisations that are not in the private sector",EandR1B,transtot,41,Transport
EandR1B-transtot-expgrnothpri,"Total Highways & Transport - Grants, of which to ventures owned jointly with private sector organisations",EandR1B,transtot,41,Transport
EandR1B-transtot-expgrnothlep,"Total Highways & Transport - Grants, of which to Local Enterprise Partnerships",EandR1B,transtot,41,Transport
EandR1B-transtot-expgrnothoth,"Total Highways & Transport - Grants, of which to other organisations",EandR1B,transtot,41,Transport
EandR1B-transtot-explnsoth,"Total Highways & Transport - Loans or other financial assistance, excluding to local authorities (Data from E&R1)",EandR1B,transtot,41,Transport
EandR1B-transtot-explnsothha,"Total Highways & Transport - Loans or other financial assistance, of which to Housing Associations",EandR1B,transtot,41,Transport
EandR1B-transtot-explnsothpub,"Total Highways & Transport - Loans or other financial assistance, of which to ventures owned wholly by local authorities &/or jointly with organisations that are not in the private sector",EandR1B,transtot,41,Transport
EandR1B-transtot-explnsothpri,"Total Highways & Transport - Loans or other financial assistance, of which to ventures owned jointly with private sector organisations",EandR1B,transtot,41,Transport
EandR1B-transtot-explnsothlep,"Total Highways & Transport - Loans or other financial assistance, of which to Local Enterprise Partnerships",EandR1B,transtot,41,Transport
EandR1B-transtot-explnsothoth,"Total Highways & Transport - Loans or other financial assistance, of which to other organisations",EandR1B,transtot,41,Transport
EandR1B-sctot-expgrnoth,"Total Social Care - Grants, excluding to local authorities (Data from E&R1)",EandR1B,sctot,45,Social Care
EandR1B-sctot-expgrnothha,"Total Social Care - Grants, of which to Housing Associations",EandR1B,sctot,45,Social Care
EandR1B-sctot-expgrnothpub,"Total Social Care - Grants, of which to ventures owned wholly by local authorities &/or jointly with organisations that are not in the private sector",EandR1B,sctot,45,Social Care
EandR1B-sctot-expgrnothpri,"Total Social Care - Grants, of which to ventures owned jointly with private sector organisations",EandR1B,sctot,45,Social Care
EandR1B-sctot-expgrnothlep,"Total Social Care - Grants, of which to Local Enterprise Partnerships",EandR1B,sctot,45,Social Care
EandR1B-sctot-expgrnothoth,"Total Social Care - Grants, of which to other organisations",EandR1B,sctot,45,Social Care
EandR1B-sctot-explnsoth,"Total Social Care - Loans or other financial assistance, excluding to local authorities (Data from E&R1)",EandR1B,sctot,45,Social Care
EandR1B-sctot-explnsothha,"Total Social Care - Loans or other financial assistance, of which to Housing Associations",EandR1B,sctot,45,Social Care
EandR1B-sctot-explnsothpub,"Total Social Care - Loans or other financial assistance, of which to ventures owned wholly by local authorities &/or jointly with organisations that are not in the private sector",EandR1B,sctot,45,Social Care
EandR1B-sctot-explnsothpri,"Total Social Care - Loans or other financial assistance, of which to ventures owned jointly with private sector organisations",EandR1B,sctot,45,Social Care
EandR1B-sctot-explnsothlep,"Total Social Care - Loans or other financial assistance, of which to Local Enterprise Partnerships",EandR1B,sctot,45,Social Care
EandR1B-sctot-explnsothoth,"Total Social Care - Loans or other financial assistance, of which to other organisations",EandR1B,sctot,45,Social Care
EandR1B-phtot-expgrnoth,"Total Public Health - Grants, excluding to local authorities (Data from E&R1)",EandR1B,phtot,41,Public Health
EandR1B-phtot-expgrnothha,"Total Public Health - Grants, of which to Housing Associations",EandR1B,phtot,41,Public Health
EandR1B-phtot-expgrnothpub,"Total Public Health - Grants, of which to ventures owned wholly by local authorities &/or jointly with organisations that are not in the private sector",EandR1B,phtot,41,Public Health
EandR1B-phtot-expgrnothpri,"Total Public Health - Grants, of which to ventures owned jointly with private sector organisations",EandR1B,phtot,41,Public Health
EandR1B-phtot-expgrnothlep,"Total Public Health - Grants, of which to Local Enterprise Partnerships",EandR1B,phtot,41,Public Health
EandR1B-phtot-expgrnothoth,"Total Public Health - Grants, of which to other organisations",EandR1B,phtot,41,Public Health
EandR1B-phtot-explnsoth,"Total Public Health - Loans or other financial assistance, excluding to local authorities (Data from E&R1)",EandR1B,phtot,41,Public Health
EandR1B-phtot-explnsothha,"Total Public Health - Loans or other financial assistance, of which to Housing Associations",EandR1B,phtot,41,Public Health
EandR1B-phtot-explnsothpub,"Total Public Health - Loans or other financial assistance, of which to ventures owned wholly by local authorities &/or jointly with organisations that are not in the private sector",EandR1B,phtot,41,Public Health
EandR1B-phtot-explnsothpri,"Total Public Health - Loans or other financial assistance, of which to ventures owned jointly with private sector organisations",EandR1B,phtot,41,Public Health
EandR1B-phtot-explnsothlep,"Total Public Health - Loans or other financial assistance, of which to Local Enterprise Partnerships",EandR1B,phtot,41,Public Health
EandR1B-phtot-explnsothoth,"Total Public Health - Loans or other financial assistance, of which to other organisations",EandR1B,phtot,41,Public Health
EandR1B-houstot-expgrnoth,"Total Housing - Grants, excluding to local authorities (Data from E&R1)",EandR1B,houstot,43,Housing
EandR1B-houstot-expgrnothha,"Total Housing - Grants, of which to Housing Associations",EandR1B,houstot,43,Housing
EandR1B-houstot-expgrnothpub,"Total Housing - Grants, of which to ventures owned wholly by local authorities &/or jointly with organisations that are not in the private sector",EandR1B,houstot,43,Housing
EandR1B-houstot-expgrnothpri,"Total Housing - Grants, of which to ventures owned jointly with private sector organisations",EandR1B,houstot,43,Housing
EandR1B-houstot-expgrnothlep,"Total Housing - Grants, of which to Local Enterprise Partnerships",EandR1B,houstot,43,Housing
EandR1B-houstot-expgrnothoth,"Total Housing - Grants, of which to other organisations",EandR1B,houstot,43,Housing
EandR1B-houstot-explnsoth,"Total Housing - Loans or other financial assistance, excluding to local authorities (Data from E&R1)",EandR1B,houstot,43,Housing
EandR1B-houstot-explnsothha,"Total Housing - Loans or other financial assistance, of which to Housing Associations",EandR1B,houstot,43,Housing
EandR1B-houstot-explnsothpub,"Total Housing - Loans or other financial assistance, of which to ventures owned wholly by local authorities &/or jointly with organisations that are not in the private sector",EandR1B,houstot,43,Housing
EandR1B-houstot-explnsothpri,"Total Housing - Loans or other financial assistance, of which to ventures owned jointly with private sector organisations",EandR1B,houstot,43,Housing
EandR1B-houstot-explnsothlep,"Total Housing - Loans or other financial assistance, of which to Local Enterprise Partnerships",EandR1B,houstot,43,Housing
EandR1B-houstot-explnsothoth,"Total Housing - Loans or other financial assistance, of which to other organisations",EandR1B,houstot,43,Housing
EandR1B-cultot-expgrnoth,"Total Culture & Related Services - Grants, excluding to local authorities (Data from E&R1)",EandR1B,cultot,41,Culture & Leisure (incl. Sport & Open Spaces)
EandR1B-cultot-expgrnothha,"Total Culture & Related Services - Grants, of which to Housing Associations",EandR1B,cultot,41,Culture & Leisure (incl. Sport & Open Spaces)
EandR1B-cultot-expgrnothpub,"Total Culture & Related Services - Grants, of which to ventures owned wholly by local authorities &/or jointly with organisations that are not in the private sector",EandR1B,cultot,41,Culture & Leisure (incl. Sport & Open Spaces)
EandR1B-cultot-expgrnothpri,"Total Culture & Related Services - Grants, of which to ventures owned jointly with private sector organisations",EandR1B,cultot,41,Culture & Leisure (incl. Sport & Open Spaces)
EandR1B-cultot-expgrnothlep,"Total Culture & Related Services - Grants, of which to Local Enterprise Partnerships",EandR1B,cultot,41,Culture & Leisure (incl. Sport & Open Spaces)
EandR1B-cultot-expgrnothoth,"Total Culture & Related Services - Grants, of which to other organisations",EandR1B,cultot,41,Culture & Leisure (incl. Sport & Open Spaces)
EandR1B-cultot-explnsoth,"Total Culture & Related Services - Loans or other financial assistance, excluding to local authorities (Data from E&R1)",EandR1B,cultot,41,Culture & Leisure (incl. Sport & Open Spaces)
EandR1B-cultot-explnsothha,"Total Culture & Related Services - Loans or other financial assistance, of which to Housing Associations",EandR1B,cultot,41,Culture & Leisure (incl. Sport & Open Spaces)
EandR1B-cultot-explnsothpub,"Total Culture & Related Services - Loans or other financial assistance, of which to ventures owned wholly by local authorities &/or jointly with organisations that are not in the private sector",EandR1B,cultot,41,Culture & Leisure (incl. Sport & Open Spaces)
EandR1B-cultot-explnsothpri,"Total Culture & Related Services - Loans or other financial assistance, of which to ventures owned jointly with private sector organisations",EandR1B,cultot,41,Culture & Leisure (incl. Sport & Open Spaces)
EandR1B-cultot-explnsothlep,"Total Culture & Related Services - Loans or other financial assistance, of which to Local Enterprise Partnerships",EandR1B,cultot,41,Culture & Leisure (incl. Sport & Open Spaces)
EandR1B-cultot-explnsothoth,"Total Culture & Related Services - Loans or other financial assistance, of which to other organisations",EandR1B,cultot,41,Culture & Leisure (incl. Sport & Open Spaces)
EandR1B-envtot-expgrnoth,"Total Environmental & Regulatory Services - Grants, excluding to local authorities (Data from E&R1)",EandR1B,envtot,41,Environment
EandR1B-envtot-expgrnothha,"Total Environmental & Regulatory Services - Grants, of which to Housing Associations",EandR1B,envtot,41,Environment
EandR1B-envtot-expgrnothpub,"Total Environmental & Regulatory Services - Grants, of which to ventures owned wholly by local authorities &/or jointly with organisations that are not in the private sector",EandR1B,envtot,41,Environment
EandR1B-envtot-expgrnothpri,"Total Environmental & Regulatory Services - Grants, of which to ventures owned jointly with private sector organisations",EandR1B,envtot,41,Environment
EandR1B-envtot-expgrnothlep,"Total Environmental & Regulatory Services - Grants, of which to Local Enterprise Partnerships",EandR1B,envtot,41,Environment
EandR1B-envtot-expgrnothoth,"Total Environmental & Regulatory Services - Grants, of which to other organisations",EandR1B,envtot,41,Environment
EandR1B-envtot-explnsoth,"Total Environmental & Regulatory Services - Loans or other financial assistance, excluding to local authorities (Data from E&R1)",EandR1B,envtot,41,Environment
EandR1B-envtot-explnsothha,"Total Environmental & Regulatory Services - Loans or other financial assistance, of which to Housing Associations",EandR1B,envtot,41,Environment
EandR1B-envtot-explnsothpub,"Total Environmental & Regulatory Services - Loans or other financial assistance, of which to ventures owned wholly by local authorities &/or jointly with organisations that are not in the private sector",EandR1B,envtot,41,Environment
EandR1B-envtot-explnsothpri,"Total Environmental & Regulatory Services - Loans or other financial assistance, of which to ventures owned jointly with private sector organisations",EandR1B,envtot,41,Environment
EandR1B-envtot-explnsothlep,"Total Environmental & Regulatory Services - Loans or other financial assistance, of which to Local Enterprise Partnerships",EandR1B,envtot,41,Environment
EandR1B-envtot-explnsothoth,"Total Environmental & Regulatory Services - Loans or other financial assistance, of which to other organisations",EandR1B,envtot,41,Environment
EandR1B-plantot-expgrnoth,"Total Planning & Development - Grants, excluding to local authorities (Data from E&R1)",EandR1B,plantot,41,Planning
EandR1B-plantot-expgrnothha,"Total Planning & Development - Grants, of which to Housing Associations",EandR1B,plantot,41,Planning
EandR1B-plantot-expgrnothpub,"Total Planning & Development - Grants, of which to ventures owned wholly by local authorities &/or jointly with organisations that are not in the private sector",EandR1B,plantot,41,Planning
EandR1B-plantot-expgrnothpri,"Total Planning & Development - Grants, of which to ventures owned jointly with private sector organisations",EandR1B,plantot,41,Planning
EandR1B-plantot-expgrnothlep,"Total Planning & Development - Grants, of which to Local Enterprise Partnerships",EandR1B,plantot,41,Planning
EandR1B-plantot-expgrnothoth,"Total Planning & Development - Grants, of which to other organisations",EandR1B,plantot,41,Planning
EandR1B-plantot-explnsoth,"Total Planning & Development - Loans or other financial assistance, excluding to local authorities (Data from E&R1)",EandR1B,plantot,41,Planning
EandR1B-plantot-explnsothha,"Total Planning & Development - Loans or other financial assistance, of which to Housing Associations",EandR1B,plantot,41,Planning
EandR1B-plantot-explnsothpub,"Total Planning & Development - Loans or other financial assistance, of which to ventures owned wholly by local authorities &/or jointly with organisations that are not in the private sector",EandR1B,plantot,41,Planning
EandR1B-plantot-explnsothpri,"Total Planning & Development - Loans or other financial assistance, of which to ventures owned jointly with private sector organisations",EandR1B,plantot,41,Planning
EandR1B-plantot-explnsothlep,"Total Planning & Development - Loans or other financial assistance, of which to Local Enterprise Partnerships",EandR1B,plantot,41,Planning
EandR1B-plantot-explnsothoth,"Total Planning & Development - Loans or other financial assistance, of which to other organisations",EandR1B,plantot,41,Planning
EandR1B-digtot-expgrnoth,"Total Digital Infrastructure - Grants, excluding to local authorities (Data from E&R1)",EandR1B,digtot,41,Digital Infrastructure
EandR1B-digtot-expgrnothha,"Total Digital Infrastructure - Grants, of which to Housing Associations",EandR1B,digtot,41,Digital Infrastructure
EandR1B-digtot-expgrnothpub,"Total Digital Infrastructure - Grants, of which to ventures owned wholly by local authorities &/or jointly with organisations that are not in the private sector",EandR1B,digtot,41,Digital Infrastructure
EandR1B-digtot-expgrnothpri,"Total Digital Infrastructure - Grants, of which to ventures owned jointly with private sector organisations",EandR1B,digtot,41,Digital Infrastructure
EandR1B-digtot-expgrnothlep,"Total Digital Infrastructure - Grants, of which to Local Enterprise Partnerships",EandR1B,digtot,41,Digital Infrastructure
EandR1B-digtot-expgrnothoth,"Total Digital Infrastructure - Grants, of which to other organisations",EandR1B,digtot,41,Digital Infrastructure
EandR1B-digtot-explnsoth,"Total Digital Infrastructure - Loans or other financial assistance, excluding to local authorities (Data from E&R1)",EandR1B,digtot,41,Digital Infrastructure
EandR1B-digtot-explnsothha,"Total Digital Infrastructure - Loans or other financial assistance, of which to Housing Associations",EandR1B,digtot,41,Digital Infrastructure
EandR1B-digtot-explnsothpub,"Total Digital Infrastructure - Loans or other financial assistance, of which to ventures owned wholly by local authorities &/or jointly with organisations that are not in the private sector",EandR1B,digtot,41,Digital Infrastructure
EandR1B-digtot-explnsothpri,"Total Digital Infrastructure - Loans or other financial assistance, of which to ventures owned jointly with private sector organisations",EandR1B,digtot,41,Digital Infrastructure
EandR1B-digtot-explnsothlep,"Total Digital Infrastructure - Loans or other financial assistance, of which to Local Enterprise Partnerships",EandR1B,digtot,41,Digital Infrastructure
EandR1B-digtot-explnsothoth,"Total Digital Infrastructure - Loans or other financial assistance, of which to other organisations",EandR1B,digtot,41,Digital Infrastructure
EandR1B-poltot-expgrnoth,"Total Police - Grants, excluding to local authorities (Data from E&R1)",EandR1B,poltot,41,Police
EandR1B-poltot-expgrnothha,"Total Police - Grants, of which to Housing Associations",EandR1B,poltot,41,Police
EandR1B-poltot-expgrnothpub,"Total Police - Grants, of which to ventures owned wholly by local authorities &/or jointly with organisations that are not in the private sector",EandR1B,poltot,41,Police
EandR1B-poltot-expgrnothpri,"Total Police - Grants, of which to ventures owned jointly with private sector organisations",EandR1B,poltot,41,Police
EandR1B-poltot-expgrnothlep,"Total Police - Grants, of which to Local Enterprise Partnerships",EandR1B,poltot,41,Police
EandR1B-poltot-expgrnothoth,"Total Police - Grants, of which to other organisations",EandR1B,poltot,41,Police
EandR1B-poltot-explnsoth,"Total Police - Loans or other financial assistance, excluding to local authorities (Data from E&R1)",EandR1B,poltot,41,Police
EandR1B-poltot-explnsothha,"Total Police - Loans or other financial assistance, of which to Housing Associations",EandR1B,poltot,41,Police
EandR1B-poltot-explnsothpub,"Total Police - Loans or other financial assistance, of which to ventures owned wholly by local authorities &/or jointly with organisations that are not in the private sector",EandR1B,poltot,41,Police
EandR1B-poltot-explnsothpri,"Total Police - Loans or other financial assistance, of which to ventures owned jointly with private sector organisations",EandR1B,poltot,41,Police
EandR1B-poltot-explnsothlep,"Total Police - Loans or other financial assistance, of which to Local Enterprise Partnerships",EandR1B,poltot,41,Police
EandR1B-poltot-explnsothoth,"Total Police - Loans or other financial assistance, of which to other organisations",EandR1B,poltot,41,Police
EandR1B-frstot-expgrnoth,"Total Fire & Rescue Services - Grants, excluding to local authorities (Data from E&R1)",EandR1B,frstot,41,Fire & Rescue Services
EandR1B-frstot-expgrnothha,"Total Fire & Rescue Services - Grants, of which to Housing Associations",EandR1B,frstot,41,Fire & Rescue Services
EandR1B-frstot-expgrnothpub,"Total Fire & Rescue Services - Grants, of which to ventures owned wholly by local authorities &/or jointly with organisations that are not in the private sector",EandR1B,frstot,41,Fire & Rescue Services
EandR1B-frstot-expgrnothpri,"Total Fire & Rescue Services - Grants, of which to ventures owned jointly with private sector organisations",EandR1B,frstot,41,Fire & Rescue Services
EandR1B-frstot-expgrnothlep,"Total Fire & Rescue Services - Grants, of which to Local Enterprise Partnerships",EandR1B,frstot,41,Fire & Rescue Services
EandR1B-frstot-expgrnothoth,"Total Fire & Rescue Services - Grants, of which to other organisations",EandR1B,frstot,41,Fire & Rescue Services
EandR1B-frstot-explnsoth,"Total Fire & Rescue Services - Loans or other financial assistance, excluding to local authorities (Data from E&R1)",EandR1B,frstot,41,Fire & Rescue Services
EandR1B-frstot-explnsothha,"Total Fire & Rescue Services - Loans or other financial assistance, of which to Housing Associations",EandR1B,frstot,41,Fire & Rescue Services
EandR1B-frstot-explnsothpub,"Total Fire & Rescue Services - Loans or other financial assistance, of which to ventures owned wholly by local authorities &/or jointly with organisations that are not in the private sector",EandR1B,frstot,41,Fire & Rescue Services
EandR1B-frstot-explnsothpri,"Total Fire & Rescue Services - Loans or other financial assistance, of which to ventures owned jointly with private sector organisations",EandR1B,frstot,41,Fire & Rescue Services
EandR1B-frstot-explnsothlep,"Total Fire & Rescue Services - Loans or other financial assistance, of which to Local Enterprise Partnerships",EandR1B,frstot,41,Fire & Rescue Services
EandR1B-frstot-explnsothoth,"Total Fire & Rescue Services - Loans or other financial assistance, of which to other organisations",EandR1B,frstot,41,Fire & Rescue Services
EandR1B-centot-expgrnoth,"Total Central Services - Grants, excluding to local authorities (Data from E&R1)",EandR1B,centot,41,Central Services
EandR1B-centot-expgrnothha,"Total Central Services - Grants, of which to Housing Associations",EandR1B,centot,41,Central Services
EandR1B-centot-expgrnothpub,"Total Central Services - Grants, of which to ventures owned wholly by local authorities &/or jointly with organisations that are not in the private sector",EandR1B,centot,41,Central Services
EandR1B-centot-expgrnothpri,"Total Central Services - Grants, of which to ventures owned jointly with private sector organisations",EandR1B,centot,41,Central Services
EandR1B-centot-expgrnothlep,"Total Central Services - Grants, of which to Local Enterprise Partnerships",EandR1B,centot,41,Central Services
EandR1B-centot-expgrnothoth,"Total Central Services - Grants, of which to other organisations",EandR1B,centot,41,Central Services
EandR1B-centot-explnsoth,"Total Central Services - Loans or other financial assistance, excluding to local authorities (Data from E&R1)",EandR1B,centot,41,Central Services
EandR1B-centot-explnsothha,"Total Central Services - Loans or other financial assistance, of which to Housing Associations",EandR1B,centot,41,Central Services
EandR1B-centot-explnsothpub,"Total Central Services - Loans or other financial assistance, of which to ventures owned wholly by local authorities &/or jointly with organisations that are not in the private sector",EandR1B,centot,41,Central Services
EandR1B-centot-explnsothpri,"Total Central Services - Loans or other financial assistance, of which to ventures owned jointly with private sector organisations",EandR1B,centot,41,Central Services
EandR1B-centot-explnsothlep,"Total Central Services - Loans or other financial assistance, of which to Local Enterprise Partnerships",EandR1B,centot,41,Central Services
EandR1B-centot-explnsothoth,"Total Central Services - Loans or other financial assistance, of which to other organisations",EandR1B,centot,41,Central Services
EandR1B-tradtot-expgrnoth,"Total Trading Services - Grants, excluding to local authorities (Data from E&R1)",EandR1B,tradtot,41,Trading
EandR1B-tradtot-expgrnothha,"Total Trading Services - Grants, of which to Housing Associations",EandR1B,tradtot,41,Trading
EandR1B-tradtot-expgrnothpub,"Total Trading Services - Grants, of which to ventures owned wholly by local authorities &/or jointly with organisations that are not in the private sector",EandR1B,tradtot,41,Trading
EandR1B-tradtot-expgrnothpri,"Total Trading Services - Grants, of which to ventures owned jointly with private sector organisations",EandR1B,tradtot,41,Trading
EandR1B-tradtot-expgrnothlep,"Total Trading Services - Grants, of which to Local Enterprise Partnerships",EandR1B,tradtot,41,Trading
EandR1B-tradtot-expgrnothoth,"Total Trading Services - Grants, of which to other organisations",EandR1B,tradtot,41,Trading
EandR1B-tradtot-explnsoth,"Total Trading Services - Loans or other financial assistance, excluding to local authorities (Data from E&R1)",EandR1B,tradtot,41,Trading
EandR1B-tradtot-explnsothha,"Total Trading Services - Loans or other financial assistance, of which to Housing Associations",EandR1B,tradtot,41,Trading
EandR1B-tradtot-explnsothpub,"Total Trading Services - Loans or other financial assistance, of which to ventures owned wholly by local authorities &/or jointly with organisations that are not in the private sector",EandR1B,tradtot,41,Trading
EandR1B-tradtot-explnsothpri,"Total Trading Services - Loans or other financial assistance, of which to ventures owned jointly with private sector organisations",EandR1B,tradtot,41,Trading
EandR1B-tradtot-explnsothlep,"Total Trading Services - Loans or other financial assistance, of which to Local Enterprise Partnerships",EandR1B,tradtot,41,Trading
EandR1B-tradtot-explnsothoth,"Total Trading Services - Loans or other financial assistance, of which to other organisations",EandR1B,tradtot,41,Trading
EandR1B-alltot-expgrnoth,"Total All Services - Grants, excluding to local authorities (Data from E&R1)",EandR1B,alltot,43,All Services
EandR1B-alltot-expgrnothha,"Total All Services - Grants, of which to Housing Associations",EandR1B,alltot,43,All Services
EandR1B-alltot-expgrnothpub,"Total All Services - Grants, of which to ventures owned wholly by local authorities &/or jointly with organisations that are not in the private sector",EandR1B,alltot,43,All Services
EandR1B-alltot-expgrnothpri,"Total All Services - Grants, of which to ventures owned jointly with private sector organisations",EandR1B,alltot,43,All Services
EandR1B-alltot-expgrnothlep,"Total All Services - Grants, of which to Local Enterprise Partnerships",EandR1B,alltot,43,All Services
EandR1B-alltot-expgrnothoth,"Total All Services - Grants, of which to other organisations",EandR1B,alltot,43,All Services
EandR1B-alltot-explnsoth,"Total All Services - Loans or other financial assistance, excluding to local authorities (Data from E&R1)",EandR1B,alltot,43,All Services
EandR1B-alltot-explnsothha,"Total All Services - Loans or other financial assistance, of which to Housing Associations",EandR1B,alltot,43,All Services
EandR1B-alltot-explnsothpub,"Total All Services - Loans or other financial assistance, of which to ventures owned wholly by local authorities &/or jointly with organisations that are not in the private sector",EandR1B,alltot,43,All Services
EandR1B-alltot-explnsothpri,"Total All Services - Loans or other financial assistance, of which to ventures owned jointly with private sector organisations",EandR1B,alltot,43,All Services
EandR1B-alltot-explnsothlep,"Total All Services - Loans or other financial assistance, of which to Local Enterprise Partnerships",EandR1B,alltot,43,All Services
EandR1B-alltot-explnsothoth,"Total All Services - Loans or other financial assistance, of which to other organisations",EandR1B,alltot,43,All Services
EandR1C-expgrnothpub-alltot,"Grants, of which to ventures owned wholly by local authorities &/or jointly with organisations that are not in the private sector (Data from E&R1B) - Amount",EandR1C,expgrnothpub,5,Other / Unmapped
EandR1C-expgrnothpuboth-alltot,"Grants, of which to ventures owned wholly by local authorities &/or jointly with organisations that are not in the private sector, to other - Amount",EandR1C,expgrnothpub,5,Other / Unmapped
EandR1C-expgrnothpubrfl-alltot,"Grants, of which to ventures owned wholly by local authorities &/or jointly with organisations that are not in the private sector, to Rail for London & its subsidiaries - Amount",EandR1C,expgrnothpub,5,Other / Unmapped
EandR1C-expgrnothpubttl-alltot,"Grants, of which to ventures owned wholly by local authorities &/or jointly with organisations that are not in the private sector, to Transport Trading Limited (TTL) & its subsidiaries (excluding categories below) - Amount",EandR1C,expgrnothpub,5,Other / Unmapped
EandR1C-expgrnothpubxrail-alltot,"Grants, of which to ventures owned wholly by local authorities &/or jointly with organisations that are not in the private sector, to Cross Rail & its subsidiaries - Amount",EandR1C,expgrnothpub,5,Other / Unmapped
EandR1C-explnsothpub-alltot,"Loans or other financial assistance, of which to ventures owned wholly by local authorities &/or jointly with organisations that are not in the private sector (Data from E&R1B) - Amount",EandR1C,explnsothpub,5,Other / Unmapped
EandR1C-explnsothpuboth-alltot,"Loans or other financial assistance, of which to ventures owned wholly by local authorities &/or jointly with organisations that are not in the private sector, to other - Amount",EandR1C,explnsothpub,5,Other / Unmapped
EandR1C-explnsothpubrfl-alltot,"Loans or other financial assistance, of which to ventures owned wholly by local authorities &/or jointly with organisations that are not in the private sector, to Rail for London & its subsidiaries - Amount",EandR1C,explnsothpub,5,Other / Unmapped
EandR1C-explnsothpubttl-alltot,"Loans or other financial assistance, of which to ventures owned wholly by local authorities &/or jointly with organisations that are not in the private sector, to Transport Trading Limited (TTL) & its subsidiaries (excluding categories below) - Amount",EandR1C,explnsothpub,5,Other / Unmapped
EandR1C-explnsothpubxrail-alltot,"Loans or other financial assistance, of which to ventures owned wholly by local authorities &/or jointly with organisations that are not in the private sector, to Cross Rail & its subsidiaries - Amount",EandR1C,explnsothpub,5,Other / Unmapped
EandR1C-expshrlnsoth-alltot,"Acquisition of share or loan capital, of which other (Data from E&R1) - Amount",EandR1C,expshrlnsoth,5,Capitalisation Directions (Section 16(2)(b))
EandR1C-expshrlnsothoth-alltot,"Acquisition of share or loan capital, of which other, to other - Amount",EandR1C,expshrlnsoth,5,Capitalisation Directions (Section 16(2)(b))
EandR1C-expshrlnsothrfl-alltot,"Acquisition of share or loan capital, of which other, to Rail for London & its subsidiaries - Amount",EandR1C,expshrlnsoth,5,Capitalisation Directions (Section 16(2)(b))
EandR1C-expshrlnsothttl-alltot,"Acquisition of share or loan capital, of which other, to Transport Trading Limited (TTL) & its subsidiaries (excluding categories below) - Amount",EandR1C,expshrlnsoth,5,Capitalisation Directions (Section 16(2)(b))
EandR1C-expshrlnsothxrail-alltot,"Acquisition of share or loan capital, of which other, to Cross Rail & its subsidiaries - Amount",EandR1C,expshrlnsoth,5,Capitalisation Directions (Section 16(2)(b))
EandR1D-scchdres-exptot,Children & Their Families: Residential Care - Capital expenditure on Social Care,EandR1D,scchdres,4,Social Care
EandR1D-scchdres-exptotjfs,"Children & Their Families: Residential Care - Capital expenditure on Social Care, of which on Jointly Financed Schemes (JFS)",EandR1D,scchdres,4,Social Care
EandR1D-scchdres-exptotjfsha,"Children & Their Families: Residential Care - Capital expenditure on Social Care, of JFS contributed by Health Authority",EandR1D,scchdres,4,Social Care
EandR1D-scchdres-exptotjfsla,"Children & Their Families: Residential Care - Capital expenditure on Social Care, of JFS contributed by Local Authority",EandR1D,scchdres,4,Social Care
EandR1D-scchdday-exptot,Children & Their Families: Day Care - Capital expenditure on Social Care,EandR1D,scchdday,4,Social Care
EandR1D-scchdday-exptotjfs,"Children & Their Families: Day Care - Capital expenditure on Social Care, of which on Jointly Financed Schemes (JFS)",EandR1D,scchdday,4,Social Care
EandR1D-scchdday-exptotjfsha,"Children & Their Families: Day Care - Capital expenditure on Social Care, of JFS contributed by Health Authority",EandR1D,scchdday,4,Social Care
EandR1D-scchdday-exptotjfsla,"Children & Their Families: Day Care - Capital expenditure on Social Care, of JFS contributed by Local Authority",EandR1D,scchdday,4,Social Care
EandR1D-sceldres-exptot,Elderly: Residential Care - Capital expenditure on Social Care,EandR1D,sceldres,4,Social Care
EandR1D-sceldres-exptotjfs,"Elderly: Residential Care - Capital expenditure on Social Care, of which on Jointly Financed Schemes (JFS)",EandR1D,sceldres,4,Social Care
EandR1D-sceldres-exptotjfsha,"Elderly: Residential Care - Capital expenditure on Social Care, of JFS contributed by Health Authority",EandR1D,sceldres,4,Social Care
EandR1D-sceldres-exptotjfsla,"Elderly: Residential Care - Capital expenditure on Social Care, of JFS contributed by Local Authority",EandR1D,sceldres,4,Social Care
EandR1D-sceldday-exptot,Elderly: Day Care - Capital expenditure on Social Care,EandR1D,sceldday,4,Social Care
EandR1D-sceldday-exptotjfs,"Elderly: Day Care - Capital expenditure on Social Care, of which on Jointly Financed Schemes (JFS)",EandR1D,sceldday,4,Social Care
EandR1D-sceldday-exptotjfsha,"Elderly: Day Care - Capital expenditure on Social Care, of JFS contributed by Health Authority",EandR1D,sceldday,4,Social Care
EandR1D-sceldday-exptotjfsla,"Elderly: Day Care - Capital expenditure on Social Care, of JFS contributed by Local Authority",EandR1D,sceldday,4,Social Care
EandR1D-scphysres-exptot,Physically Disabled: Residential Care - Capital expenditure on Social Care,EandR1D,scphysres,4,Social Care
EandR1D-scphysres-exptotjfs,"Physically Disabled: Residential Care - Capital expenditure on Social Care, of which on Jointly Financed Schemes (JFS)",EandR1D,scphysres,4,Social Care
EandR1D-scphysres-exptotjfsha,"Physically Disabled: Residential Care - Capital expenditure on Social Care, of JFS contributed by Health Authority",EandR1D,scphysres,4,Social Care
EandR1D-scphysres-exptotjfsla,"Physically Disabled: Residential Care - Capital expenditure on Social Care, of JFS contributed by Local Authority",EandR1D,scphysres,4,Social Care
EandR1D-scphysday-exptot,Physically Disabled: Day Care - Capital expenditure on Social Care,EandR1D,scphysday,4,Social Care
EandR1D-scphysday-exptotjfs,"Physically Disabled: Day Care - Capital expenditure on Social Care, of which on Jointly Financed Schemes (JFS)",EandR1D,scphysday,4,Social Care
EandR1D-scphysday-exptotjfsha,"Physically Disabled: Day Care - Capital expenditure on Social Care, of JFS contributed by Health Authority",EandR1D,scphysday,4,Social Care
EandR1D-scphysday-exptotjfsla,"Physically Disabled: Day Care - Capital expenditure on Social Care, of JFS contributed by Local Authority",EandR1D,scphysday,4,Social Care
EandR1D-sclrnres-exptot,Learning Disabled: Residential Care - Capital expenditure on Social Care,EandR1D,sclrnres,4,Social Care
EandR1D-sclrnres-exptotjfs,"Learning Disabled: Residential Care - Capital expenditure on Social Care, of which on Jointly Financed Schemes (JFS)",EandR1D,sclrnres,4,Social Care
EandR1D-sclrnres-exptotjfsha,"Learning Disabled: Residential Care - Capital expenditure on Social Care, of JFS contributed by Health Authority",EandR1D,sclrnres,4,Social Care
EandR1D-sclrnres-exptotjfsla,"Learning Disabled: Residential Care - Capital expenditure on Social Care, of JFS contributed by Local Authority",EandR1D,sclrnres,4,Social Care
EandR1D-sclrnday-exptot,Learning Disabled: Day Care - Capital expenditure on Social Care,EandR1D,sclrnday,4,Social Care
EandR1D-sclrnday-exptotjfs,"Learning Disabled: Day Care - Capital expenditure on Social Care, of which on Jointly Financed Schemes (JFS)",EandR1D,sclrnday,4,Social Care
EandR1D-sclrnday-exptotjfsha,"Learning Disabled: Day Care - Capital expenditure on Social Care, of JFS contributed by Health Authority",EandR1D,sclrnday,4,Social Care
EandR1D-sclrnday-exptotjfsla,"Learning Disabled: Day Care - Capital expenditure on Social Care, of JFS contributed by Local Authority",EandR1D,sclrnday,4,Social Care
EandR1D-scmntres-exptot,Mentally Ill: Residential Care - Capital expenditure on Social Care,EandR1D,scmntres,4,Social Care
EandR1D-scmntres-exptotjfs,"Mentally Ill: Residential Care - Capital expenditure on Social Care, of which on Jointly Financed Schemes (JFS)",EandR1D,scmntres,4,Social Care
EandR1D-scmntres-exptotjfsha,"Mentally Ill: Residential Care - Capital expenditure on Social Care, of JFS contributed by Health Authority",EandR1D,scmntres,4,Social Care
EandR1D-scmntres-exptotjfsla,"Mentally Ill: Residential Care - Capital expenditure on Social Care, of JFS contributed by Local Authority",EandR1D,scmntres,4,Social Care
EandR1D-scmntday-exptot,Mentally Ill: Day Care - Capital expenditure on Social Care,EandR1D,scmntday,4,Social Care
EandR1D-scmntday-exptotjfs,"Mentally Ill: Day Care - Capital expenditure on Social Care, of which on Jointly Financed Schemes (JFS)",EandR1D,scmntday,4,Social Care
EandR1D-scmntday-exptotjfsha,"Mentally Ill: Day Care - Capital expenditure on Social Care, of JFS contributed by Health Authority",EandR1D,scmntday,4,Social Care
EandR1D-scmntday-exptotjfsla,"Mentally Ill: Day Care - Capital expenditure on Social Care, of JFS contributed by Local Authority",EandR1D,scmntday,4,Social Care
EandR1D-schiv-exptot,HIV/Aids & Alcohol/Drugs Misuse - Capital expenditure on Social Care,EandR1D,schiv,4,Social Care
EandR1D-schiv-exptotjfs,"HIV/Aids & Alcohol/Drugs Misuse - Capital expenditure on Social Care, of which on Jointly Financed Schemes (JFS)",EandR1D,schiv,4,Social Care
EandR1D-schiv-exptotjfsha,"HIV/Aids & Alcohol/Drugs Misuse - Capital expenditure on Social Care, of JFS contributed by Health Authority",EandR1D,schiv,4,Social Care
EandR1D-schiv-exptotjfsla,"HIV/Aids & Alcohol/Drugs Misuse - Capital expenditure on Social Care, of JFS contributed by Local Authority",EandR1D,schiv,4,Social Care
EandR1D-scoth-exptot,Other - Capital expenditure on Social Care,EandR1D,scoth,4,Social Care
EandR1D-scoth-exptotjfs,"Other - Capital expenditure on Social Care, of which on Jointly Financed Schemes (JFS)",EandR1D,scoth,4,Social Care
EandR1D-scoth-exptotjfsha,"Other - Capital expenditure on Social Care, of JFS contributed by Health Authority",EandR1D,scoth,4,Social Care
EandR1D-scoth-exptotjfsla,"Other - Capital expenditure on Social Care, of JFS contributed by Local Authority",EandR1D,scoth,4,Social Care
EandR1D-sctot-exptot,Total (C01 data from E&R1) - Capital expenditure on Social Care,EandR1D,sctot,45,Social Care
EandR1D-sctot-exptotjfs,"Total (C01 data from E&R1) - Capital expenditure on Social Care, of which on Jointly Financed Schemes (JFS)",EandR1D,sctot,45,Social Care
EandR1D-sctot-exptotjfsha,"Total (C01 data from E&R1) - Capital expenditure on Social Care, of JFS contributed by Health Authority",EandR1D,sctot,45,Social Care
EandR1D-sctot-exptotjfsla,"Total (C01 data from E&R1) - Capital expenditure on Social Care, of JFS contributed by Local Authority",EandR1D,sctot,45,Social Care
EandR1E-exps162bred-alltot,Redundancy Costs - Amount,EandR1E,exps162b,5,Capitalisation Directions (Section 16(2)(b))
EandR1E-exps162bpen-alltot,Pension Scheme Contributions - Amount,EandR1E,exps162b,5,Capitalisation Directions (Section 16(2)(b))
EandR1E-exps162bequ-alltot,Equal Pay Directions - Amount,EandR1E,exps162b,5,Capitalisation Directions (Section 16(2)(b))
EandR1E-exps162both-alltot,Other - Amount,EandR1E,exps162b,5,Capitalisation Directions (Section 16(2)(b))
EandR1E-exps162b-alltot,Total expenditure treated as capital by virtue of a Section 16(2)(b) Direction (Data from E&R1) - Amount,EandR1E,exps162b,5,Capitalisation Directions (Section 16(2)(b))
FIN1-fingrngov-amt,Grants from central government departments - Amount,FIN1,fingrngov,2,Capital Financing & Funding
FIN1-fingrngov-amthra,"Grants from central government departments - Amount, of which used to finance HRA capital expenditure",FIN1,fingrngov,2,Capital Financing & Funding
FIN1-fingrnothesif-amt,Grants from European structural & investment funds  - Amount,FIN1,fingrnothesif,2,Capital Financing & Funding
FIN1-fingrnothesif-amthra,"Grants from European structural & investment funds  - Amount, of which used to finance HRA capital expenditure",FIN1,fingrnothesif,2,Capital Financing & Funding
FIN1-fingrnothpri-amt,"Grants from private developers & leaseholders, etc. (data from FIN1A, R05, C01) - Amount",FIN1,fingrnothpri,16,Capital Financing & Funding
FIN1-fingrnothpri-amthra,"Grants from private developers & leaseholders, etc. (data from FIN1A, R05, C01) - Amount, of which used to finance HRA capital expenditure",FIN1,fingrnothpri,16,Capital Financing & Funding
FIN1-fingrnothndpb-amt,Grants from non-departmental public bodies - Amount,FIN1,fingrnothndpb,2,Capital Financing & Funding
FIN1-fingrnothndpb-amthra,"Grants from non-departmental public bodies - Amount, of which used to finance HRA capital expenditure",FIN1,fingrnothndpb,2,Capital Financing & Funding
FIN1-fingrnothlot-amt,Grants from the National Lottery - Amount,FIN1,fingrnothlot,2,Capital Financing & Funding
FIN1-fingrnothlot-amthra,"Grants from the National Lottery - Amount, of which used to finance HRA capital expenditure",FIN1,fingrnothlot,2,Capital Financing & Funding
FIN1-fingrnothgovgla-amt,Grants from GLA bodies - Amount,FIN1,fingrnothgovgla,2,Capital Financing & Funding
FIN1-fingrnothgovgla-amthra,"Grants from GLA bodies - Amount, of which used to finance HRA capital expenditure",FIN1,fingrnothgovgla,2,Capital Financing & Funding
FIN1-fingrnothgovlep-amt,Grants from Local Enterprise Partnerships - Amount,FIN1,fingrnothgovlep,2,Capital Financing & Funding
FIN1-fingrnothgovlep-amthra,"Grants from Local Enterprise Partnerships - Amount, of which used to finance HRA capital expenditure",FIN1,fingrnothgovlep,2,Capital Financing & Funding
FIN1-fingrnothgovla-amt,Grants from other local authorities - Amount,FIN1,fingrnothgovla,2,Capital Financing & Funding
FIN1-fingrnothgovla-amthra,"Grants from other local authorities - Amount, of which used to finance HRA capital expenditure",FIN1,fingrnothgovla,2,Capital Financing & Funding
FIN1-fingrn-amt,Total grants used to finance capital expenditure  - Amount,FIN1,fingrn,2,Capital Financing & Funding
FIN1-fingrn-amthra,"Total grants used to finance capital expenditure  - Amount, of which used to finance HRA capital expenditure",FIN1,fingrn,2,Capital Financing & Funding
FIN1-finrec-amt,Total capital receipts used to finance capital expenditure - Amount,FIN1,finrec,2,Capital Financing & Funding
FIN1-finrec-amthra,"Total capital receipts used to finance capital expenditure - Amount, of which used to finance HRA capital expenditure",FIN1,finrec,2,Capital Financing & Funding
FIN1-finfundhra-amt,Housing Revenue Account - Amount,FIN1,finfundhra,2,Capital Financing & Funding
FIN1-finfundhra-amthra,"Housing Revenue Account - Amount, of which used to finance HRA capital expenditure",FIN1,finfundhra,2,Capital Financing & Funding
FIN1-finfundmrr-amt,Major Repairs Reserve - Amount,FIN1,finfundmrr,2,Capital Financing & Funding
FIN1-finfundmrr-amthra,"Major Repairs Reserve - Amount, of which used to finance HRA capital expenditure",FIN1,finfundmrr,2,Capital Financing & Funding
FIN1-finfundgfra-amt,General Fund Revenue Account - Amount,FIN1,finfundgfra,2,Capital Financing & Funding
FIN1-finfundgfra-amthra,"General Fund Revenue Account - Amount, of which used to finance HRA capital expenditure",FIN1,finfundgfra,2,Capital Financing & Funding
FIN1-finfund-amt,Total revenue account resources used to finance capital expenditure - Amount,FIN1,finfund,2,Capital Financing & Funding
FIN1-finfund-amthra,"Total revenue account resources used to finance capital expenditure - Amount, of which used to finance HRA capital expenditure",FIN1,finfund,2,Capital Financing & Funding
FIN1-finothgla-amt,Loans & other financial assistance from GLA bodies - Amount,FIN1,finothgla,2,Capital Financing & Funding
FIN1-finothgla-amthra,"Loans & other financial assistance from GLA bodies - Amount, of which used to finance HRA capital expenditure",FIN1,finothgla,2,Capital Financing & Funding
FIN1-finothlep-amt,Loans & other financial assistance from Local Enterprise partnerships - Amount,FIN1,finothlep,2,Capital Financing & Funding
FIN1-finothlep-amthra,"Loans & other financial assistance from Local Enterprise partnerships - Amount, of which used to finance HRA capital expenditure",FIN1,finothlep,2,Capital Financing & Funding
FIN1-finothla-amt,Loans & other financial assistance from other local authorities  - Amount,FIN1,finothla,2,Capital Financing & Funding
FIN1-finothla-amthra,"Loans & other financial assistance from other local authorities  - Amount, of which used to finance HRA capital expenditure",FIN1,finothla,2,Capital Financing & Funding
FIN1-finothoth-amt,Other borrowing & credit arrangements not supported by central government  - Amount,FIN1,finothoth,2,Capital Financing & Funding
FIN1-finothoth-amthra,"Other borrowing & credit arrangements not supported by central government  - Amount, of which used to finance HRA capital expenditure",FIN1,finothoth,2,Capital Financing & Funding
FIN1-finothxpfi-amt,Total borrowing & credit arrangements not supported by central government (excluding PFI) - Amount,FIN1,finothxpfi,2,Capital Financing & Funding
FIN1-finothxpfi-amthra,"Total borrowing & credit arrangements not supported by central government (excluding PFI) - Amount, of which used to finance HRA capital expenditure",FIN1,finothxpfi,2,Capital Financing & Funding
FIN1-fingrandtot-amt,Total resources used to finance capital expenditure & other transactions - Amount,FIN1,fingrandtot,2,Capital Financing & Funding
FIN1-fingrandtot-amthra,"Total resources used to finance capital expenditure & other transactions - Amount, of which used to finance HRA capital expenditure",FIN1,fingrandtot,2,Capital Financing & Funding
FIN1-finothpfi-amt,On balance sheet PFI financing - Amount,FIN1,finothpfi,2,Capital Financing & Funding
FIN1-finothpfi-amthra,"On balance sheet PFI financing - Amount, of which used to finance HRA capital expenditure",FIN1,finothpfi,2,Capital Financing & Funding
FIN1-finoth-amt,Total borrowing & credit arrangements not supported by central government (including PFI) - Amount,FIN1,finoth,2,Capital Financing & Funding
FIN1-finoth-amthra,"Total borrowing & credit arrangements not supported by central government (including PFI) - Amount, of which used to finance HRA capital expenditure",FIN1,finoth,2,Capital Financing & Funding
FIN1-fingrandtotpfi-amt,"Total resources used to finance capital expenditure, other transactions & PFI - Amount",FIN1,fingrandtotpfi,2,Capital Financing & Funding
FIN1-fingrandtotpfi-amthra,"Total resources used to finance capital expenditure, other transactions & PFI - Amount, of which used to finance HRA capital expenditure",FIN1,fingrandtotpfi,2,Capital Financing & Funding
FIN1A-fingrnothpris106-amt,Section 106 payments for affordable housing (commuted sums) - Amount,FIN1A,fingrnothpri,16,Capital Financing & Funding
FIN1A-fingrnothpris106oth-amt,Other section 106 amounts - Amount,FIN1A,fingrnothpri,16,Capital Financing & Funding
FIN1A-fingrnothpricil-amt,Capital expenditure financed by the community infrastructure levy (CIL) - Amount,FIN1A,fingrnothpri,16,Capital Financing & Funding
FIN1A-fingrnothprioth-amt,Other - Amount,FIN1A,fingrnothpri,16,Capital Financing & Funding
FIN1A-fingrnothpri-amt,"Total grants from private developers & leaseholders, etc. - Amount",FIN1A,fingrnothpri,16,Capital Financing & Funding
FIN1A-fingrnothprihig-amt,"Total grants from private developers & leaseholders, etc., of which recovered from developers in respect of Housing Infrastructure Grant expenditure - Amount",FIN1A,fingrnothpri,16,Capital Financing & Funding
FIN1B-fingrnothprihigstrt-amt,Developer receipts in respect of Housing Infrastructure Fund grant expenditure - balance held (carried forward from previous end year) - Amount,FIN1B,fingrnothpri,16,Capital Financing & Funding
FIN1B-fingrnothprihigrec-amt,Developer receipts in-year which were recovered with respect to Housing Infrastructure Grant expenditure - Amount,FIN1B,fingrnothpri,16,Capital Financing & Funding
FIN1B-fingrnothprihigrec-amts106,"Amount, of which to Section 106 - Amount",FIN1B,fingrnothpri,16,Capital Financing & Funding
FIN1B-fingrnothprihigrec-amtcil,"Amount, of which to Community Infrastructure Levy - Amount",FIN1B,fingrnothpri,16,Capital Financing & Funding
FIN1B-fingrnothprihigrec-amtrep,"Amount, of which to repayment of loans - Amount",FIN1B,fingrnothpri,16,Capital Financing & Funding
FIN1B-fingrnothprihigrec-amtoth,"Amount, of which to other organisations - Amount",FIN1B,fingrnothpri,16,Capital Financing & Funding
FIN1B-fingrnothprihig-amt,Amount spent from these developer contribution receipts - Amount,FIN1B,fingrnothpri,16,Capital Financing & Funding
FIN1B-fingrnothprihigend-amt,Developer contributions balance held at end of year - Amount,FIN1B,fingrnothpri,16,Capital Financing & Funding
PRU1-prucfrstrt-amt,Capital Financing Requirement as at 1 April 2019 - Amount,PRU1,prucfrstrt,2,"Prudential System (Borrowing, Credit, Investments)"
PRU1-prucfrstrt-amthra,"Capital Financing Requirement as at 1 April 2019 - Amount, of which attributable to HRA",PRU1,prucfrstrt,2,"Prudential System (Borrowing, Credit, Investments)"
PRU1-prufinoth-amt,"Capital expenditure financed by borrowing or credit arrangements (including PFI) (data from FIN1, R22, C01 & FIN1, R22, C02) - Amount",PRU1,prufinoth,2,"Prudential System (Borrowing, Credit, Investments)"
PRU1-prufinoth-amthra,"Capital expenditure financed by borrowing or credit arrangements (including PFI) (data from FIN1, R22, C01 & FIN1, R22, C02) - Amount, of which attributable to HRA",PRU1,prufinoth,2,"Prudential System (Borrowing, Credit, Investments)"
PRU1-prurpyrevmrp-amt,Minimum Revenue Provision - Amount,PRU1,prurpyrevmrp,2,"Prudential System (Borrowing, Credit, Investments)"
PRU1-prurpyrevmrp-amthra,"Minimum Revenue Provision - Amount, of which attributable to HRA",PRU1,prurpyrevmrp,2,"Prudential System (Borrowing, Credit, Investments)"
PRU1-prurpyrevadd-amt,Additional contribution from revenue - Amount,PRU1,prurpyrevadd,2,"Prudential System (Borrowing, Credit, Investments)"
PRU1-prurpyrevadd-amthra,"Additional contribution from revenue - Amount, of which attributable to HRA",PRU1,prurpyrevadd,2,"Prudential System (Borrowing, Credit, Investments)"
PRU1-prurpyhra-amt,Contribution from Housing Revenue Account - Amount,PRU1,prurpyhra,2,"Prudential System (Borrowing, Credit, Investments)"
PRU1-prurpyhra-amthra,"Contribution from Housing Revenue Account - Amount, of which attributable to HRA",PRU1,prurpyhra,2,"Prudential System (Borrowing, Credit, Investments)"
PRU1-prurpymrr-amt,Contribution from Major Repairs Reserve - Amount,PRU1,prurpymrr,2,"Prudential System (Borrowing, Credit, Investments)"
PRU1-prurpymrr-amthra,"Contribution from Major Repairs Reserve - Amount, of which attributable to HRA",PRU1,prurpymrr,2,"Prudential System (Borrowing, Credit, Investments)"
PRU1-prurpyrec-amt,Use of receipts to repay Credit Liabilities (Please include HRA repayment debt if relevant) - Amount,PRU1,prurpyrec,2,"Prudential System (Borrowing, Credit, Investments)"
PRU1-prurpyrec-amthra,"Use of receipts to repay Credit Liabilities (Please include HRA repayment debt if relevant) - Amount, of which attributable to HRA",PRU1,prurpyrec,2,"Prudential System (Borrowing, Credit, Investments)"
PRU1-prurpyhraadj-amthra,"Adjustments for land & capital receipts crossing HRA boundary - Amount, of which attributable to HRA",PRU1,prurpyhraadj,1,"Prudential System (Borrowing, Credit, Investments)"
PRU1-prurpy-amt,"Total contribution from revenue, HRA, MRR, or use of receipts to repay credit liabilities - Amount",PRU1,prurpy,2,"Prudential System (Borrowing, Credit, Investments)"
PRU1-prurpy-amthra,"Total contribution from revenue, HRA, MRR, or use of receipts to repay credit liabilities - Amount, of which attributable to HRA",PRU1,prurpy,2,"Prudential System (Borrowing, Credit, Investments)"
PRU1-prucfrchng-amt,Change in Capital Financing Requirement - Amount,PRU1,prucfrchng,2,"Prudential System (Borrowing, Credit, Investments)"
PRU1-prucfrchng-amthra,"Change in Capital Financing Requirement - Amount, of which attributable to HRA",PRU1,prucfrchng,2,"Prudential System (Borrowing, Credit, Investments)"
PRU1-prucfrend-amt,Capital Financing Requirement as at 31 March 2020 - Amount,PRU1,prucfrend,2,"Prudential System (Borrowing, Credit, Investments)"
PRU1-prucfrend-amthra,"Capital Financing Requirement as at 31 March 2020 - Amount, of which attributable to HRA",PRU1,prucfrend,2,"Prudential System (Borrowing, Credit, Investments)"
PRU2T1-prubrwgrs-strt,Gross borrowing - As at 1 April 2019,PRU2T1,prubrwgrs,3,"Prudential System (Borrowing, Credit, Investments)"
PRU2T1-prubrwgrs-end,Gross borrowing - As at 31 March 2020,PRU2T1,prubrwgrs,3,"Prudential System (Borrowing, Credit, Investments)"
PRU2T1-prubrwgrs-chng,Gross borrowing - In-year change,PRU2T1,prubrwgrs,3,"Prudential System (Borrowing, Credit, Investments)"
PRU2T1-prucrdt-strt,Other long-term liabilities - As at 1 April 2019,PRU2T1,prucrdt,3,"Prudential System (Borrowing, Credit, Investments)"
PRU2T1-prucrdt-end,Other long-term liabilities - As at 31 March 2020,PRU2T1,prucrdt,3,"Prudential System (Borrowing, Credit, Investments)"
PRU2T1-prucrdt-chng,Other long-term liabilities - In-year change,PRU2T1,prucrdt,3,"Prudential System (Borrowing, Credit, Investments)"
PRU2T1-prubrwgrscrdt-strt,Gross debt - As at 1 April 2019,PRU2T1,prubrwgrscrdt,3,"Prudential System (Borrowing, Credit, Investments)"
PRU2T1-prubrwgrscrdt-end,Gross debt - As at 31 March 2020,PRU2T1,prubrwgrscrdt,3,"Prudential System (Borrowing, Credit, Investments)"
PRU2T1-prubrwgrscrdt-chng,Gross debt - In-year change,PRU2T1,prubrwgrscrdt,3,"Prudential System (Borrowing, Credit, Investments)"
PRU2T1-pruinv-strt,Investments - As at 1 April 2019,PRU2T1,pruinv,3,"Prudential System (Borrowing, Credit, Investments)"
PRU2T1-pruinv-end,Investments - As at 31 March 2020,PRU2T1,pruinv,3,"Prudential System (Borrowing, Credit, Investments)"
PRU2T1-pruinv-chng,Investments - In-year change,PRU2T1,pruinv,3,"Prudential System (Borrowing, Credit, Investments)"
PRU2T1-prubrwnet-strt,Net debt - As at 1 April 2019,PRU2T1,prubrwnet,3,"Prudential System (Borrowing, Credit, Investments)"
PRU2T1-prubrwnet-end,Net debt - As at 31 March 2020,PRU2T1,prubrwnet,3,"Prudential System (Borrowing, Credit, Investments)"
PRU2T1-prubrwnet-chng,Net debt - In-year change,PRU2T1,prubrwnet,3,"Prudential System (Borrowing, Credit, Investments)"
PRU2T2-prubdy-strt,Operational boundary for external debt - As at 1 April 2019,PRU2T2,prubdy,2,"Prudential System (Borrowing, Credit, Investments)"
PRU2T2-prubdy-end,Operational boundary for external debt - As at 31 March 2020,PRU2T2,prubdy,2,"Prudential System (Borrowing, Credit, Investments)"
PRU2T2-prulmt-strt,Authorised limit for external debt - As at 1 April 2019,PRU2T2,prulmt,2,"Prudential System (Borrowing, Credit, Investments)"
PRU2T2-prulmt-end,Authorised limit for external debt - As at 31 March 2020,PRU2T2,prulmt,2,"Prudential System (Borrowing, Credit, Investments)"
REC-recstrt-amt,Capital receipts reserve as at 1 April 2019 - Amount,REC,rec,11,Capital Receipts Reserve
REC-recrcv-amt,Capital receipts received in year (Data from E&R1) - Amount,REC,rec,11,Capital Receipts Reserve
REC-recusdfin-amt,Capital receipts used to finance capital expenditure in year (Data from FIN1) - Amount,REC,rec,11,Capital Receipts Reserve
REC-recusdflx-amt,Capital receipts used to finance revenue expenditure in year - Amount,REC,rec,11,Capital Receipts Reserve
REC-recusds162b-amt,Capital receipts used to finance Equal Pay Directions in year - Amount,REC,rec,11,Capital Receipts Reserve
REC-recusdrpy-amt,Capital receipts used to repay debt or meet liabilities in year (Data from PRU1) - Amount,REC,rec,11,Capital Receipts Reserve
REC-recusdpool-amt,Pooling of housing capital receipts - Amount,REC,rec,11,Capital Receipts Reserve
REC-recusdpoolint-amt,Interest on late pooling payments - Amount,REC,rec,11,Capital Receipts Reserve
REC-recusd-amt,Total capital receipts used in year - Amount,REC,rec,11,Capital Receipts Reserve
REC-recchng-amt,Change in capital receipts reserve in year - Amount,REC,rec,11,Capital Receipts Reserve
REC-recend-amt,Capital receipts reserve as at 31 March 2020 - Amount,REC,rec,11,Capital Receipts Reserve
MRR-mrrstrt-amt,Major Repairs Reserve as at 1 April 2019 - Amount,MRR,mrr,10,Major Repairs Reserve
MRR-mrrcrdtdep-amt,Credits - HRA depreciation for year - Amount,MRR,mrr,10,Major Repairs Reserve
MRR-mrrcrdttrns-amt,Credits - Transfers from HRA required or permitted by item 8 - HRA determination - Amount,MRR,mrr,10,Major Repairs Reserve
MRR-mrrcrdt-amt,Total credits - Amount,MRR,mrr,10,Major Repairs Reserve
MRR-mrrdbtfin-amt,Debits - Major Repairs Reserve used to finance HRA capital expenditure (Data from FIN1) - Amount,MRR,mrr,10,Major Repairs Reserve
MRR-mrrdbtrpy-amt,Debits - Major Repairs Reserve used to repay HRA CFR (Data from PRU1) - Amount,MRR,mrr,10,Major Repairs Reserve
MRR-mrrdbtrtrns-amt,Debits - Transfers to HRA permitted by item 8 - HRA determination - Amount,MRR,mrr,10,Major Repairs Reserve
MRR-mrrdbt-amt,Total debits - Amount,MRR,mrr,10,Major Repairs Reserve
MRR-mrrchng-amt,Change in Major Repairs Reserve - Amount,MRR,mrr,10,Major Repairs Reserve
MRR-mrrend-amt,Major Repairs Reserve as at 31 March 2020 - Amount,MRR,mrr,10,Major Repairs Reserve
