Data item name,Description,Form name,Theme,Theme_count,Theme_group
year_ending,"The date in YYYYMM format which represents the end of the financial year. For example, 201803 represents March 2018, which was the end of the 2017-2018 fiscal year. The Revenue Outturn contains expenditure which took place over the course of a whole financial year.",all,ending,1,Other / Unmapped
ONS_code,The ONS local authority code.,all,code,1,Other / Unmapped
LA_LGF_code,"A Local Government Finance code, which MHCLG uses internally to represent local authorities. These are unique to each local authority, similar to the ONS local authority code.",all,LGF,1,Other / Unmapped
LA_name,The name of the local authority.,all,name,1,Other / Unmapped
status,"The submission status. Takes one of three values: submitted, not submitted, or total. Totals are calculated, further information available on the Metadata - totals page. ",all,,1,Other / Unmapped
LA_class,The general classification of the local authority. A local authority's classification is related to the functions it carries out and how they are financed. More information on local authority types is available at https://www.gov.uk/guidance/local-government-structure-and-elections,all,class,1,Other / Unmapped
LA_subclass,The detailed classification of the local authority. A local authority's classification is related to the functions it carries out and how they are financed. More information on local authority types is available at https://www.gov.uk/guidance/local-government-structure-and-elections,all,subclass,1,Subsidies
RG_grantindsg_tot_grant,Dedicated Schools Grant (DSG),RG,grantindsg,1,Grants
RG_grantinppg_tot_grant,Pupil Premium Grant,RG,grantinppg,1,Grants
RG_edu_services_grant,Education Services Grant,RG,edu,9,Education
RG_grantinusm_tot_grant,Universal Infants Free School Meals,RG,grantinusm,1,Grants
RG_grantinglat_tot_grant,GLA Transport Grant,RG,grantinglat,1,Grants
RG_grantinph_tot_grant,Public Health Grant,RG,grantinph,1,Grants
RG_grantinscs_tot_grant,Social Care Support Grant,RG,grantinscs,1,Grants
RG_grantinrsd_tot_grant,Rural Services Delivery Grant,RG,grantinrsd,1,Grants
RG_ASC_spprt_grant,Adult Social Care Grant,RG,ASC,1,Adult Social Care
RG_grantinibcf_tot_grant,Improved Better Care Fund,RG,grantinibcf,1,Grants
RG_grantinwp_tot_grant,Winter Pressures Grant,RG,grantinwp,1,Grants
RG_grantinlts_tot_grant,Grants within aggregate external finance - lower tier services grant,RG,grantinlts,1,Grants
RG_grantinilf_tot_grant,Former Independent Living Fund recipient grant ,RG,grantinilf,1,Grants
RG_grantinmkt_tot_grant,Market Sustainability and Fair Cost of Care Fund,RG,grantinmkt,1,Grants
RG_grantinsrvs_tot_grant,Services Grant,RG,grantinsrvs,1,Grants
RG_grantindsfnd_tot_grant,Adult Social Care (ASC) Discharge Fund,RG,grantindsfnd,1,Grants
RG_grantinfndgt_tot_grant,Funding Guarantee,RG,grantinfndgt,1,Grants
RG_grantinfhs_tot_grant,Flexible Homelessness Support Grant (a),RG,grantinfhs,1,Grants
RG_grantinhmlrdc_tot_grant,Homelessness Reduction Grant,RG,grantinhmlrdc,1,Grants
RG_grantinhbs_tot_grant,Housing Benefit Subsidy Admin Grant,RG,grantinhbs,1,Grants
RG_grantinnhb_tot_grant,New Homes Bonus,RG,grantinnhb,1,Grants
RG_grantinlcts_tot_grant,Localised Council Tax support administration subsidy grant ,RG,grantinlcts,1,Grants
RG_grantinpfi_tot_grant,The Private Finance Initiative (PFI),RG,grantinpfi,1,Grants
RG_grantintsttrc_tot_grant,Test and Trace Service Support Grant,RG,grantintsttrc,1,Grants
RG_grantinlasrg_tot_grant,COVID-19 LA Surge Funding,RG,grantinlasrg,1,Grants
RG_grantinascicf1_tot_grant,Adult Social Care Infection Control Fund - Round 1,RG,grantinascicf1,1,Grants
RG_grantinascicf2_tot_grant,Adult Social Care Infection Control Fund - Round 2,RG,grantinascicf2,1,Grants
RG_grantinascwrkcap_tot_grant,Adult Social Care Workplace Capacity Fund,RG,grantinascwrkcap,1,Grants
RG_grantinascrpdtst_tot_grant,Adult Social Care Rapid Testing Fund,RG,grantinascrpdtst,1,Grants
RG_grantincev_tot_grant,Clinically Extremely Vulnerable (CEV) Funding,RG,grantincev,1,Grants
RG_grantincmmchmp_tot_grant,Community Champions Fund,RG,grantincmmchmp,1,Grants
RG_grantincmpenf_tot_grant,Compliance and Enforcement Grant,RG,grantincmpenf,1,Grants
RG_grantinrophgst_tot_grant,Reopening High Streets Safely Fund,RG,grantinrophgst,1,Grants
RG_grantinrghslp_tot_grant,Provisional Rough Sleeping Emergency Funding,RG,grantinrghslp,2,Grants
RG_grantinnxtstpsacc_tot_grant,Next Steps Accommodation Programme,RG,grantinnxtstpsacc,1,Grants
RG_grantinlaemrgfd_tot_grant,Local Authority Emergency Assistance Grant for Food and Essential Supplies,RG,grantinlaemrgfd,1,Grants
RG_grantinhmschtrns_tot_grant,Additional Home to School Transport Funding,RG,grantinhmschtrns,1,Grants
RG_grantindwpwntspp_tot_grant,DWP Covid Winter Support Grant Scheme,RG,grantindwpwntspp,1,Grants
RG_grantinlclelc_tot_grant,Local Elections 2021 Funding,RG,grantinlclelc,1,Grants
RG_grantinsupptrniosios_tot_grant,Support Lifeline transport links to the Isles of Wight and Isles of Scilly,RG,grantinsupptrniosios,1,Grants
RG_grantinccbssg_tot_grant,"COVID-19 Bus Services Support Grants (CBSSG), including Restart",RG,grantinccbssg,1,Grants
RG_grantinlrrg_tot_grant,"Light Rail Revenue Grant (LRRG), including Restart",RG,grantinlrrg,1,Grants
RG_grantincdelrdel_tot_grant,Emergency Active Travel Fund - Tranche 1 (CDEL and RDEL),RG,grantincdelrdel,1,Grants
RG_grantinslfiso_tot_grant,Self Isolation Grant,RG,grantinslfiso,1,Grants
RG_grantinoutmgtfnd_tot_grant,Grants within aggregate external finance - Contain Outbreak Management Fund 2021 to 2022,RG,grantinoutmgtfnd,1,Grants
RG_grantinrecretasc_tot_grant,Grants within aggregate external finance - Workforce Recruitment and Retention Fund for ASC,RG,grantinrecretasc,1,Grants
RG_grantinascomspp_tot_grant,Grants within aggregate external finance - ASC Omicron Support Fund,RG,grantinascomspp,1,Grants
RG_grantinwelbck_tot_grant,Grants within aggregate external finance - Welcome Back Fund,RG,grantinwelbck,1,Grants
RG_grantinrghslp_tot_grant,Rough Sleeping Initiative,RG,grantinrghslp,2,Grants
RG_grantinpolup_tot_grant,Police Officer Uplift Grant,RG,grantinpolup,1,Grants
RG_grantinoth_tot_grant,Other grants within AEF  (enter in memorandum box A below),RG,grantinoth,1,Grants
RG_grantintot_tot_grant,TOTAL GRANTS INSIDE AEF  (total of lines 102 to 698) (transfers to RS line 804 as income),RG,grantintot,1,Grants
RG_grantoutacomm_tot_grant,Adult and Community Learning from Skills Funding Agency,RG,grantoutacomm,1,Grants
RG_grantoutsixth_tot_grant,Sixth Form Funding from the Education Funding Agency (EFA),RG,grantoutsixth,1,Grants
RG_grantouthbrent_tot_grant,Mandatory Rent Allowances: subsidy ,RG,grantouthbrent,1,Grants
RG_grantouthbnreb_tot_grant,Mandatory Rent Rebates outside HRA: subsidy ,RG,grantouthbnreb,1,Grants
RG_grantouthbhreb_tot_grant,Rent Rebates Granted to HRA Tenants: subsidy,RG,grantouthbhreb,1,Grants
RG_grantoutoth_tot_grant,Other grants outside AEF  (enter in memorandum box B below),RG,grantoutoth,1,Grants
RG_grantouttot_tot_grant,TOTAL GRANTS OUTSIDE AEF (total of lines 715 to 798) (Transfers to RS line 791 as income),RG,grantouttot,1,Grants
RG_granttot_tot_grant,TOTAL SPECIFIC AND SPECIAL REVENUE GRANTS (total of lines 699 + 799),RG,granttot,1,Grants
RG_grantinsbgfrhlgf_tot_grant,"Small Business Grants Fund (SBGF) and Retail, Hospitality and Leisure Grants Fund (RHLGF)",RG,grantinsbgfrhlgf,1,Grants
RG_grantinaddsmlbus_tot_grant,Additional discretionary grant fund for small businesses,RG,grantinaddsmlbus,1,Grants
RG_grantmmdsb1_tot_grant,Local Restrictions Support Grant,RG,grantmmdsb1,1,Grants
RG_grantmmdsb2_tot_grant,BEIS Additional Restrictions Grant,RG,grantmmdsb2,1,Grants
RG_grantmmdsb3_tot_grant,Self Isolation Grant,RG,grantmmdsb3,1,Grants
RG_grantmmdsb4_tot_grant,Other grants relating to disbursement payments,RG,grantmmdsb4,1,Grants
RO1_eduerl_empl,Employees - Early Years,RO1,eduerl,7,Education
RO1_eduerl_run_exp,Running expenses - Early Years,RO1,eduerl,7,Education
RO1_eduerl_tot_exp,Total expenditure - Early Years,RO1,eduerl,7,Education
RO1_eduerl_sfc,"Sales, Fees and Charges - Early Years",RO1,eduerl,7,Education
RO1_eduerl_oth_inc,Other income - Early Years,RO1,eduerl,7,Education
RO1_eduerl_tot_inc,Total income - Early Years,RO1,eduerl,7,Education
RO1_eduerl_net_cur_exp,NET current expenditure - Early Years,RO1,eduerl,7,Education
RO1_eduprm_empl,Employees - Primary schools,RO1,eduprm,7,Education
RO1_eduprm_run_exp,Running expenses - Primary schools,RO1,eduprm,7,Education
RO1_eduprm_tot_exp,Total expenditure - Primary schools,RO1,eduprm,7,Education
RO1_eduprm_sfc,"Sales, Fees and Charges - Primary schools",RO1,eduprm,7,Education
RO1_eduprm_oth_inc,Other income - Primary schools,RO1,eduprm,7,Education
RO1_eduprm_tot_inc,Total income - Primary schools,RO1,eduprm,7,Education
RO1_eduprm_net_cur_exp,NET current expenditure - Primary schools,RO1,eduprm,7,Education
RO1_eduscn_empl,Employees - Secondary schools,RO1,eduscn,7,Education
RO1_eduscn_run_exp,Running expenses - Secondary schools,RO1,eduscn,7,Education
RO1_eduscn_tot_exp,Total expenditure - Secondary schools,RO1,eduscn,7,Education
RO1_eduscn_sfc,"Sales, Fees and Charges - Secondary schools",RO1,eduscn,7,Education
RO1_eduscn_oth_inc,Other income - Secondary schools,RO1,eduscn,7,Education
RO1_eduscn_tot_inc,Total income - Secondary schools,RO1,eduscn,7,Education
RO1_eduscn_net_cur_exp,NET current expenditure - Secondary schools,RO1,eduscn,7,Education
RO1_eduspc_empl,Employees - Special schools and alternative provision,RO1,eduspc,7,Education
RO1_eduspc_run_exp,Running expenses - Special schools and alternative provision,RO1,eduspc,7,Education
RO1_eduspc_tot_exp,Total expenditure - Special schools and alternative provision,RO1,eduspc,7,Education
RO1_eduspc_sfc,"Sales, Fees and Charges - Special schools and alternative provision",RO1,eduspc,7,Education
RO1_eduspc_oth_inc,Other income - Special schools and alternative provision,RO1,eduspc,7,Education
RO1_eduspc_tot_inc,Total income - Special schools and alternative provision,RO1,eduspc,7,Education
RO1_eduspc_net_cur_exp,NET current expenditure - Special schools and alternative provision,RO1,eduspc,7,Education
RO1_edupst_empl,Employees - Post-16 provision,RO1,edupst,7,Education
RO1_edupst_run_exp,Running expenses - Post-16 provision,RO1,edupst,7,Education
RO1_edupst_tot_exp,Total expenditure - Post-16 provision,RO1,edupst,7,Education
RO1_edupst_sfc,"Sales, Fees and Charges - Post-16 provision",RO1,edupst,7,Education
RO1_edupst_oth_inc,Other income - Post-16 provision,RO1,edupst,7,Education
RO1_edupst_tot_inc,Total income - Post-16 provision,RO1,edupst,7,Education
RO1_edupst_net_cur_exp,NET current expenditure - Post-16 provision,RO1,edupst,7,Education
RO1_eduoth_empl,Employees - Other education and community budget,RO1,eduoth,7,Education
RO1_eduoth_run_exp,Running expenses - Other education and community budget,RO1,eduoth,7,Education
RO1_eduoth_tot_exp,Total expenditure - Other education and community budget,RO1,eduoth,7,Education
RO1_eduoth_sfc,"Sales, Fees and Charges - Other education and community budget",RO1,eduoth,7,Education
RO1_eduoth_oth_inc,Other income - Other education and community budget,RO1,eduoth,7,Education
RO1_eduoth_tot_inc,Total income - Other education and community budget,RO1,eduoth,7,Education
RO1_eduoth_net_cur_exp,NET current expenditure - Other education and community budget,RO1,eduoth,7,Education
RO1_edutot_empl,Employees - TOTAL EDUCATION SERVICES,RO1,edutot,7,Education
RO1_edutot_run_exp,Running expenses - TOTAL EDUCATION SERVICES,RO1,edutot,7,Education
RO1_edutot_tot_exp,Total expenditure - TOTAL EDUCATION SERVICES,RO1,edutot,7,Education
RO1_edutot_sfc,"Sales, Fees and Charges - TOTAL EDUCATION SERVICES",RO1,edutot,7,Education
RO1_edutot_oth_inc,Other income - TOTAL EDUCATION SERVICES,RO1,edutot,7,Education
RO1_edutot_tot_inc,Total income - TOTAL EDUCATION SERVICES,RO1,edutot,7,Education
RO1_edutot_net_cur_exp,NET current expenditure - TOTAL EDUCATION SERVICES,RO1,edutot,7,Education
RO1_edusvmem_run_exp,Education services - memorandum item 'of which agency staff costs',RO1,edusvmem,1,Education
RO2_transpln_hghwys_mnt_empl,"Employees - Highways maintenance planning, policy and strategy",RO2,transpln,14,Transport
RO2_transpln_hghwys_mnt_run_exp,"Running expenses - Highways maintenance planning, policy and strategy",RO2,transpln,14,Transport
RO2_transpln_hghwys_mnt_tot_exp,"Total expenditure - Highways maintenance planning, policy and strategy",RO2,transpln,14,Transport
RO2_transpln_hghwys_mnt_sfc,"Sales, Fees and Charges - Highways maintenance planning, policy and strategy",RO2,transpln,14,Transport
RO2_transpln_hghwys_mnt_oth_inc,"Other income - Highways maintenance planning, policy and strategy",RO2,transpln,14,Transport
RO2_transpln_hghwys_mnt_tot_inc,"Total income - Highways maintenance planning, policy and strategy",RO2,transpln,14,Transport
RO2_transpln_hghwys_mnt_net_cur_exp,"NET current expenditure - Highways maintenance planning, policy and strategy",RO2,transpln,14,Transport
RO2_transpln_pub_oth_empl,"Employees - Public and other transport planning, policy and strategy",RO2,transpln,14,Transport
RO2_transpln_pub_oth_run_exp,"Running expenses - Public and other transport planning, policy and strategy",RO2,transpln,14,Transport
RO2_transpln_pub_oth_tot_exp,"Total expenditure - Public and other transport planning, policy and strategy",RO2,transpln,14,Transport
RO2_transpln_pub_oth_sfc,"Sales, Fees and Charges - Public and other transport planning, policy and strategy",RO2,transpln,14,Transport
RO2_transpln_pub_oth_oth_inc,"Other income - Public and other transport planning, policy and strategy",RO2,transpln,14,Transport
RO2_transpln_pub_oth_tot_inc,"Total income - Public and other transport planning, policy and strategy",RO2,transpln,14,Transport
RO2_transpln_pub_oth_net_cur_exp,"NET current expenditure - Public and other transport planning, policy and strategy",RO2,transpln,14,Transport
RO2_transrdsmnt_prn_rds_empl,Employees - Structural maintenance - principal roads,RO2,transrdsmnt,21,Transport
RO2_transrdsmnt_prn_rds_run_exp,Running expenses - Structural maintenance - principal roads,RO2,transrdsmnt,21,Transport
RO2_transrdsmnt_prn_rds_tot_exp,Total expenditure - Structural maintenance - principal roads,RO2,transrdsmnt,21,Transport
RO2_transrdsmnt_prn_rds_sfc,"Sales, Fees and Charges - Structural maintenance - principal roads",RO2,transrdsmnt,21,Transport
RO2_transrdsmnt_prn_rds_oth_inc,Other income - Structural maintenance - principal roads,RO2,transrdsmnt,21,Transport
RO2_transrdsmnt_prn_rds_tot_inc,Total income - Structural maintenance - principal roads,RO2,transrdsmnt,21,Transport
RO2_transrdsmnt_prn_rds_net_cur_exp,NET current expenditure - Structural maintenance - principal roads,RO2,transrdsmnt,21,Transport
RO2_transrdsmnt_oth_rds_empl,Employees - Structural maintenance - other LA roads,RO2,transrdsmnt,21,Transport
RO2_transrdsmnt_oth_rds_run_exp,Running expenses - Structural maintenance - other LA roads,RO2,transrdsmnt,21,Transport
RO2_transrdsmnt_oth_rds_tot_exp,Total expenditure - Structural maintenance - other LA roads,RO2,transrdsmnt,21,Transport
RO2_transrdsmnt_oth_rds_sfc,"Sales, Fees and Charges - Structural maintenance - other LA roads",RO2,transrdsmnt,21,Transport
RO2_transrdsmnt_oth_rds_oth_inc,Other income - Structural maintenance - other LA roads,RO2,transrdsmnt,21,Transport
RO2_transrdsmnt_oth_rds_tot_inc,Total income - Structural maintenance - other LA roads,RO2,transrdsmnt,21,Transport
RO2_transrdsmnt_oth_rds_net_cur_exp,NET current expenditure - Structural maintenance - other LA roads,RO2,transrdsmnt,21,Transport
RO2_transrdsmnt_brd_empl,Employees - Structural maintenance - bridges,RO2,transrdsmnt,21,Transport
RO2_transrdsmnt_brd_run_exp,Running expenses - Structural maintenance - bridges,RO2,transrdsmnt,21,Transport
RO2_transrdsmnt_brd_tot_exp,Total expenditure - Structural maintenance - bridges,RO2,transrdsmnt,21,Transport
RO2_transrdsmnt_brd_sfc,"Sales, Fees and Charges - Structural maintenance - bridges",RO2,transrdsmnt,21,Transport
RO2_transrdsmnt_brd_oth_inc,Other income - Structural maintenance - bridges,RO2,transrdsmnt,21,Transport
RO2_transrdsmnt_brd_tot_inc,Total income - Structural maintenance - bridges,RO2,transrdsmnt,21,Transport
RO2_transrdsmnt_brd_net_cur_exp,NET current expenditure - Structural maintenance - bridges,RO2,transrdsmnt,21,Transport
RO2_transrdsenv_prn_rds_empl,"Employees - Environmental, safety and routine maintenance - principal roads",RO2,transrdsenv,14,Transport
RO2_transrdsenv_prn_rds_run_exp,"Running expenses - Environmental, safety and routine maintenance - principal roads",RO2,transrdsenv,14,Transport
RO2_transrdsenv_prn_rds_tot_exp,"Total expenditure - Environmental, safety and routine maintenance - principal roads",RO2,transrdsenv,14,Transport
RO2_transrdsenv_prn_rds_sfc,"Sales, Fees and Charges - Environmental, safety and routine maintenance - principal roads",RO2,transrdsenv,14,Transport
RO2_transrdsenv_prn_rds_oth_inc,"Other income - Environmental, safety and routine maintenance - principal roads",RO2,transrdsenv,14,Transport
RO2_transrdsenv_prn_rds_tot_inc,"Total income - Environmental, safety and routine maintenance - principal roads",RO2,transrdsenv,14,Transport
RO2_transrdsenv_prn_rds_net_cur_exp,"NET current expenditure - Environmental, safety and routine maintenance - principal roads",RO2,transrdsenv,14,Transport
RO2_transrdsenv_oth_rds_empl,"Employees - Environmental, safety and routine maintenance - other LA roads",RO2,transrdsenv,14,Transport
RO2_transrdsenv_oth_rds_run_exp,"Running expenses - Environmental, safety and routine maintenance - other LA roads",RO2,transrdsenv,14,Transport
RO2_transrdsenv_oth_rds_tot_exp,"Total expenditure - Environmental, safety and routine maintenance - other LA roads",RO2,transrdsenv,14,Transport
RO2_transrdsenv_oth_rds_sfc,"Sales, Fees and Charges - Environmental, safety and routine maintenance - other LA roads",RO2,transrdsenv,14,Transport
RO2_transrdsenv_oth_rds_oth_inc,"Other income - Environmental, safety and routine maintenance - other LA roads",RO2,transrdsenv,14,Transport
RO2_transrdsenv_oth_rds_tot_inc,"Total income - Environmental, safety and routine maintenance - other LA roads",RO2,transrdsenv,14,Transport
RO2_transrdsenv_oth_rds_net_cur_exp,"NET current expenditure - Environmental, safety and routine maintenance - other LA roads",RO2,transrdsenv,14,Transport
RO2_transrdswnt_empl,Employees - Winter service,RO2,transrdswnt,7,Transport
RO2_transrdswnt_run_exp,Running expenses - Winter service,RO2,transrdswnt,7,Transport
RO2_transrdswnt_tot_exp,Total expenditure - Winter service,RO2,transrdswnt,7,Transport
RO2_transrdswnt_sfc,"Sales, Fees and Charges - Winter service",RO2,transrdswnt,7,Transport
RO2_transrdswnt_oth_inc,Other income - Winter service,RO2,transrdswnt,7,Transport
RO2_transrdswnt_tot_inc,Total income - Winter service,RO2,transrdswnt,7,Transport
RO2_transrdswnt_net_cur_exp,NET current expenditure - Winter service,RO2,transrdswnt,7,Transport
RO2_transrdslgh_empl,Employees - Street lighting (including energy costs),RO2,transrdslgh,7,Transport
RO2_transrdslgh_run_exp,Running expenses - Street lighting (including energy costs),RO2,transrdslgh,7,Transport
RO2_transrdslgh_tot_exp,Total expenditure - Street lighting (including energy costs),RO2,transrdslgh,7,Transport
RO2_transrdslgh_sfc,"Sales, Fees and Charges - Street lighting (including energy costs)",RO2,transrdslgh,7,Transport
RO2_transrdslgh_oth_inc,Other income - Street lighting (including energy costs),RO2,transrdslgh,7,Transport
RO2_transrdslgh_tot_inc,Total income - Street lighting (including energy costs),RO2,transrdslgh,7,Transport
RO2_transrdslgh_net_cur_exp,NET current expenditure - Street lighting (including energy costs),RO2,transrdslgh,7,Transport
RO2_transrdstrfcng_empl,Employees - Congestion charging,RO2,transrdstrfcng,7,Transport
RO2_transrdstrfcng_run_exp,Running expenses - Congestion charging,RO2,transrdstrfcng,7,Transport
RO2_transrdstrfcng_tot_exp,Total expenditure - Congestion charging,RO2,transrdstrfcng,7,Transport
RO2_transrdstrfcng_sfc,"Sales, Fees and Charges - Congestion charging",RO2,transrdstrfcng,7,Transport
RO2_transrdstrfcng_oth_inc,Other income - Congestion charging,RO2,transrdstrfcng,7,Transport
RO2_transrdstrfcng_tot_inc,Total income - Congestion charging,RO2,transrdstrfcng,7,Transport
RO2_transrdstrfcng_net_cur_exp,NET current expenditure - Congestion charging,RO2,transrdstrfcng,7,Transport
RO2_transrdstrfbs_empl,Employees - Bus lane enforcement,RO2,transrdstrfbs,7,Transport
RO2_transrdstrfbs_run_exp,Running expenses - Bus lane enforcement,RO2,transrdstrfbs,7,Transport
RO2_transrdstrfbs_tot_exp,Total expenditure - Bus lane enforcement,RO2,transrdstrfbs,7,Transport
RO2_transrdstrfbs_sfc,"Sales, Fees and Charges - Bus lane enforcement",RO2,transrdstrfbs,7,Transport
RO2_transrdstrfbs_oth_inc,Other income - Bus lane enforcement,RO2,transrdstrfbs,7,Transport
RO2_transrdstrfbs_tot_inc,Total income - Bus lane enforcement,RO2,transrdstrfbs,7,Transport
RO2_transrdstrfbs_net_cur_exp,NET current expenditure - Bus lane enforcement,RO2,transrdstrfbs,7,Transport
RO2_transrdstrfsft_empl,Employees - Road safety education and safe routes (including school crossing patrols),RO2,transrdstrfsft,7,Transport
RO2_transrdstrfsft_run_exp,Running expenses - Road safety education and safe routes (including school crossing patrols),RO2,transrdstrfsft,7,Transport
RO2_transrdstrfsft_tot_exp,Total expenditure - Road safety education and safe routes (including school crossing patrols),RO2,transrdstrfsft,7,Transport
RO2_transrdstrfsft_sfc,"Sales, Fees and Charges - Road safety education and safe routes (including school crossing patrols)",RO2,transrdstrfsft,7,Transport
RO2_transrdstrfsft_oth_inc,Other income - Road safety education and safe routes (including school crossing patrols),RO2,transrdstrfsft,7,Transport
RO2_transrdstrfsft_tot_inc,Total income - Road safety education and safe routes (including school crossing patrols),RO2,transrdstrfsft,7,Transport
RO2_transrdstrfsft_net_cur_exp,NET current expenditure - Road safety education and safe routes (including school crossing patrols),RO2,transrdstrfsft,7,Transport
RO2_transrdstrfoth_empl,Employees - Other traffic management,RO2,transrdstrfoth,7,Transport
RO2_transrdstrfoth_run_exp,Running expenses - Other traffic management,RO2,transrdstrfoth,7,Transport
RO2_transrdstrfoth_tot_exp,Total expenditure - Other traffic management,RO2,transrdstrfoth,7,Transport
RO2_transrdstrfoth_sfc,"Sales, Fees and Charges - Other traffic management",RO2,transrdstrfoth,7,Transport
RO2_transrdstrfoth_oth_inc,Other income - Other traffic management,RO2,transrdstrfoth,7,Transport
RO2_transrdstrfoth_tot_inc,Total income - Other traffic management,RO2,transrdstrfoth,7,Transport
RO2_transrdstrfoth_net_cur_exp,NET current expenditure - Other traffic management,RO2,transrdstrfoth,7,Transport
RO2_transprk_on_str_prk_empl,Employees - On-street parking,RO2,transprk,14,Transport
RO2_transprk_on_str_prk_run_exp,Running expenses - On-street parking,RO2,transprk,14,Transport
RO2_transprk_on_str_prk_tot_exp,Total expenditure - On-street parking,RO2,transprk,14,Transport
RO2_transprk_on_str_prk_sfc,"Sales, Fees and Charges - On-street parking",RO2,transprk,14,Transport
RO2_transprk_on_str_prk_oth_inc,Other income - On-street parking,RO2,transprk,14,Transport
RO2_transprk_on_str_prk_tot_inc,Total income - On-street parking,RO2,transprk,14,Transport
RO2_transprk_on_str_prk_net_cur_exp,NET current expenditure - On-street parking,RO2,transprk,14,Transport
RO2_transprk_off_str_prk_empl,Employees - Off-street parking,RO2,transprk,14,Transport
RO2_transprk_off_str_prk_run_exp,Running expenses - Off-street parking,RO2,transprk,14,Transport
RO2_transprk_off_str_prk_tot_exp,Total expenditure - Off-street parking,RO2,transprk,14,Transport
RO2_transprk_off_str_prk_sfc,"Sales, Fees and Charges - Off-street parking",RO2,transprk,14,Transport
RO2_transprk_off_str_prk_oth_inc,Other income - Off-street parking,RO2,transprk,14,Transport
RO2_transprk_off_str_prk_tot_inc,Total income - Off-street parking,RO2,transprk,14,Transport
RO2_transprk_off_str_prk_net_cur_exp,NET current expenditure - Off-street parking,RO2,transprk,14,Transport
RO2_transpblstt_empl,Employees - Statutory concessionary fares,RO2,transpblstt,7,Transport
RO2_transpblstt_run_exp,Running expenses - Statutory concessionary fares,RO2,transpblstt,7,Transport
RO2_transpblstt_tot_exp,Total expenditure - Statutory concessionary fares,RO2,transpblstt,7,Transport
RO2_transpblstt_sfc,"Sales, Fees and Charges - Statutory concessionary fares",RO2,transpblstt,7,Transport
RO2_transpblstt_oth_inc,Other income - Statutory concessionary fares,RO2,transpblstt,7,Transport
RO2_transpblstt_tot_inc,Total income - Statutory concessionary fares,RO2,transpblstt,7,Transport
RO2_transpblstt_net_cur_exp,NET current expenditure - Statutory concessionary fares,RO2,transpblstt,7,Transport
RO2_transpbldsc_empl,Employees - Discretionary concessionary fares,RO2,transpbldsc,7,Transport
RO2_transpbldsc_run_exp,Running expenses - Discretionary concessionary fares,RO2,transpbldsc,7,Transport
RO2_transpbldsc_tot_exp,Total expenditure - Discretionary concessionary fares,RO2,transpbldsc,7,Transport
RO2_transpbldsc_sfc,"Sales, Fees and Charges - Discretionary concessionary fares",RO2,transpbldsc,7,Transport
RO2_transpbldsc_oth_inc,Other income - Discretionary concessionary fares,RO2,transpbldsc,7,Transport
RO2_transpbldsc_tot_inc,Total income - Discretionary concessionary fares,RO2,transpbldsc,7,Transport
RO2_transpbldsc_net_cur_exp,NET current expenditure - Discretionary concessionary fares,RO2,transpbldsc,7,Transport
RO2_transpblopr_bus_empl,Employees - Support to operators - bus services,RO2,transpblopr,21,Transport
RO2_transpblopr_bus_run_exp,Running expenses - Support to operators - bus services,RO2,transpblopr,21,Transport
RO2_transpblopr_bus_tot_exp,Total expenditure - Support to operators - bus services,RO2,transpblopr,21,Transport
RO2_transpblopr_bus_sfc,"Sales, Fees and Charges - Support to operators - bus services",RO2,transpblopr,21,Transport
RO2_transpblopr_bus_oth_inc,Other income - Support to operators - bus services,RO2,transpblopr,21,Transport
RO2_transpblopr_bus_tot_inc,Total income - Support to operators - bus services,RO2,transpblopr,21,Transport
RO2_transpblopr_bus_net_cur_exp,NET current expenditure - Support to operators - bus services,RO2,transpblopr,21,Transport
RO2_transpblopr_rail_empl,Employees - Support to operators - rail services,RO2,transpblopr,21,Transport
RO2_transpblopr_rail_run_exp,Running expenses - Support to operators - rail services,RO2,transpblopr,21,Transport
RO2_transpblopr_rail_tot_exp,Total expenditure - Support to operators - rail services,RO2,transpblopr,21,Transport
RO2_transpblopr_rail_sfc,"Sales, Fees and Charges - Support to operators - rail services",RO2,transpblopr,21,Transport
RO2_transpblopr_rail_oth_inc,Other income - Support to operators - rail services,RO2,transpblopr,21,Transport
RO2_transpblopr_rail_tot_inc,Total income - Support to operators - rail services,RO2,transpblopr,21,Transport
RO2_transpblopr_rail_net_cur_exp,NET current expenditure - Support to operators - rail services,RO2,transpblopr,21,Transport
RO2_transpblopr_oth_empl,Employees - Support to operators - other,RO2,transpblopr,21,Transport
RO2_transpblopr_oth_run_exp,Running expenses - Support to operators - other,RO2,transpblopr,21,Transport
RO2_transpblopr_oth_tot_exp,Total expenditure - Support to operators - other,RO2,transpblopr,21,Transport
RO2_transpblopr_oth_sfc,"Sales, Fees and Charges - Support to operators - other",RO2,transpblopr,21,Transport
RO2_transpblopr_oth_oth_inc,Other income - Support to operators - other,RO2,transpblopr,21,Transport
RO2_transpblopr_oth_tot_inc,Total income - Support to operators - other,RO2,transpblopr,21,Transport
RO2_transpblopr_oth_net_cur_exp,NET current expenditure - Support to operators - other,RO2,transpblopr,21,Transport
RO2_transpblcrd_empl,Employees - Public transport co-ordination,RO2,transpblcrd,7,Transport
RO2_transpblcrd_run_exp,Running expenses - Public transport co-ordination,RO2,transpblcrd,7,Transport
RO2_transpblcrd_tot_exp,Total expenditure - Public transport co-ordination,RO2,transpblcrd,7,Transport
RO2_transpblcrd_sfc,"Sales, Fees and Charges - Public transport co-ordination",RO2,transpblcrd,7,Transport
RO2_transpblcrd_oth_inc,Other income - Public transport co-ordination,RO2,transpblcrd,7,Transport
RO2_transpblcrd_tot_inc,Total income - Public transport co-ordination,RO2,transpblcrd,7,Transport
RO2_transpblcrd_net_cur_exp,NET current expenditure - Public transport co-ordination,RO2,transpblcrd,7,Transport
RO2_transaht_empl,"Employees - Airports, harbours and toll facilities",RO2,transaht,7,Transport
RO2_transaht_run_exp,"Running expenses - Airports, harbours and toll facilities",RO2,transaht,7,Transport
RO2_transaht_tot_exp,"Total expenditure - Airports, harbours and toll facilities",RO2,transaht,7,Transport
RO2_transaht_sfc,"Sales, Fees and Charges - Airports, harbours and toll facilities",RO2,transaht,7,Transport
RO2_transaht_oth_inc,"Other income - Airports, harbours and toll facilities",RO2,transaht,7,Transport
RO2_transaht_tot_inc,"Total income - Airports, harbours and toll facilities",RO2,transaht,7,Transport
RO2_transaht_net_cur_exp,"NET current expenditure - Airports, harbours and toll facilities",RO2,transaht,7,Transport
RO2_transtot_empl,Employees - TOTAL HIGHWAYS AND TRANSPORT SERVICES,RO2,transtot,7,Transport
RO2_transtot_run_exp,Running expenses - TOTAL HIGHWAYS AND TRANSPORT SERVICES,RO2,transtot,7,Transport
RO2_transtot_tot_exp,Total expenditure - TOTAL HIGHWAYS AND TRANSPORT SERVICES,RO2,transtot,7,Transport
RO2_transtot_sfc,"Sales, Fees and Charges - TOTAL HIGHWAYS AND TRANSPORT SERVICES",RO2,transtot,7,Transport
RO2_transtot_oth_inc,Other income - TOTAL HIGHWAYS AND TRANSPORT SERVICES,RO2,transtot,7,Transport
RO2_transtot_tot_inc,Total income - TOTAL HIGHWAYS AND TRANSPORT SERVICES,RO2,transtot,7,Transport
RO2_transtot_net_cur_exp,NET current expenditure - TOTAL HIGHWAYS AND TRANSPORT SERVICES,RO2,transtot,7,Transport
RO2_transjntarrmnt_str_mnt_prn_rds_oth_inc,Other income - Structural maintenance - principal roads: joint arrangements in line 31,RO2,transjntarrmnt,4,Transport
RO2_transjntarrmnt_str_mnt_oth_rds_oth_inc,Other income - Structural maintenance - other LA roads: joint arrangements in line 32,RO2,transjntarrmnt,4,Transport
RO2_transjntarrmnt_env_mnt_prn_rds_oth_inc,Other income - Environmental/safety/routine maintenance principal roads: joint arrangements in line 41,RO2,transjntarrmnt,4,Transport
RO2_transjntarrmnt_env_mnt_oth_rds_oth_inc,Other income - Environmental/safety/routine maintenance other LA roads: joint arrangements in line 44,RO2,transjntarrmnt,4,Transport
RO2_transthrprtlbtclm_str_mnt_empl,Employees - Structural maintenance (all local roads): third party liability claims in,RO2,transthrprtlbtclm,7,Transport
RO2_transthrprtlbtclm_str_mnt_run_exp,Running expenses - Structural maintenance (all local roads): third party liability claims in,RO2,transthrprtlbtclm,7,Transport
RO2_transthrprtlbtclm_str_mnt_tot_exp,Total expenditure - Structural maintenance (all local roads): third party liability claims in,RO2,transthrprtlbtclm,7,Transport
RO2_transthrprtlbtclm_str_mnt_sfc,"Sales, Fees and Charges - Structural maintenance (all local roads): third party liability claims in",RO2,transthrprtlbtclm,7,Transport
RO2_transthrprtlbtclm_str_mnt_oth_inc,Other income - Structural maintenance (all local roads): third party liability claims in,RO2,transthrprtlbtclm,7,Transport
RO2_transthrprtlbtclm_str_mnt_tot_inc,Total income - Structural maintenance (all local roads): third party liability claims in,RO2,transthrprtlbtclm,7,Transport
RO2_transthrprtlbtclm_str_mnt_net_cur_exp,NET current expenditure - Structural maintenance (all local roads): third party liability claims in,RO2,transthrprtlbtclm,7,Transport
RO2_transunpptcmnt_env_prn_rds_run_exp,Running expenses - Environmental/safety/routine maintenance principal roads: unplanned patching in line 41,RO2,transunpptcmnt,2,Transport
RO2_transunpptcmnt_env_oth_rds_run_exp,Running expenses - Environmental/safety/routine maintenance other LA roads: unplanned patching in line 44,RO2,transunpptcmnt,2,Transport
RO2_transonstrfeechr_on_str_prk_pcn_sfc,"Sales, Fees and Charges - On-street parking: Penalty Charge Notice income included in line 61",RO2,transonstrfeechr,2,Transport
RO2_transonstrfeechr_on_str_prk_oth_sfc,"Sales, Fees and Charges - On street parking: other sales, fees and charges in line 61",RO2,transonstrfeechr,2,Transport
RO2_transpubsupopr_pym_bus_empl,Employees - Payment to operators in respect of depreciation which is included in line 73 - bus services,RO2,transpubsupopr,21,Transport
RO2_transpubsupopr_pym_bus_run_exp,Running expenses - Payment to operators in respect of depreciation which is included in line 73 - bus services,RO2,transpubsupopr,21,Transport
RO2_transpubsupopr_pym_bus_tot_exp,Total expenditure - Payment to operators in respect of depreciation which is included in line 73 - bus services,RO2,transpubsupopr,21,Transport
RO2_transpubsupopr_pym_bus_sfc,"Sales, Fees and Charges - Payment to operators in respect of depreciation which is included in line 73 - bus services",RO2,transpubsupopr,21,Transport
RO2_transpubsupopr_pym_bus_oth_inc,Other income - Payment to operators in respect of depreciation which is included in line 73 - bus services,RO2,transpubsupopr,21,Transport
RO2_transpubsupopr_pym_bus_tot_inc,Total income - Payment to operators in respect of depreciation which is included in line 73 - bus services,RO2,transpubsupopr,21,Transport
RO2_transpubsupopr_pym_bus_net_cur_exp,NET current expenditure - Payment to operators in respect of depreciation which is included in line 73 - bus services,RO2,transpubsupopr,21,Transport
RO2_transpubsupopr_pym_rail_empl,Employees - Payment to operators in respect of depreciation which is included in line 74 - rail services,RO2,transpubsupopr,21,Transport
RO2_transpubsupopr_pym_rail_run_exp,Running expenses - Payment to operators in respect of depreciation which is included in line 74 - rail services,RO2,transpubsupopr,21,Transport
RO2_transpubsupopr_pym_rail_tot_exp,Total expenditure - Payment to operators in respect of depreciation which is included in line 74 - rail services,RO2,transpubsupopr,21,Transport
RO2_transpubsupopr_pym_rail_sfc,"Sales, Fees and Charges - Payment to operators in respect of depreciation which is included in line 74 - rail services",RO2,transpubsupopr,21,Transport
RO2_transpubsupopr_pym_rail_oth_inc,Other income - Payment to operators in respect of depreciation which is included in line 74 - rail services,RO2,transpubsupopr,21,Transport
RO2_transpubsupopr_pym_rail_tot_inc,Total income - Payment to operators in respect of depreciation which is included in line 74 - rail services,RO2,transpubsupopr,21,Transport
RO2_transpubsupopr_pym_rail_net_cur_exp,NET current expenditure - Payment to operators in respect of depreciation which is included in line 74 - rail services,RO2,transpubsupopr,21,Transport
RO2_transpubsupopr_pym_oth_empl,Employees - Payment to operators in respect of depreciation which is included in line 75 - other,RO2,transpubsupopr,21,Transport
RO2_transpubsupopr_pym_oth_run_exp,Running expenses - Payment to operators in respect of depreciation which is included in line 75 - other,RO2,transpubsupopr,21,Transport
RO2_transpubsupopr_pym_oth_tot_exp,Total expenditure - Payment to operators in respect of depreciation which is included in line 75 - other,RO2,transpubsupopr,21,Transport
RO2_transpubsupopr_pym_oth_sfc,"Sales, Fees and Charges - Payment to operators in respect of depreciation which is included in line 75 - other",RO2,transpubsupopr,21,Transport
RO2_transpubsupopr_pym_oth_oth_inc,Other income - Payment to operators in respect of depreciation which is included in line 75 - other,RO2,transpubsupopr,21,Transport
RO2_transpubsupopr_pym_oth_tot_inc,Total income - Payment to operators in respect of depreciation which is included in line 75 - other,RO2,transpubsupopr,21,Transport
RO2_transpubsupopr_pym_oth_net_cur_exp,NET current expenditure - Payment to operators in respect of depreciation which is included in line 75 - other,RO2,transpubsupopr,21,Transport
RO2_transsvmem_run_exp,Highways and transport services - memorandum item 'of which agency staff costs',RO2,transsvmem,1,Transport
RO3_asccvd19dsc_empl,Employees - COVID-19 discharge costs,RO3,asccvd19dsc,7,Adult Social Care
RO3_asccvd19dsc_run_exp,Running expenses - COVID-19 discharge costs,RO3,asccvd19dsc,7,Adult Social Care
RO3_asccvd19dsc_tot_exp,Total expenditure - COVID-19 discharge costs,RO3,asccvd19dsc,7,Adult Social Care
RO3_asccvd19dsc_sfc,"Sales, Fees and Charges - COVID-19 discharge costs",RO3,asccvd19dsc,7,Adult Social Care
RO3_asccvd19dsc_oth_inc,Other income - COVID-19 discharge costs,RO3,asccvd19dsc,7,Adult Social Care
RO3_asccvd19dsc_tot_inc,Total income - COVID-19 discharge costs,RO3,asccvd19dsc,7,Adult Social Care
RO3_asccvd19dsc_net_cur_exp,NET current expenditure - COVID-19 discharge costs,RO3,asccvd19dsc,7,Adult Social Care
RO3_ascdsbcr_empl,Employees - Disbursement payments to care providers,RO3,ascdsbcr,7,Adult Social Care
RO3_ascdsbcr_run_exp,Running expenses - Disbursement payments to care providers,RO3,ascdsbcr,7,Adult Social Care
RO3_ascdsbcr_tot_exp,Total expenditure - Disbursement payments to care providers,RO3,ascdsbcr,7,Adult Social Care
RO3_ascdsbcr_sfc,"Sales, Fees and Charges - Disbursement payments to care providers",RO3,ascdsbcr,7,Adult Social Care
RO3_ascdsbcr_oth_inc,Other income - Disbursement payments to care homes,RO3,ascdsbcr,7,Adult Social Care
RO3_ascdsbcr_tot_inc,Total income - Disbursement payments to care providers,RO3,ascdsbcr,7,Adult Social Care
RO3_ascdsbcr_net_cur_exp,NET current expenditure - Disbursement payments to care providers,RO3,ascdsbcr,7,Adult Social Care
RO3_ascothnondsbcr_empl,Employees - Other payments to care providers,RO3,ascothnondsbcr,7,Adult Social Care
RO3_ascothnondsbcr_run_exp,Running expenses - Other payments to care providers,RO3,ascothnondsbcr,7,Adult Social Care
RO3_ascothnondsbcr_tot_exp,Total expenditure - Other payments to care providers,RO3,ascothnondsbcr,7,Adult Social Care
RO3_ascothnondsbcr_sfc,"Sales, Fees and Charges - Other payments to care providers",RO3,ascothnondsbcr,7,Adult Social Care
RO3_ascothnondsbcr_oth_inc,Other income - Other payments to care providers,RO3,ascothnondsbcr,7,Adult Social Care
RO3_ascothnondsbcr_tot_inc,Total income - Other payments to care providers,RO3,ascothnondsbcr,7,Adult Social Care
RO3_ascothnondsbcr_net_cur_exp,NET current expenditure - Other payments to care providers,RO3,ascothnondsbcr,7,Adult Social Care
RO3_cscsr_empl,Employees - Children's social care: Sure start children's centres and early years,RO3,cscsr,7,Children’s Social Care
RO3_cscsr_run_exp,Running expenses - Children's social care: Sure start children's centres and early years,RO3,cscsr,7,Children’s Social Care
RO3_cscsr_tot_exp,Total expenditure - Children's social care: Sure start children's centres and early years,RO3,cscsr,7,Children’s Social Care
RO3_cscsr_sfc,"Sales, Fees and Charges - Children's social care: Sure start children's centres and early years",RO3,cscsr,7,Children’s Social Care
RO3_cscsr_oth_inc,Other income - Children's social care: Sure start children's centres and early years,RO3,cscsr,7,Children’s Social Care
RO3_cscsr_tot_inc,Total income - Children's social care: Sure start children's centres and early years,RO3,cscsr,7,Children’s Social Care
RO3_cscsr_net_cur_exp,NET current expenditure - Children's social care: Sure start children's centres and early years,RO3,cscsr,7,Children’s Social Care
RO3_csclkd_empl,Employees - Children's social care - Children Looked After,RO3,csclkd,7,Children’s Social Care
RO3_csclkd_run_exp,Running expenses - Children's social care - Children Looked After,RO3,csclkd,7,Children’s Social Care
RO3_csclkd_tot_exp,Total expenditure - Children's social care - Children Looked After,RO3,csclkd,7,Children’s Social Care
RO3_csclkd_sfc,"Sales, Fees and Charges - Children's social care - Children Looked After",RO3,csclkd,7,Children’s Social Care
RO3_csclkd_oth_inc,Other income - Children's social care - Children Looked After,RO3,csclkd,7,Children’s Social Care
RO3_csclkd_tot_inc,Total income - Children's social care - Children Looked After,RO3,csclkd,7,Children’s Social Care
RO3_csclkd_net_cur_exp,NET current expenditure - Children's social care - Children Looked After,RO3,csclkd,7,Children’s Social Care
RO3_cscoth_empl,Employees - Children's social care - Other children's and families services,RO3,cscoth,7,Children’s Social Care
RO3_cscoth_run_exp,Running expenses - Children's social care - Other children's and families services,RO3,cscoth,7,Children’s Social Care
RO3_cscoth_tot_exp,Total expenditure - Children's social care - Other children's and families services,RO3,cscoth,7,Children’s Social Care
RO3_cscoth_sfc,"Sales, Fees and Charges - Children's social care - Other children's and families services",RO3,cscoth,7,Children’s Social Care
RO3_cscoth_oth_inc,Other income - Children's social care - Other children's and families services,RO3,cscoth,7,Children’s Social Care
RO3_cscoth_tot_inc,Total income - Children's social care - Other children's and families services,RO3,cscoth,7,Children’s Social Care
RO3_cscoth_net_cur_exp,NET current expenditure - Children's social care - Other children's and families services,RO3,cscoth,7,Children’s Social Care
RO3_csclkdres_empl,Employees - Children's social care - of which residential care,RO3,csclkdres,7,Children’s Social Care
RO3_csclkdres_run_exp,Running expenses - Children's social care - of which residential care,RO3,csclkdres,7,Children’s Social Care
RO3_csclkdres_tot_exp,Total service expenditure - Children's social care - of which residential care,RO3,csclkdres,7,Children’s Social Care
RO3_csclkdres_sfc,"Sales, Fees and Charges - Children's social care - of which residential care",RO3,csclkdres,7,Children’s Social Care
RO3_csclkdres_oth_inc,Other Income - Children's social care - of which residential care,RO3,csclkdres,7,Children’s Social Care
RO3_csclkdres_tot_inc,Total Income - Children's social care - of which residential care,RO3,csclkdres,7,Children’s Social Care
RO3_csclkdfos_empl,Employees - Children's social care - of which fostering services,RO3,csclkdfos,7,Children’s Social Care
RO3_csclkdfos_run_exp,Running expenses - Children's social care - of which fostering services,RO3,csclkdfos,7,Children’s Social Care
RO3_csclkdfos_tot_exp,Total service expenditure - Children's social care - of which fostering services,RO3,csclkdfos,7,Children’s Social Care
RO3_csclkdfos_sfc,"Sales, Fees and Charges - Children's social care - of which fostering services",RO3,csclkdfos,7,Children’s Social Care
RO3_csclkdfos_oth_inc,Other Income - Children's social care - of which fostering services,RO3,csclkdfos,7,Children’s Social Care
RO3_csclkdfos_tot_inc,Total Income - Children's social care - of which fostering services,RO3,csclkdfos,7,Children’s Social Care
RO3_csclkdfos_net_cur_exp,Net Current Expenditure - Children's social care - of which fostering services ,RO3,csclkdfos,7,Children’s Social Care
RO3_csclkdasy_empl,Employees - Children's social care - of which asylum seeking children who are looked after,RO3,csclkdasy,7,Children’s Social Care
RO3_csclkdasy_run_exp,Running expenses - Children's social care - of which asylum seeking children who are looked after,RO3,csclkdasy,7,Children’s Social Care
RO3_csclkdasy_tot_exp,Total service expenditure - Children's social care - of which asylum seeking children who are looked after,RO3,csclkdasy,7,Children’s Social Care
RO3_csclkdasy_sfc,"Sales, Fees and Charges - Children's social care - of which asylum seeking children who are looked after",RO3,csclkdasy,7,Children’s Social Care
RO3_csclkdasy_oth_inc,Other Income - Children's social care - of which asylum seeking children who are looked after,RO3,csclkdasy,7,Children’s Social Care
RO3_csclkdasy_tot_inc,Total Income - Children's social care - of which asylum seeking children who are looked after,RO3,csclkdasy,7,Children’s Social Care
RO3_csclkdasy_net_cur_exp,Net Current Expenditure - Children's social care - of which asylum seeking children who are looked after,RO3,csclkdasy,7,Children’s Social Care
RO3_csclkdoth_empl,Employees - Children's social care - of which other,RO3,csclkdoth,7,Children’s Social Care
RO3_csclkdoth_run_exp,Running expenses - Children's social care - of which other,RO3,csclkdoth,7,Children’s Social Care
RO3_csclkdoth_tot_exp,Total service expenditure - Children's social care - of which other,RO3,csclkdoth,7,Children’s Social Care
RO3_csclkdoth_sfc,"Sales, Fees and Charges - Children's social care - of which other",RO3,csclkdoth,7,Children’s Social Care
RO3_csclkdoth_oth_inc,Other Income - Children's social care - of which other,RO3,csclkdoth,7,Children’s Social Care
RO3_csclkdoth_tot_inc,Total Income - Children's social care - of which other,RO3,csclkdoth,7,Children’s Social Care
RO3_csclkdoth_net_cur_exp,Net Current Expenditure - Children's social care - of which other,RO3,csclkdoth,7,Children’s Social Care
RO3_cscfml_empl,Employees - Children's social care - Family Support Services,RO3,cscfml,7,Children’s Social Care
RO3_cscfml_run_exp,Running expenses - Children's social care - Family Support Services,RO3,cscfml,7,Children’s Social Care
RO3_cscfml_tot_exp,Total expenditure - Children's social care - Family Support Services,RO3,cscfml,7,Children’s Social Care
RO3_cscfml_sfc,"Sales, Fees and Charges - Children's social care - Family Support Services",RO3,cscfml,7,Children’s Social Care
RO3_cscfml_oth_inc,Other income - Children's social care - Family Support Services,RO3,cscfml,7,Children’s Social Care
RO3_cscfml_tot_inc,Total income - Children's social care - Family Support Services,RO3,cscfml,7,Children’s Social Care
RO3_cscfml_net_cur_exp,NET current expenditure - Children's social care - Family Support Services,RO3,cscfml,7,Children’s Social Care
RO3_cscyth_empl,Employees - Children's social care - Youth Justice,RO3,cscyth,7,Children’s Social Care
RO3_cscyth_run_exp,Running expenses - Children's social care - Youth Justice,RO3,cscyth,7,Children’s Social Care
RO3_cscyth_tot_exp,Total expenditure - Children's social care - Youth Justice,RO3,cscyth,7,Children’s Social Care
RO3_cscyth_sfc,"Sales, Fees and Charges - Children's social care - Youth Justice",RO3,cscyth,7,Children’s Social Care
RO3_cscyth_oth_inc,Other income - Children's social care - Youth Justice,RO3,cscyth,7,Children’s Social Care
RO3_cscyth_tot_inc,Total income - Children's social care - Youth Justice,RO3,cscyth,7,Children’s Social Care
RO3_cscyth_net_cur_exp,NET current expenditure - Children's social care - Youth Justice,RO3,cscyth,7,Children’s Social Care
RO3_cscsfg_empl,Employees - Children's social care: Safeguarding children and young people's services,RO3,cscsfg,7,Children’s Social Care
RO3_cscsfg_run_exp,Running expenses - Children's social care: Safeguarding children and young people's services,RO3,cscsfg,7,Children’s Social Care
RO3_cscsfg_tot_exp,Total expenditure - Children's social care: Safeguarding children and young people's services,RO3,cscsfg,7,Children’s Social Care
RO3_cscsfg_sfc,"Sales, Fees and Charges - Children's social care: Safeguarding children and young people's services",RO3,cscsfg,7,Children’s Social Care
RO3_cscsfg_oth_inc,Other income - Children's social care: Safeguarding children and young people's services,RO3,cscsfg,7,Children’s Social Care
RO3_cscsfg_tot_inc,Total income - Children's social care: Safeguarding children and young people's services,RO3,cscsfg,7,Children’s Social Care
RO3_cscsfg_net_cur_exp,NET current expenditure - Children's social care: Safeguarding children and young people's services,RO3,cscsfg,7,Children’s Social Care
RO3_cscasy_empl,Employees - Children's social care - Asylum Seekers,RO3,cscasy,7,Children’s Social Care
RO3_cscasy_run_exp,Running expenses - Children's social care - Asylum Seekers,RO3,cscasy,7,Children’s Social Care
RO3_cscasy_tot_exp,Total expenditure - Children's social care - Asylum Seekers,RO3,cscasy,7,Children’s Social Care
RO3_cscasy_sfc,"Sales, Fees and Charges - Children's social care - Asylum Seekers",RO3,cscasy,7,Children’s Social Care
RO3_cscasy_oth_inc,Other income - Children's social care - Asylum Seekers,RO3,cscasy,7,Children’s Social Care
RO3_cscasy_tot_inc,Total income - Children's social care - Asylum Seekers,RO3,cscasy,7,Children’s Social Care
RO3_cscasy_net_cur_exp,NET current expenditure - Children's social care - Asylum Seekers,RO3,cscasy,7,Children’s Social Care
RO3_cscsrv_empl,Employees - Children's social care: Services for young people,RO3,cscsrv,7,Children’s Social Care
RO3_cscsrv_run_exp,Running expenses - Children's social care: Services for young people,RO3,cscsrv,7,Children’s Social Care
RO3_cscsrv_tot_exp,Total expenditure - Children's social care: Services for young people,RO3,cscsrv,7,Children’s Social Care
RO3_cscsrv_sfc,"Sales, Fees and Charges - Children's social care: Services for young people",RO3,cscsrv,7,Children’s Social Care
RO3_cscsrv_oth_inc,Other income - Children's social care: Services for young people,RO3,cscsrv,7,Children’s Social Care
RO3_cscsrv_tot_inc,Total income - Children's social care: Services for young people,RO3,cscsrv,7,Children’s Social Care
RO3_cscsrv_net_cur_exp,NET current expenditure - Children's social care: Services for young people,RO3,cscsrv,7,Children’s Social Care
RO3_csctot_empl,Employees - TOTAL CHILDREN SOCIAL CARE,RO3,csctot,7,Children’s Social Care
RO3_csctot_run_exp,Running expenses - TOTAL CHILDREN SOCIAL CARE,RO3,csctot,7,Children’s Social Care
RO3_csctot_tot_exp,Total expenditure - TOTAL CHILDREN SOCIAL CARE,RO3,csctot,7,Children’s Social Care
RO3_csctot_sfc,"Sales, Fees and Charges - TOTAL CHILDREN SOCIAL CARE",RO3,csctot,7,Children’s Social Care
RO3_csctot_oth_inc,Other income - TOTAL CHILDREN SOCIAL CARE,RO3,csctot,7,Children’s Social Care
RO3_csctot_tot_inc,Total income - TOTAL CHILDREN SOCIAL CARE,RO3,csctot,7,Children’s Social Care
RO3_csctot_net_cur_exp,NET current expenditure - TOTAL CHILDREN SOCIAL CARE,RO3,csctot,7,Children’s Social Care
RO3_ascphyadl_empl,Employees - Physical support - adults (18-64),RO3,ascphyadl,7,Adult Social Care
RO3_ascphyadl_run_exp,Running expenses - Physical support - adults (18-64),RO3,ascphyadl,7,Adult Social Care
RO3_ascphyadl_tot_exp,Total expenditure - Physical support - adults (18-64),RO3,ascphyadl,7,Adult Social Care
RO3_ascphyadl_sfc,"Sales, Fees and Charges - Physical support - adults (18-64)",RO3,ascphyadl,7,Adult Social Care
RO3_ascphyadl_oth_inc,Other income - Physical support - adults (18-64),RO3,ascphyadl,7,Adult Social Care
RO3_ascphyadl_tot_inc,Total income - Physical support - adults (18-64),RO3,ascphyadl,7,Adult Social Care
RO3_ascphyadl_net_cur_exp,NET current expenditure - Physical support - adults (18-64),RO3,ascphyadl,7,Adult Social Care
RO3_ascphyold_empl,Employees - Physical support - older people (65+),RO3,ascphyold,7,Adult Social Care
RO3_ascphyold_run_exp,Running expenses - Physical support - older people (65+),RO3,ascphyold,7,Adult Social Care
RO3_ascphyold_tot_exp,Total expenditure - Physical support - older people (65+),RO3,ascphyold,7,Adult Social Care
RO3_ascphyold_sfc,"Sales, Fees and Charges - Physical support - older people (65+)",RO3,ascphyold,7,Adult Social Care
RO3_ascphyold_oth_inc,Other income - Physical support - older people (65+),RO3,ascphyold,7,Adult Social Care
RO3_ascphyold_tot_inc,Total income - Physical support - older people (65+),RO3,ascphyold,7,Adult Social Care
RO3_ascphyold_net_cur_exp,NET current expenditure - Physical support - older people (65+),RO3,ascphyold,7,Adult Social Care
RO3_ascsnsadl_empl,Employees - Sensory support - adults (18-64),RO3,ascsnsadl,7,Adult Social Care
RO3_ascsnsadl_run_exp,Running expenses - Sensory support - adults (18-64),RO3,ascsnsadl,7,Adult Social Care
RO3_ascsnsadl_tot_exp,Total expenditure - Sensory support - adults (18-64),RO3,ascsnsadl,7,Adult Social Care
RO3_ascsnsadl_sfc,"Sales, Fees and Charges - Sensory support - adults (18-64)",RO3,ascsnsadl,7,Adult Social Care
RO3_ascsnsadl_oth_inc,Other income - Sensory support - adults (18-64),RO3,ascsnsadl,7,Adult Social Care
RO3_ascsnsadl_tot_inc,Total income - Sensory support - adults (18-64),RO3,ascsnsadl,7,Adult Social Care
RO3_ascsnsadl_net_cur_exp,NET current expenditure - Sensory support - adults (18-64),RO3,ascsnsadl,7,Adult Social Care
RO3_ascsnsold_empl,Employees - Sensory support - older people (65+),RO3,ascsnsold,7,Adult Social Care
RO3_ascsnsold_run_exp,Running expenses - Sensory support - older people (65+),RO3,ascsnsold,7,Adult Social Care
RO3_ascsnsold_tot_exp,Total expenditure - Sensory support - older people (65+),RO3,ascsnsold,7,Adult Social Care
RO3_ascsnsold_sfc,"Sales, Fees and Charges - Sensory support - older people (65+)",RO3,ascsnsold,7,Adult Social Care
RO3_ascsnsold_oth_inc,Other income - Sensory support - older people (65+),RO3,ascsnsold,7,Adult Social Care
RO3_ascsnsold_tot_inc,Total income - Sensory support - older people (65+),RO3,ascsnsold,7,Adult Social Care
RO3_ascsnsold_net_cur_exp,NET current expenditure - Sensory support - older people (65+),RO3,ascsnsold,7,Adult Social Care
RO3_ascmmradl_empl,Employees - Support with memory and cognition - adults (18-64),RO3,ascmmradl,7,Adult Social Care
RO3_ascmmradl_run_exp,Running expenses - Support with memory and cognition - adults (18-64),RO3,ascmmradl,7,Adult Social Care
RO3_ascmmradl_tot_exp,Total expenditure - Support with memory and cognition - adults (18-64),RO3,ascmmradl,7,Adult Social Care
RO3_ascmmradl_sfc,"Sales, Fees and Charges - Support with memory and cognition - adults (18-64)",RO3,ascmmradl,7,Adult Social Care
RO3_ascmmradl_oth_inc,Other income - Support with memory and cognition - adults (18-64),RO3,ascmmradl,7,Adult Social Care
RO3_ascmmradl_tot_inc,Total income - Support with memory and cognition - adults (18-64),RO3,ascmmradl,7,Adult Social Care
RO3_ascmmradl_net_cur_exp,NET current expenditure - Support with memory and cognition - adults (18-64),RO3,ascmmradl,7,Adult Social Care
RO3_ascmmrold_empl,Employees - Support with memory and cognition - older people (65+),RO3,ascmmrold,7,Adult Social Care
RO3_ascmmrold_run_exp,Running expenses - Support with memory and cognition - older people (65+),RO3,ascmmrold,7,Adult Social Care
RO3_ascmmrold_tot_exp,Total expenditure - Support with memory and cognition - older people (65+),RO3,ascmmrold,7,Adult Social Care
RO3_ascmmrold_sfc,"Sales, Fees and Charges - Support with memory and cognition - older people (65+)",RO3,ascmmrold,7,Adult Social Care
RO3_ascmmrold_oth_inc,Other income - Support with memory and cognition - older people (65+),RO3,ascmmrold,7,Adult Social Care
RO3_ascmmrold_tot_inc,Total income - Support with memory and cognition - older people (65+),RO3,ascmmrold,7,Adult Social Care
RO3_ascmmrold_net_cur_exp,NET current expenditure - Support with memory and cognition - older people (65+),RO3,ascmmrold,7,Adult Social Care
RO3_ascsclcrradl_empl,Employees - of which aged 18-64,RO3,ascsclcrradl,7,Adult Social Care
RO3_ascsclcrradl_run_exp,Running expenses - of which aged 18-64,RO3,ascsclcrradl,7,Adult Social Care
RO3_ascsclcrradl_tot_exp,Total expenditure - of which aged 18-64,RO3,ascsclcrradl,7,Adult Social Care
RO3_ascsclcrradl_sfc,"Sales, Fees and Charges - of which aged 18-64",RO3,ascsclcrradl,7,Adult Social Care
RO3_ascsclcrradl_oth_inc,Other income - of which aged 18-64,RO3,ascsclcrradl,7,Adult Social Care
RO3_ascsclcrrold_tot_inc,Total income - of which aged 18-64,RO3,ascsclcrrold,7,Adult Social Care
RO3_ascsclcrradl_net_cur_exp,NET current expenditure - of which aged 18-64,RO3,ascsclcrradl,7,Adult Social Care
RO3_ascsclcrrold_empl,Employees - of which aged 65+,RO3,ascsclcrrold,7,Adult Social Care
RO3_ascsclcrrold_run_exp,Running expenses - of which aged 65+,RO3,ascsclcrrold,7,Adult Social Care
RO3_ascsclcrrold_tot_exp,Total expenditure - of which aged 65+,RO3,ascsclcrrold,7,Adult Social Care
RO3_ascsclcrrold_sfc,"Sales, Fees and Charges - of which aged 65+",RO3,ascsclcrrold,7,Adult Social Care
RO3_ascsclcrrold_oth_inc,Other income - of which aged 65+,RO3,ascsclcrrold,7,Adult Social Care
RO3_ascsclcrradl_tot_inc,Total income - of which aged 65+,RO3,ascsclcrradl,7,Adult Social Care
RO3_ascsclcrrold_net_cur_exp,NET current expenditure - of which aged 65+,RO3,ascsclcrrold,7,Adult Social Care
RO3_asclrnadl_empl,Employees - Learning disability support - adults (18-64),RO3,asclrnadl,7,Adult Social Care
RO3_asclrnadl_run_exp,Running expenses - Learning disability support - adults (18-64),RO3,asclrnadl,7,Adult Social Care
RO3_asclrnadl_tot_exp,Total expenditure - Learning disability support - adults (18-64),RO3,asclrnadl,7,Adult Social Care
RO3_asclrnadl_sfc,"Sales, Fees and Charges - Learning disability support - adults (18-64)",RO3,asclrnadl,7,Adult Social Care
RO3_asclrnadl_oth_inc,Other income - Learning disability support - adults (18-64),RO3,asclrnadl,7,Adult Social Care
RO3_asclrnadl_tot_inc,Total income - Learning disability support - adults (18-64),RO3,asclrnadl,7,Adult Social Care
RO3_asclrnadl_net_cur_exp,NET current expenditure - Learning disability support - adults (18-64),RO3,asclrnadl,7,Adult Social Care
RO3_asclrnold_empl,Employees - Learning disability support - older people (65+),RO3,asclrnold,7,Adult Social Care
RO3_asclrnold_run_exp,Running expenses - Learning disability support - older people (65+),RO3,asclrnold,7,Adult Social Care
RO3_asclrnold_tot_exp,Total expenditure - Learning disability support - older people (65+),RO3,asclrnold,7,Adult Social Care
RO3_asclrnold_sfc,"Sales, Fees and Charges - Learning disability support - older people (65+)",RO3,asclrnold,7,Adult Social Care
RO3_asclrnold_oth_inc,Other income - Learning disability support - older people (65+),RO3,asclrnold,7,Adult Social Care
RO3_asclrnold_tot_inc,Total income - Learning disability support - older people (65+),RO3,asclrnold,7,Adult Social Care
RO3_asclrnold_net_cur_exp,NET current expenditure - Learning disability support - older people (65+),RO3,asclrnold,7,Adult Social Care
RO3_ascassadl_empl,Employees - of which aged 18-64,RO3,ascassadl,7,Adult Social Care
RO3_ascassadl_run_exp,Running expenses - of which aged 18-64,RO3,ascassadl,7,Adult Social Care
RO3_ascassadl_tot_exp,Total expenditure - of which aged 18-64,RO3,ascassadl,7,Adult Social Care
RO3_ascassadl_sfc,"Sales, Fees and Charges - of which aged 18-64",RO3,ascassadl,7,Adult Social Care
RO3_ascassadl_oth_inc,Other income - of which aged 18-64,RO3,ascassadl,7,Adult Social Care
RO3_ascassadl_tot_inc,Total income - of which aged 18-64,RO3,ascassadl,7,Adult Social Care
RO3_ascassadl_net_cur_exp,NET current expenditure - of which aged 18-64,RO3,ascassadl,7,Adult Social Care
RO3_ascassold_empl,Employees - of which aged 65+,RO3,ascassold,7,Adult Social Care
RO3_ascassold_run_exp,Running expenses - of which aged 65+,RO3,ascassold,7,Adult Social Care
RO3_ascassold_tot_exp,Total expenditure - of which aged 65+,RO3,ascassold,7,Adult Social Care
RO3_ascassold_sfc,"Sales, Fees and Charges - of which aged 65+",RO3,ascassold,7,Adult Social Care
RO3_ascassold_oth_inc,Other income - of which aged 65+,RO3,ascassold,7,Adult Social Care
RO3_ascassold_tot_inc,Total income - of which aged 65+,RO3,ascassold,7,Adult Social Care
RO3_ascassold_net_cur_exp,NET current expenditure - of which aged 65+,RO3,ascassold,7,Adult Social Care
RO3_ascmntadl_empl,Employees - Mental health support - adults (18-64),RO3,ascmntadl,7,Adult Social Care
RO3_ascmntadl_run_exp,Running expenses - Mental health support - adults (18-64),RO3,ascmntadl,7,Adult Social Care
RO3_ascmntadl_tot_exp,Total expenditure - Mental health support - adults (18-64),RO3,ascmntadl,7,Adult Social Care
RO3_ascmntadl_sfc,"Sales, Fees and Charges - Mental health support - adults (18-64)",RO3,ascmntadl,7,Adult Social Care
RO3_ascmntadl_oth_inc,Other income - Mental health support - adults (18-64),RO3,ascmntadl,7,Adult Social Care
RO3_ascmntadl_tot_inc,Total income - Mental health support - adults (18-64),RO3,ascmntadl,7,Adult Social Care
RO3_ascmntadl_net_cur_exp,NET current expenditure - Mental health support - adults (18-64),RO3,ascmntadl,7,Adult Social Care
RO3_ascmntold_empl,Employees - Mental health support - older people (65+),RO3,ascmntold,7,Adult Social Care
RO3_ascmntold_run_exp,Running expenses - Mental health support - older people (65+),RO3,ascmntold,7,Adult Social Care
RO3_ascmntold_tot_exp,Total expenditure - Mental health support - older people (65+),RO3,ascmntold,7,Adult Social Care
RO3_ascmntold_sfc,"Sales, Fees and Charges - Mental health support - older people (65+)",RO3,ascmntold,7,Adult Social Care
RO3_ascmntold_oth_inc,Other income - Mental health support - older people (65+),RO3,ascmntold,7,Adult Social Care
RO3_ascmntold_tot_inc,Total income - Mental health support - older people (65+),RO3,ascmntold,7,Adult Social Care
RO3_ascmntold_net_cur_exp,NET current expenditure - Mental health support - older people (65+),RO3,ascmntold,7,Adult Social Care
RO3_asccrasssfgadl_empl,Employees - of which aged 18-64,RO3,asccrasssfgadl,7,Adult Social Care
RO3_asccrasssfgadl_run_exp,Running expenses - of which aged 18-64,RO3,asccrasssfgadl,7,Adult Social Care
RO3_asccrasssfgadl_tot_exp,Total expenditure - of which aged 18-64,RO3,asccrasssfgadl,7,Adult Social Care
RO3_asccrasssfgadl_sfc,"Sales, Fees and Charges - of which aged 18-64",RO3,asccrasssfgadl,7,Adult Social Care
RO3_asccrasssfgadl_oth_inc,Other income - of which aged 18-64,RO3,asccrasssfgadl,7,Adult Social Care
RO3_asccrasssfgadl_tot_inc,Total income - of which aged 18-64,RO3,asccrasssfgadl,7,Adult Social Care
RO3_asccrasssfgadl_net_cur_exp,NET current expenditure - of which aged 18-64,RO3,asccrasssfgadl,7,Adult Social Care
RO3_asccrasssfgold_empl,Employees - of which aged 65+,RO3,asccrasssfgold,7,Adult Social Care
RO3_asccrasssfgold_run_exp,Running expenses - of which aged 65+,RO3,asccrasssfgold,7,Adult Social Care
RO3_asccrasssfgold_tot_exp,Total expenditure - of which aged 65+,RO3,asccrasssfgold,7,Adult Social Care
RO3_asccrasssfgold_sfc,"Sales, Fees and Charges - of which aged 65+",RO3,asccrasssfgold,7,Adult Social Care
RO3_asccrasssfgold_oth_inc,Other income - of which aged 65+,RO3,asccrasssfgold,7,Adult Social Care
RO3_asccrasssfgold_tot_inc,Total income - of which aged 65+,RO3,asccrasssfgold,7,Adult Social Care
RO3_asccrasssfgold_net_cur_exp,NET current expenditure - of which aged 65+,RO3,asccrasssfgold,7,Adult Social Care
RO3_ascsclsbs_empl,Employees - Social support: Substance misuse support,RO3,ascsclsbs,7,Adult Social Care
RO3_ascsclsbs_run_exp,Running expenses - Social support: Substance misuse support,RO3,ascsclsbs,7,Adult Social Care
RO3_ascsclsbs_tot_exp,Total expenditure - Social support: Substance misuse support,RO3,ascsclsbs,7,Adult Social Care
RO3_ascsclsbs_sfc,"Sales, Fees and Charges - Social support: Substance misuse support",RO3,ascsclsbs,7,Adult Social Care
RO3_ascsclsbs_oth_inc,Other income - Social support: Substance misuse support,RO3,ascsclsbs,7,Adult Social Care
RO3_ascsclsbs_tot_inc,Total income - Social support: Substance misuse support,RO3,ascsclsbs,7,Adult Social Care
RO3_ascsclsbs_net_cur_exp,NET current expenditure - Social support: Substance misuse support,RO3,ascsclsbs,7,Adult Social Care
RO3_ascsclasy_empl,Employees - Social support: Asylum seeker support,RO3,ascsclasy,7,Adult Social Care
RO3_ascsclasy_run_exp,Running expenses - Social support: Asylum seeker support,RO3,ascsclasy,7,Adult Social Care
RO3_ascsclasy_tot_exp,Total expenditure - Social support: Asylum seeker support,RO3,ascsclasy,7,Adult Social Care
RO3_ascsclasy_sfc,"Sales, Fees and Charges - Social support: Asylum seeker support",RO3,ascsclasy,7,Adult Social Care
RO3_ascsclasy_oth_inc,Other income - Social support: Asylum seeker support,RO3,ascsclasy,7,Adult Social Care
RO3_ascsclasy_tot_inc,Total income - Social support: Asylum seeker support,RO3,ascsclasy,7,Adult Social Care
RO3_ascsclasy_net_cur_exp,NET current expenditure - Social support: Asylum seeker support,RO3,ascsclasy,7,Adult Social Care
RO3_ascsclcrr_empl,Employees - Social support: Support for carer,RO3,ascsclcrr,7,Adult Social Care
RO3_ascsclcrr_run_exp,Running expenses - Social support: Support for carer,RO3,ascsclcrr,7,Adult Social Care
RO3_ascsclcrr_tot_exp,Total expenditure - Social support: Support for carer,RO3,ascsclcrr,7,Adult Social Care
RO3_ascsclcrr_sfc,"Sales, Fees and Charges - Social support: Support for carer",RO3,ascsclcrr,7,Adult Social Care
RO3_ascsclcrr_oth_inc,Other income - Social support: Support for carer,RO3,ascsclcrr,7,Adult Social Care
RO3_ascsclcrr_tot_inc,Total income - Social support: Support for carer,RO3,ascsclcrr,7,Adult Social Care
RO3_ascsclcrr_net_cur_exp,NET current expenditure - Social support: Support for carer,RO3,ascsclcrr,7,Adult Social Care
RO3_ascsclisl_empl,Employees - Social support: Social Isolation,RO3,ascsclisl,7,Adult Social Care
RO3_ascsclisl_run_exp,Running expenses - Social support: Social Isolation,RO3,ascsclisl,7,Adult Social Care
RO3_ascsclisl_tot_exp,Total expenditure - Social support: Social Isolation,RO3,ascsclisl,7,Adult Social Care
RO3_ascsclisl_sfc,"Sales, Fees and Charges - Social support: Social Isolation",RO3,ascsclisl,7,Adult Social Care
RO3_ascsclisl_oth_inc,Other income - Social support: Social Isolation,RO3,ascsclisl,7,Adult Social Care
RO3_ascsclisl_tot_inc,Total income - Social support: Social Isolation,RO3,ascsclisl,7,Adult Social Care
RO3_ascsclisl_net_cur_exp,NET current expenditure - Social support: Social Isolation,RO3,ascsclisl,7,Adult Social Care
RO3_ascinfadl_empl,Employees - of which aged 18-64,RO3,ascinfadl,7,Adult Social Care
RO3_ascinfadl_run_exp,Running expenses - of which aged 18-64,RO3,ascinfadl,7,Adult Social Care
RO3_ascinfadl_tot_exp,Total expenditure - of which aged 18-64,RO3,ascinfadl,7,Adult Social Care
RO3_ascinfadl_sfc,"Sales, Fees and Charges - of which aged 18-64",RO3,ascinfadl,7,Adult Social Care
RO3_ascinfadl_oth_inc,Other income - of which aged 18-64,RO3,ascinfadl,7,Adult Social Care
RO3_ascinfadl_tot_inc,Total income - of which aged 18-64,RO3,ascinfadl,7,Adult Social Care
RO3_ascinfadl_net_cur_exp,NET current expenditure - of which aged 18-64,RO3,ascinfadl,7,Adult Social Care
RO3_ascass_empl,Employees - Assistive equipment and technology,RO3,ascass,7,Adult Social Care
RO3_ascass_run_exp,Running expenses - Assistive equipment and technology,RO3,ascass,7,Adult Social Care
RO3_ascass_tot_exp,Total expenditure - Assistive equipment and technology,RO3,ascass,7,Adult Social Care
RO3_ascass_sfc,"Sales, Fees and Charges - Assistive equipment and technology",RO3,ascass,7,Adult Social Care
RO3_ascass_oth_inc,Other income - Assistive equipment and technology,RO3,ascass,7,Adult Social Care
RO3_ascass_tot_inc,Total income - Assistive equipment and technology,RO3,ascass,7,Adult Social Care
RO3_ascass_net_cur_exp,NET current expenditure - Assistive equipment and technology,RO3,ascass,7,Adult Social Care
RO3_asccrasssfg_empl,Employees - Care assessment and safeguarding* (previously named 'social care activities'),RO3,asccrasssfg,7,Adult Social Care
RO3_asccrasssfg_run_exp,Running expenses - Care assessment and safeguarding* (previously named 'social care activities'),RO3,asccrasssfg,7,Adult Social Care
RO3_asccrasssfg_tot_exp,Total expenditure - Care assessment and safeguarding* (previously named 'social care activities'),RO3,asccrasssfg,7,Adult Social Care
RO3_asccrasssfg_sfc,"Sales, Fees and Charges - Care assessment and safeguarding* (previously named 'social care activities')",RO3,asccrasssfg,7,Adult Social Care
RO3_asccrasssfg_oth_inc,Other income - Care assessment and safeguarding* (previously named 'social care activities'),RO3,asccrasssfg,7,Adult Social Care
RO3_asccrasssfg_tot_inc,Total income - Care assessment and safeguarding* (previously named 'social care activities'),RO3,asccrasssfg,7,Adult Social Care
RO3_asccrasssfg_net_cur_exp,NET current expenditure - Care assessment and safeguarding* (previously named 'social care activities'),RO3,asccrasssfg,7,Adult Social Care
RO3_ascinf_empl,Employees - Information and early intervention,RO3,ascinf,7,Adult Social Care
RO3_ascinf_run_exp,Running expenses - Information and early intervention,RO3,ascinf,7,Adult Social Care
RO3_ascinf_tot_exp,Total expenditure - Information and early intervention,RO3,ascinf,7,Adult Social Care
RO3_ascinf_sfc,"Sales, Fees and Charges - Information and early intervention",RO3,ascinf,7,Adult Social Care
RO3_ascinf_oth_inc,Other income - Information and early intervention,RO3,ascinf,7,Adult Social Care
RO3_ascinf_tot_inc,Total income - Information and early intervention,RO3,ascinf,7,Adult Social Care
RO3_ascinf_net_cur_exp,NET current expenditure - Information and early intervention,RO3,ascinf,7,Adult Social Care
RO3_asccmstad_empl,"Employees - Commissioning, strategy and admin support* (previously named Commissioning and service delivery)",RO3,asccmstad,7,Adult Social Care
RO3_asccmstad_run_exp,"Running expenses - Commissioning, strategy and admin support* (previously named Commissioning and service delivery)",RO3,asccmstad,7,Adult Social Care
RO3_asccmstad_tot_exp,"Total expenditure - Commissioning, strategy and admin support* (previously named Commissioning and service delivery)",RO3,asccmstad,7,Adult Social Care
RO3_asccmstad_sfc,"Sales, Fees and Charges - Commissioning, strategy and admin support* (previously named Commissioning and service delivery)",RO3,asccmstad,7,Adult Social Care
RO3_asccmstad_oth_inc,"Other income - Commissioning, strategy and admin support* (previously named Commissioning and service delivery)",RO3,asccmstad,7,Adult Social Care
RO3_asccmstad_tot_inc,"Total income - Commissioning, strategy and admin support* (previously named Commissioning and service delivery)",RO3,asccmstad,7,Adult Social Care
RO3_asccmstad_net_cur_exp,"NET current expenditure - Commissioning, strategy and admin support* (previously named Commissioning and service delivery)",RO3,asccmstad,7,Adult Social Care
RO3_ascinfold_empl,Employees - of which aged 65+,RO3,ascinfold,7,Adult Social Care
RO3_ascinfold_run_exp,Running expenses - of which aged 65+,RO3,ascinfold,7,Adult Social Care
RO3_ascinfold_tot_exp,Total expenditure - of which aged 65+,RO3,ascinfold,7,Adult Social Care
RO3_ascinfold_sfc,"Sales, Fees and Charges - of which aged 65+",RO3,ascinfold,7,Adult Social Care
RO3_ascinfold_oth_inc,Other income - of which aged 65+,RO3,ascinfold,7,Adult Social Care
RO3_ascinfold_tot_inc,Total income - of which aged 65+,RO3,ascinfold,7,Adult Social Care
RO3_ascinfold_net_cur_exp,NET current expenditure - of which aged 65+,RO3,ascinfold,7,Adult Social Care
RO3_asccmstadadl_empl,Employees - of which for aged 18-64,RO3,asccmstadadl,7,Adult Social Care
RO3_asccmstadadl_run_exp,Running expenses - of which for aged 18-64,RO3,asccmstadadl,7,Adult Social Care
RO3_asccmstadadl_tot_exp,Total expenditure - of which for aged 18-64,RO3,asccmstadadl,7,Adult Social Care
RO3_asccmstadadl_sfc,"Sales, Fees and Charges - of which for aged 18-64",RO3,asccmstadadl,7,Adult Social Care
RO3_asccmstadadl_oth_inc,Other income - of which for aged 18-64,RO3,asccmstadadl,7,Adult Social Care
RO3_asccmstadadl_tot_inc,Total income - of which for aged 18-64,RO3,asccmstadadl,7,Adult Social Care
RO3_asccmstadadl_net_cur_exp,NET current expenditure - of which for aged 18-64,RO3,asccmstadadl,7,Adult Social Care
RO3_asccmstadold_empl,Employees - of which for aged 65+,RO3,asccmstadold,7,Adult Social Care
RO3_asccmstadold_run_exp,Running expenses - of which for aged 65+,RO3,asccmstadold,7,Adult Social Care
RO3_asccmstadold_tot_exp,Total expenditure - of which for aged 65+,RO3,asccmstadold,7,Adult Social Care
RO3_asccmstadold_sfc,"Sales, Fees and Charges - of which for aged 65+",RO3,asccmstadold,7,Adult Social Care
RO3_asccmstadold_oth_inc,Other income - of which for aged 65+,RO3,asccmstadold,7,Adult Social Care
RO3_asccmstadold_tot_inc,Total income - of which for aged 65+,RO3,asccmstadold,7,Adult Social Care
RO3_asccmstadold_net_cur_exp,NET current expenditure - of which for aged 65+,RO3,asccmstadold,7,Adult Social Care
RO3_asctot_empl,Employees - TOTAL ADULT SOCIAL CARE,RO3,asctot,7,Adult Social Care
RO3_asctot_run_exp,Running expenses - TOTAL ADULT SOCIAL CARE,RO3,asctot,7,Adult Social Care
RO3_asctot_tot_exp,Total expenditure - TOTAL ADULT SOCIAL CARE,RO3,asctot,7,Adult Social Care
RO3_asctot_sfc,"Sales, Fees and Charges - TOTAL ADULT SOCIAL CARE",RO3,asctot,7,Adult Social Care
RO3_asctot_oth_inc,Other income - TOTAL ADULT SOCIAL CARE,RO3,asctot,7,Adult Social Care
RO3_asctot_tot_inc,Total income - TOTAL ADULT SOCIAL CARE,RO3,asctot,7,Adult Social Care
RO3_asctot_net_cur_exp,NET current expenditure - TOTAL ADULT SOCIAL CARE,RO3,asctot,7,Adult Social Care
RO3_phsxlsti_empl,Employees - Sexual health services - STI testing and treatment (prescribed functions),RO3,phsxlsti,7,Public Health
RO3_phsxlsti_run_exp,Running expenses - Sexual health services - STI testing and treatment (prescribed functions),RO3,phsxlsti,7,Public Health
RO3_phsxlsti_tot_exp,Total expenditure - Sexual health services - STI testing and treatment (prescribed functions),RO3,phsxlsti,7,Public Health
RO3_phsxlsti_sfc,"Sales, Fees and Charges - Sexual health services - STI testing and treatment (prescribed functions)",RO3,phsxlsti,7,Public Health
RO3_phsxlsti_oth_inc,Other income - Sexual health services - STI testing and treatment (prescribed functions),RO3,phsxlsti,7,Public Health
RO3_phsxlsti_tot_inc,Total income - Sexual health services - STI testing and treatment (prescribed functions),RO3,phsxlsti,7,Public Health
RO3_phsxlsti_net_cur_exp,NET current expenditure - Sexual health services - STI testing and treatment (prescribed functions),RO3,phsxlsti,7,Public Health
RO3_phsxlcnt_empl,Employees - Sexual health services - Contraception (prescribed functions),RO3,phsxlcnt,7,Public Health
RO3_phsxlcnt_run_exp,Running expenses - Sexual health services - Contraception (prescribed functions),RO3,phsxlcnt,7,Public Health
RO3_phsxlcnt_tot_exp,Total expenditure - Sexual health services - Contraception (prescribed functions),RO3,phsxlcnt,7,Public Health
RO3_phsxlcnt_sfc,"Sales, Fees and Charges - Sexual health services - Contraception (prescribed functions)",RO3,phsxlcnt,7,Public Health
RO3_phsxlcnt_oth_inc,Other income - Sexual health services - Contraception (prescribed functions),RO3,phsxlcnt,7,Public Health
RO3_phsxlcnt_tot_inc,Total income - Sexual health services - Contraception (prescribed functions),RO3,phsxlcnt,7,Public Health
RO3_phsxlcnt_net_cur_exp,NET current expenditure - Sexual health services - Contraception (prescribed functions),RO3,phsxlcnt,7,Public Health
RO3_phsxlprm_empl,"Employees - Sexual health services - Advice, prevention and promotion  (non-prescribed functions)",RO3,phsxlprm,7,Public Health
RO3_phsxlprm_run_exp,"Running expenses - Sexual health services - Advice, prevention and promotion  (non-prescribed functions)",RO3,phsxlprm,7,Public Health
RO3_phsxlprm_tot_exp,"Total expenditure - Sexual health services - Advice, prevention and promotion  (non-prescribed functions)",RO3,phsxlprm,7,Public Health
RO3_phsxlprm_sfc,"Sales, Fees and Charges - Sexual health services - Advice, prevention and promotion  (non-prescribed functions)",RO3,phsxlprm,7,Public Health
RO3_phsxlprm_oth_inc,"Other income - Sexual health services - Advice, prevention and promotion  (non-prescribed functions)",RO3,phsxlprm,7,Public Health
RO3_phsxlprm_tot_inc,"Total income - Sexual health services - Advice, prevention and promotion  (non-prescribed functions)",RO3,phsxlprm,7,Public Health
RO3_phsxlprm_net_cur_exp,"NET current expenditure - Sexual health services - Advice, prevention and promotion  (non-prescribed functions)",RO3,phsxlprm,7,Public Health
RO3_phhcp_empl,Employees - NHS health check programme  (prescribed functions),RO3,phhcp,7,Public Health
RO3_phhcp_run_exp,Running expenses - NHS health check programme  (prescribed functions),RO3,phhcp,7,Public Health
RO3_phhcp_tot_exp,Total expenditure - NHS health check programme  (prescribed functions),RO3,phhcp,7,Public Health
RO3_phhcp_sfc,"Sales, Fees and Charges - NHS health check programme  (prescribed functions)",RO3,phhcp,7,Public Health
RO3_phhcp_oth_inc,Other income - NHS health check programme  (prescribed functions),RO3,phhcp,7,Public Health
RO3_phhcp_tot_inc,Total income - NHS health check programme  (prescribed functions),RO3,phhcp,7,Public Health
RO3_phhcp_net_cur_exp,NET current expenditure - NHS health check programme  (prescribed functions),RO3,phhcp,7,Public Health
RO3_phprt_empl,Employees - Health protection - Local authority role in health protection  (prescribed functions),RO3,phprt,7,Public Health
RO3_phprt_run_exp,Running expenses - Health protection - Local authority role in health protection  (prescribed functions),RO3,phprt,7,Public Health
RO3_phprt_tot_exp,Total expenditure - Health protection - Local authority role in health protection  (prescribed functions),RO3,phprt,7,Public Health
RO3_phprt_sfc,"Sales, Fees and Charges - Health protection - Local authority role in health protection  (prescribed functions)",RO3,phprt,7,Public Health
RO3_phprt_oth_inc,Other income - Health protection - Local authority role in health protection  (prescribed functions),RO3,phprt,7,Public Health
RO3_phprt_tot_inc,Total income - Health protection - Local authority role in health protection  (prescribed functions),RO3,phprt,7,Public Health
RO3_phprt_net_cur_exp,NET current expenditure - Health protection - Local authority role in health protection  (prescribed functions),RO3,phprt,7,Public Health
RO3_phcmp_empl,Employees - National child measurement programme (prescribed functions),RO3,phcmp,7,Public Health
RO3_phcmp_run_exp,Running expenses - National child measurement programme (prescribed functions),RO3,phcmp,7,Public Health
RO3_phcmp_tot_exp,Total expenditure - National child measurement programme (prescribed functions),RO3,phcmp,7,Public Health
RO3_phcmp_sfc,"Sales, Fees and Charges - National child measurement programme (prescribed functions)",RO3,phcmp,7,Public Health
RO3_phcmp_oth_inc,Other income - National child measurement programme (prescribed functions),RO3,phcmp,7,Public Health
RO3_phcmp_tot_inc,Total income - National child measurement programme (prescribed functions),RO3,phcmp,7,Public Health
RO3_phcmp_net_cur_exp,NET current expenditure - National child measurement programme (prescribed functions),RO3,phcmp,7,Public Health
RO3_phadv_empl,Employees - Public health advice to NHS commissioners (prescribed functions),RO3,phadv,7,Public Health
RO3_phadv_run_exp,Running expenses - Public health advice to NHS commissioners (prescribed functions),RO3,phadv,7,Public Health
RO3_phadv_tot_exp,Total expenditure - Public health advice to NHS commissioners (prescribed functions),RO3,phadv,7,Public Health
RO3_phadv_sfc,"Sales, Fees and Charges - Public health advice to NHS commissioners (prescribed functions)",RO3,phadv,7,Public Health
RO3_phadv_oth_inc,Other income - Public health advice to NHS commissioners (prescribed functions),RO3,phadv,7,Public Health
RO3_phadv_tot_inc,Total income - Public health advice to NHS commissioners (prescribed functions),RO3,phadv,7,Public Health
RO3_phadv_net_cur_exp,NET current expenditure - Public health advice to NHS commissioners (prescribed functions),RO3,phadv,7,Public Health
RO3_phobsadl_empl,Employees - Obesity - adults,RO3,phobsadl,7,Public Health
RO3_phobsadl_run_exp,Running expenses - Obesity - adults,RO3,phobsadl,7,Public Health
RO3_phobsadl_tot_exp,Total expenditure - Obesity - adults,RO3,phobsadl,7,Public Health
RO3_phobsadl_sfc,"Sales, Fees and Charges - Obesity - adults",RO3,phobsadl,7,Public Health
RO3_phobsadl_oth_inc,Other income - Obesity - adults,RO3,phobsadl,7,Public Health
RO3_phobsadl_tot_inc,Total income - Obesity - adults,RO3,phobsadl,7,Public Health
RO3_phobsadl_net_cur_exp,NET current expenditure - Obesity - adults,RO3,phobsadl,7,Public Health
RO3_phobschl_empl,Employees - Obesity - children,RO3,phobschl,7,Public Health
RO3_phobschl_run_exp,Running expenses - Obesity - children,RO3,phobschl,7,Public Health
RO3_phobschl_tot_exp,Total expenditure - Obesity - children,RO3,phobschl,7,Public Health
RO3_phobschl_sfc,"Sales, Fees and Charges - Obesity - children",RO3,phobschl,7,Public Health
RO3_phobschl_oth_inc,Other income - Obesity - children,RO3,phobschl,7,Public Health
RO3_phobschl_tot_inc,Total income - Obesity - children,RO3,phobschl,7,Public Health
RO3_phobschl_net_cur_exp,NET current expenditure - Obesity - children,RO3,phobschl,7,Public Health
RO3_phphyadl_empl,Employees - Physical activity - adults,RO3,phphyadl,7,Public Health
RO3_phphyadl_run_exp,Running expenses - Physical activity - adults,RO3,phphyadl,7,Public Health
RO3_phphyadl_tot_exp,Total expenditure - Physical activity - adults,RO3,phphyadl,7,Public Health
RO3_phphyadl_sfc,"Sales, Fees and Charges - Physical activity - adults",RO3,phphyadl,7,Public Health
RO3_phphyadl_oth_inc,Other income - Physical activity - adults,RO3,phphyadl,7,Public Health
RO3_phphyadl_tot_inc,Total income - Physical activity - adults,RO3,phphyadl,7,Public Health
RO3_phphyadl_net_cur_exp,NET current expenditure - Physical activity - adults,RO3,phphyadl,7,Public Health
RO3_phphychl_empl,Employees - Physical activity - children,RO3,phphychl,7,Public Health
RO3_phphychl_run_exp,Running expenses - Physical activity - children,RO3,phphychl,7,Public Health
RO3_phphychl_tot_exp,Total expenditure - Physical activity - children,RO3,phphychl,7,Public Health
RO3_phphychl_sfc,"Sales, Fees and Charges - Physical activity - children",RO3,phphychl,7,Public Health
RO3_phphychl_oth_inc,Other income - Physical activity - children,RO3,phphychl,7,Public Health
RO3_phphychl_tot_inc,Total income - Physical activity - children,RO3,phphychl,7,Public Health
RO3_phphychl_net_cur_exp,NET current expenditure - Physical activity - children,RO3,phphychl,7,Public Health
RO3_phsbstrtdrg_empl,Employees - Substance misuse - Treatment for drug misuse in adults,RO3,phsbstrtdrg,7,Public Health
RO3_phsbstrtdrg_run_exp,Running expenses - Substance misuse - Treatment for drug misuse in adults,RO3,phsbstrtdrg,7,Public Health
RO3_phsbstrtdrg_tot_exp,Total expenditure - Substance misuse - Treatment for drug misuse in adults,RO3,phsbstrtdrg,7,Public Health
RO3_phsbstrtdrg_sfc,"Sales, Fees and Charges - Substance misuse - Treatment for drug misuse in adults",RO3,phsbstrtdrg,7,Public Health
RO3_phsbstrtdrg_oth_inc,Other income - Substance misuse - Treatment for drug misuse in adults,RO3,phsbstrtdrg,7,Public Health
RO3_phsbstrtdrg_tot_inc,Total income - Substance misuse - Treatment for drug misuse in adults,RO3,phsbstrtdrg,7,Public Health
RO3_phsbstrtdrg_net_cur_exp,NET current expenditure - Substance misuse - Treatment for drug misuse in adults,RO3,phsbstrtdrg,7,Public Health
RO3_phsbstrtalc_empl,Employees - Substance misuse - Treatment for alcohol misuse in adults,RO3,phsbstrtalc,7,Public Health
RO3_phsbstrtalc_run_exp,Running expenses - Substance misuse - Treatment for alcohol misuse in adults,RO3,phsbstrtalc,7,Public Health
RO3_phsbstrtalc_tot_exp,Total expenditure - Substance misuse - Treatment for alcohol misuse in adults,RO3,phsbstrtalc,7,Public Health
RO3_phsbstrtalc_sfc,"Sales, Fees and Charges - Substance misuse - Treatment for alcohol misuse in adults",RO3,phsbstrtalc,7,Public Health
RO3_phsbstrtalc_oth_inc,Other income - Substance misuse - Treatment for alcohol misuse in adults,RO3,phsbstrtalc,7,Public Health
RO3_phsbstrtalc_tot_inc,Total income - Substance misuse - Treatment for alcohol misuse in adults,RO3,phsbstrtalc,7,Public Health
RO3_phsbstrtalc_net_cur_exp,NET current expenditure - Substance misuse - Treatment for alcohol misuse in adults,RO3,phsbstrtalc,7,Public Health
RO3_phsbsprvdrg_empl,Employees - Substance misuse - Preventing and reducing harm from drug misuse in adults,RO3,phsbsprvdrg,7,Public Health
RO3_phsbsprvdrg_run_exp,Running expenses - Substance misuse - Preventing and reducing harm from drug misuse in adults,RO3,phsbsprvdrg,7,Public Health
RO3_phsbsprvdrg_tot_exp,Total expenditure - Substance misuse - Preventing and reducing harm from drug misuse in adults,RO3,phsbsprvdrg,7,Public Health
RO3_phsbsprvdrg_sfc,"Sales, Fees and Charges - Substance misuse - Preventing and reducing harm from drug misuse in adults",RO3,phsbsprvdrg,7,Public Health
RO3_phsbsprvdrg_oth_inc,Other income - Substance misuse - Preventing and reducing harm from drug misuse in adults,RO3,phsbsprvdrg,7,Public Health
RO3_phsbsprvdrg_tot_inc,Total income - Substance misuse - Preventing and reducing harm from drug misuse in adults,RO3,phsbsprvdrg,7,Public Health
RO3_phsbsprvdrg_net_cur_exp,NET current expenditure - Substance misuse - Preventing and reducing harm from drug misuse in adults,RO3,phsbsprvdrg,7,Public Health
RO3_phsbsprvalc_empl,Employees - Substance misuse - Preventing and reducing harm from alcohol misuse in adults,RO3,phsbsprvalc,7,Public Health
RO3_phsbsprvalc_run_exp,Running expenses - Substance misuse - Preventing and reducing harm from alcohol misuse in adults,RO3,phsbsprvalc,7,Public Health
RO3_phsbsprvalc_tot_exp,Total expenditure - Substance misuse - Preventing and reducing harm from alcohol misuse in adults,RO3,phsbsprvalc,7,Public Health
RO3_phsbsprvalc_sfc,"Sales, Fees and Charges - Substance misuse - Preventing and reducing harm from alcohol misuse in adults",RO3,phsbsprvalc,7,Public Health
RO3_phsbsprvalc_oth_inc,Other income - Substance misuse - Preventing and reducing harm from alcohol misuse in adults,RO3,phsbsprvalc,7,Public Health
RO3_phsbsprvalc_tot_inc,Total income - Substance misuse - Preventing and reducing harm from alcohol misuse in adults,RO3,phsbsprvalc,7,Public Health
RO3_phsbsprvalc_net_cur_exp,NET current expenditure - Substance misuse - Preventing and reducing harm from alcohol misuse in adults,RO3,phsbsprvalc,7,Public Health
RO3_phsbsspc_empl,Employees - Substance misuse - Specialist drug and alcohol misuse services for  children and young people,RO3,phsbsspc,7,Public Health
RO3_phsbsspc_run_exp,Running expenses - Substance misuse - Specialist drug and alcohol misuse services for  children and young people,RO3,phsbsspc,7,Public Health
RO3_phsbsspc_tot_exp,Total expenditure - Substance misuse - Specialist drug and alcohol misuse services for  children and young people,RO3,phsbsspc,7,Public Health
RO3_phsbsspc_sfc,"Sales, Fees and Charges - Substance misuse - Specialist drug and alcohol misuse services for  children and young people",RO3,phsbsspc,7,Public Health
RO3_phsbsspc_oth_inc,Other income - Substance misuse - Specialist drug and alcohol misuse services for  children and young people,RO3,phsbsspc,7,Public Health
RO3_phsbsspc_tot_inc,Total income - Substance misuse - Specialist drug and alcohol misuse services for  children and young people,RO3,phsbsspc,7,Public Health
RO3_phsbsspc_net_cur_exp,NET current expenditure - Substance misuse - Specialist drug and alcohol misuse services for  children and young people,RO3,phsbsspc,7,Public Health
RO3_phsmkstp_empl,Employees - Smoking and tobacco - Stop smoking services and interventions,RO3,phsmkstp,7,Public Health
RO3_phsmkstp_run_exp,Running expenses - Smoking and tobacco - Stop smoking services and interventions,RO3,phsmkstp,7,Public Health
RO3_phsmkstp_tot_exp,Total expenditure - Smoking and tobacco - Stop smoking services and interventions,RO3,phsmkstp,7,Public Health
RO3_phsmkstp_sfc,"Sales, Fees and Charges - Smoking and tobacco - Stop smoking services and interventions",RO3,phsmkstp,7,Public Health
RO3_phsmkstp_oth_inc,Other income - Smoking and tobacco - Stop smoking services and interventions,RO3,phsmkstp,7,Public Health
RO3_phsmkstp_tot_inc,Total income - Smoking and tobacco - Stop smoking services and interventions,RO3,phsmkstp,7,Public Health
RO3_phsmkstp_net_cur_exp,NET current expenditure - Smoking and tobacco - Stop smoking services and interventions,RO3,phsmkstp,7,Public Health
RO3_phsmkcnt_empl,Employees - Smoking and tobacco - Wider tobacco control,RO3,phsmkcnt,7,Public Health
RO3_phsmkcnt_run_exp,Running expenses - Smoking and tobacco - Wider tobacco control,RO3,phsmkcnt,7,Public Health
RO3_phsmkcnt_tot_exp,Total expenditure - Smoking and tobacco - Wider tobacco control,RO3,phsmkcnt,7,Public Health
RO3_phsmkcnt_sfc,"Sales, Fees and Charges - Smoking and tobacco - Wider tobacco control",RO3,phsmkcnt,7,Public Health
RO3_phsmkcnt_oth_inc,Other income - Smoking and tobacco - Wider tobacco control,RO3,phsmkcnt,7,Public Health
RO3_phsmkcnt_tot_inc,Total income - Smoking and tobacco - Wider tobacco control,RO3,phsmkcnt,7,Public Health
RO3_phsmkcnt_net_cur_exp,NET current expenditure - Smoking and tobacco - Wider tobacco control,RO3,phsmkcnt,7,Public Health
RO3_phchl_empl,Employees - Children 5-19 public health programmes,RO3,phchl,7,Public Health
RO3_phchl_run_exp,Running expenses - Children 5-19 public health programmes,RO3,phchl,7,Public Health
RO3_phchl_tot_exp,Total expenditure - Children 5-19 public health programmes,RO3,phchl,7,Public Health
RO3_phchl_sfc,"Sales, Fees and Charges - Children 5-19 public health programmes",RO3,phchl,7,Public Health
RO3_phchl_oth_inc,Other income - Children 5-19 public health programmes,RO3,phchl,7,Public Health
RO3_phchl_tot_inc,Total income - Children 5-19 public health programmes,RO3,phchl,7,Public Health
RO3_phchl_net_cur_exp,NET current expenditure - Children 5-19 public health programmes,RO3,phchl,7,Public Health
RO3_phbbymnd_empl,Employees - Miscellaneous public health services - Children's 0-5 services (prescribed functions),RO3,phbbymnd,7,Public Health
RO3_phbbymnd_run_exp,Running expenses - Miscellaneous public health services - Children's 0-5 services (prescribed functions),RO3,phbbymnd,7,Public Health
RO3_phbbymnd_tot_exp,Total expenditure - Miscellaneous public health services - Children's 0-5 services (prescribed functions),RO3,phbbymnd,7,Public Health
RO3_phbbymnd_sfc,"Sales, Fees and Charges - Miscellaneous public health services - Children's 0-5 services (prescribed functions)",RO3,phbbymnd,7,Public Health
RO3_phbbymnd_oth_inc,Other income - Miscellaneous public health services - Children's 0-5 services (prescribed functions),RO3,phbbymnd,7,Public Health
RO3_phbbymnd_tot_inc,Total income - Miscellaneous public health services - Children's 0-5 services (prescribed functions),RO3,phbbymnd,7,Public Health
RO3_phbbymnd_net_cur_exp,NET current expenditure - Miscellaneous public health services - Children's 0-5 services (prescribed functions),RO3,phbbymnd,7,Public Health
RO3_phbbyoth_empl,Employees - Miscellaneous public health services - Children's 0-5 services - Other (non-prescribed functions),RO3,phbbyoth,7,Public Health
RO3_phbbyoth_run_exp,Running expenses - Miscellaneous public health services - Children's 0-5 services - Other (non-prescribed functions),RO3,phbbyoth,7,Public Health
RO3_phbbyoth_tot_exp,Total expenditure - Miscellaneous public health services - Children's 0-5 services - Other (non-prescribed functions),RO3,phbbyoth,7,Public Health
RO3_phbbyoth_sfc,"Sales, Fees and Charges - Miscellaneous public health services - Children's 0-5 services - Other (non-prescribed functions)",RO3,phbbyoth,7,Public Health
RO3_phbbyoth_oth_inc,Other income - Miscellaneous public health services - Children's 0-5 services - Other (non-prescribed functions),RO3,phbbyoth,7,Public Health
RO3_phbbyoth_tot_inc,Total income - Miscellaneous public health services - Children's 0-5 services - Other (non-prescribed functions),RO3,phbbyoth,7,Public Health
RO3_phbbyoth_net_cur_exp,NET current expenditure - Miscellaneous public health services - Children's 0-5 services - Other (non-prescribed functions),RO3,phbbyoth,7,Public Health
RO3_phwrk_empl,Employees - Health at work,RO3,phwrk,7,Public Health
RO3_phwrk_run_exp,Running expenses - Health at work,RO3,phwrk,7,Public Health
RO3_phwrk_tot_exp,Total expenditure - Health at work,RO3,phwrk,7,Public Health
RO3_phwrk_sfc,"Sales, Fees and Charges - Health at work",RO3,phwrk,7,Public Health
RO3_phwrk_oth_inc,Other income - Health at work,RO3,phwrk,7,Public Health
RO3_phwrk_tot_inc,Total income - Health at work,RO3,phwrk,7,Public Health
RO3_phwrk_net_cur_exp,NET current expenditure - Health at work,RO3,phwrk,7,Public Health
RO3_phmnt_empl,Employees - Public mental health,RO3,phmnt,7,Public Health
RO3_phmnt_run_exp,Running expenses - Public mental health,RO3,phmnt,7,Public Health
RO3_phmnt_tot_exp,Total expenditure - Public mental health,RO3,phmnt,7,Public Health
RO3_phmnt_sfc,"Sales, Fees and Charges - Public mental health",RO3,phmnt,7,Public Health
RO3_phmnt_oth_inc,Other income - Public mental health,RO3,phmnt,7,Public Health
RO3_phmnt_tot_inc,Total income - Public mental health,RO3,phmnt,7,Public Health
RO3_phmnt_net_cur_exp,NET current expenditure - Public mental health,RO3,phmnt,7,Public Health
RO3_phmsc_empl,Employees - Miscellaneous public health services,RO3,phmsc,7,Public Health
RO3_phmsc_run_exp,Running expenses - Miscellaneous public health services,RO3,phmsc,7,Public Health
RO3_phmsc_tot_exp,Total expenditure - Miscellaneous public health services,RO3,phmsc,7,Public Health
RO3_phmsc_sfc,"Sales, Fees and Charges - Miscellaneous public health services",RO3,phmsc,7,Public Health
RO3_phmsc_oth_inc,Other income - Miscellaneous public health services,RO3,phmsc,7,Public Health
RO3_phmsc_tot_inc,Total income - Miscellaneous public health services,RO3,phmsc,7,Public Health
RO3_phmsc_net_cur_exp,NET current expenditure - Miscellaneous public health services,RO3,phmsc,7,Public Health
RO3_phtot_empl,Employees - TOTAL PUBLIC HEALTH,RO3,phtot,7,Public Health
RO3_phtot_run_exp,Running expenses - TOTAL PUBLIC HEALTH,RO3,phtot,7,Public Health
RO3_phtot_tot_exp,Total expenditure - TOTAL PUBLIC HEALTH,RO3,phtot,7,Public Health
RO3_phtot_sfc,"Sales, Fees and Charges - TOTAL PUBLIC HEALTH",RO3,phtot,7,Public Health
RO3_phtot_oth_inc,Other income - TOTAL PUBLIC HEALTH,RO3,phtot,7,Public Health
RO3_phtot_tot_inc,Total income - TOTAL PUBLIC HEALTH,RO3,phtot,7,Public Health
RO3_phtot_net_cur_exp,NET current expenditure - TOTAL PUBLIC HEALTH,RO3,phtot,7,Public Health
RO3_phttt_empl,"Employees - Test, track and trace and outbreak planning",RO3,phttt,7,Public Health
RO3_phttt_run_exp,"Running expenses - Test, track and trace and outbreak planning",RO3,phttt,7,Public Health
RO3_phttt_tot_exp,"Total expenditure - Test, track and trace and outbreak planning",RO3,phttt,7,Public Health
RO3_phttt_sfc,"Sales, Fees and Charges - Test, track and trace and outbreak planning",RO3,phttt,7,Public Health
RO3_phttt_oth_inc,"Other income - Test, track and trace and outbreak planning",RO3,phttt,7,Public Health
RO3_phttt_tot_inc,"Total income - Test, track and trace and outbreak planning",RO3,phttt,7,Public Health
RO3_phttt_net_cur_exp,"NET current expenditure - Test, track and trace and outbreak planning",RO3,phttt,7,Public Health
RO3_phcvd19_empl,Employees - Other public health spend relating to COVID-19,RO3,phcvd19,7,Public Health
RO3_phcvd19_run_exp,Running expenses - Other public health spend relating to COVID-19,RO3,phcvd19,7,Public Health
RO3_phcvd19_tot_exp,Total expenditure - Other public health spend relating to COVID-19,RO3,phcvd19,7,Public Health
RO3_phcvd19_sfc,"Sales, Fees and Charges - Other public health spend relating to COVID-19",RO3,phcvd19,7,Public Health
RO3_phcvd19_oth_inc,Other income - Other public health spend relating to COVID-19,RO3,phcvd19,7,Public Health
RO3_phcvd19_tot_inc,Total income - Other public health spend relating to COVID-19,RO3,phcvd19,7,Public Health
RO3_phcvd19_net_cur_exp,NET current expenditure - Other public health spend relating to COVID-19,RO3,phcvd19,7,Public Health
RO3_phprmcarservprov_gp_net_cur_exp,NET current expenditure - General Practice Services (included above within total public health),RO3,phprmcarservprov,4,Public Health
RO3_phprmcarservprov_dent_net_cur_exp,NET current expenditure - Dental Services (included above within total public health),RO3,phprmcarservprov,4,Public Health
RO3_phprmcarservprov_pharm_net_cur_exp,NET current expenditure - Pharmaceutical Services and Locally Commissioned Services from Pharmacies (included above within total public health),RO3,phprmcarservprov,4,Public Health
RO3_phprmcarservprov_eye_net_cur_exp,NET current expenditure - Eye Care Services (included above within total public health),RO3,phprmcarservprov,4,Public Health
RO3_phsup_anc_exp_csc_empl,Employees - Supporting people ancillary expenditure included above within total children social care,RO3,phsup,14,Public Health
RO3_phsup_anc_exp_csc_run_exp,Running expenses - Supporting people ancillary expenditure included above within total children social care,RO3,phsup,14,Public Health
RO3_phsup_anc_exp_csc_tot_exp,Total expenditure - Supporting people ancillary expenditure included above within total children social care,RO3,phsup,14,Public Health
RO3_phsup_anc_exp_csc_sfc,"Sales, Fees and Charges - Supporting people ancillary expenditure included above within total children social care",RO3,phsup,14,Public Health
RO3_phsup_anc_exp_csc_oth_inc,Other income - Supporting people ancillary expenditure included above within total children social care,RO3,phsup,14,Public Health
RO3_phsup_anc_exp_csc_tot_inc,Total income - Supporting people ancillary expenditure included above within total children social care,RO3,phsup,14,Public Health
RO3_phsup_anc_exp_csc_net_cur_exp,NET current expenditure - Supporting people ancillary expenditure included above within total children social care,RO3,phsup,14,Public Health
RO3_phsup_anc_exp_asc_empl,Employees - Supporting people ancillary expenditure included above within total adult social care,RO3,phsup,14,Public Health
RO3_phsup_anc_exp_asc_run_exp,Running expenses - Supporting people ancillary expenditure included above within total adult social care,RO3,phsup,14,Public Health
RO3_phsup_anc_exp_asc_tot_exp,Total expenditure - Supporting people ancillary expenditure included above within total adult social care,RO3,phsup,14,Public Health
RO3_phsup_anc_exp_asc_sfc,"Sales, Fees and Charges - Supporting people ancillary expenditure included above within total adult social care",RO3,phsup,14,Public Health
RO3_phsup_anc_exp_asc_oth_inc,Other income - Supporting people ancillary expenditure included above within total adult social care,RO3,phsup,14,Public Health
RO3_phsup_anc_exp_asc_tot_inc,Total income - Supporting people ancillary expenditure included above within total adult social care,RO3,phsup,14,Public Health
RO3_phsup_anc_exp_asc_net_cur_exp,NET current expenditure - Supporting people ancillary expenditure included above within total adult social care,RO3,phsup,14,Public Health
RO3_asctotppe_empl,Employees - of which for Personal Protective Equipment,RO3,asctotppe,7,Adult Social Care
RO3_asctotppe_run_exp,Running expenses - of which for Personal Protective Equipment,RO3,asctotppe,7,Adult Social Care
RO3_asctotppe_tot_exp,Total expenditure - of which for Personal Protective Equipment,RO3,asctotppe,7,Adult Social Care
RO3_asctotppe_sfc,"Sales, Fees and Charges - of which for Personal Protective Equipment",RO3,asctotppe,7,Adult Social Care
RO3_asctotppe_oth_inc,Other income - of which for Personal Protective Equipment,RO3,asctotppe,7,Adult Social Care
RO3_asctotppe_tot_inc,Total income - of which for Personal Protective Equipment,RO3,asctotppe,7,Adult Social Care
RO3_asctotppe_net_cur_exp,NET current expenditure - of which for Personal Protective Equipment,RO3,asctotppe,7,Adult Social Care
RO3_csclkdres_net_cur_exp,Net Current Expenditure - Children's social care - of which residential care,RO3,csclkdres,7,Children’s Social Care
RO3_cscsvmem_run_exp,Children's social care- memorandum item 'of which agency staff costs',RO3,cscsvmem,1,Children’s Social Care
RO3_ascsvmem_run_exp,Adult social care - memorandum item 'of which agency staff costs',RO3,ascsvmem,1,Adult Social Care
RO3_phsvmem_run_exp,Public Health- memorandum item 'of which agency staff costs',RO3,phsvmem,1,Public Health
RO4_housgfcfstr_hous_str_adv_enb_empl,"Employees - Housing strategy, advice and enabling",RO4,housgfcfstr,14,Housing
RO4_housgfcfstr_hous_str_adv_enb_run_exp,"Running expenses - Housing strategy, advice and enabling",RO4,housgfcfstr,14,Housing
RO4_housgfcfstr_hous_str_adv_enb_tot_exp,"Total expenditure - Housing strategy, advice and enabling",RO4,housgfcfstr,14,Housing
RO4_housgfcfstr_hous_str_adv_enb_sfc,"Sales, Fees and Charges - Housing strategy, advice and enabling",RO4,housgfcfstr,14,Housing
RO4_housgfcfstr_hous_str_adv_enb_oth_inc,"Other income - Housing strategy, advice and enabling",RO4,housgfcfstr,14,Housing
RO4_housgfcfstr_hous_str_adv_enb_tot_inc,"Total income - Housing strategy, advice and enabling",RO4,housgfcfstr,14,Housing
RO4_housgfcfstr_hous_str_adv_enb_net_cur_exp,"NET current expenditure - Housing strategy, advice and enabling",RO4,housgfcfstr,14,Housing
RO4_housgfcfstr_hous_adv_empl,Employees - Housing advances,RO4,housgfcfstr,14,Housing
RO4_housgfcfstr_hous_adv_run_exp,Running expenses - Housing advances,RO4,housgfcfstr,14,Housing
RO4_housgfcfstr_hous_adv_tot_exp,Total expenditure - Housing advances,RO4,housgfcfstr,14,Housing
RO4_housgfcfstr_hous_adv_sfc,"Sales, Fees and Charges - Housing advances",RO4,housgfcfstr,14,Housing
RO4_housgfcfstr_hous_adv_oth_inc,Other income - Housing advances,RO4,housgfcfstr,14,Housing
RO4_housgfcfstr_hous_adv_tot_inc,Total income - Housing advances,RO4,housgfcfstr,14,Housing
RO4_housgfcfstr_hous_adv_net_cur_exp,NET current expenditure - Housing advances,RO4,housgfcfstr,14,Housing
RO4_housgfcfhml_tmp_acc_sub_empl,Employees - SUB-TOTAL Temporary Accommodation (lines 39-46 and 48),RO4,housgfcfhml,168,Housing
RO4_housgfcfhml_tmp_acc_sub_run_exp,Running expenses - SUB-TOTAL Temporary Accommodation (lines 39-46 and 48),RO4,housgfcfhml,168,Housing
RO4_housgfcfhml_tmp_acc_sub_tot_exp,Total expenditure - SUB-TOTAL Temporary Accommodation (lines 39-46 and 48),RO4,housgfcfhml,168,Housing
RO4_housgfcfhml_tmp_acc_sub_sfc,"Sales, Fees and Charges - SUB-TOTAL Temporary Accommodation (lines 39-46 and 48)",RO4,housgfcfhml,168,Housing
RO4_housgfcfhml_tmp_acc_sub_oth_inc,Other income - SUB-TOTAL Temporary Accommodation (lines 39-46 and 48),RO4,housgfcfhml,168,Housing
RO4_housgfcfhml_tmp_acc_sub_tot_inc,Total income - SUB-TOTAL Temporary Accommodation (lines 39-46 and 48),RO4,housgfcfhml,168,Housing
RO4_housgfcfhml_tmp_acc_sub_net_cur_exp,NET current expenditure - SUB-TOTAL Temporary Accommodation (lines 39-46 and 48),RO4,housgfcfhml,168,Housing
RO4_housgfcfhml_hml_prv_spp_sub_empl,"Employees - SUB-TOTAL Homelessness Prevention, Administration and Support (lines 47, 49 and 50)",RO4,housgfcfhml,168,Housing
RO4_housgfcfhml_hml_prv_spp_sub_run_exp,"Running expenses - SUB-TOTAL Homelessness Prevention, Administration and Support (lines 47, 49 and 50)",RO4,housgfcfhml,168,Housing
RO4_housgfcfhml_hml_prv_spp_sub_tot_exp,"Total expenditure - SUB-TOTAL Homelessness Prevention, Administration and Support (lines 47, 49 and 50)",RO4,housgfcfhml,168,Housing
RO4_housgfcfhml_hml_prv_spp_sub_sfc,"Sales, Fees and Charges - SUB-TOTAL Homelessness Prevention, Administration and Support (lines 47, 49 and 50)",RO4,housgfcfhml,168,Housing
RO4_housgfcfhml_hml_prv_spp_sub_oth_inc,"Other income - SUB-TOTAL Homelessness Prevention, Administration and Support (lines 47, 49 and 50)",RO4,housgfcfhml,168,Housing
RO4_housgfcfhml_hml_prv_spp_sub_tot_inc,"Total income - SUB-TOTAL Homelessness Prevention, Administration and Support (lines 47, 49 and 50)",RO4,housgfcfhml,168,Housing
RO4_housgfcfhml_hml_prv_spp_sub_net_curr_exp,"NET current expenditure - SUB-TOTAL Homelessness Prevention, Administration and Support (lines 47, 49 and 50)",RO4,housgfcfhml,168,Housing
RO4_housprvsecrnw_adm_rpr_imp_empl,Employees - Administration of financial support for repairs and improvements,RO4,housprvsecrnw,14,Housing
RO4_housprvsecrnw_adm_rpr_imp_run_exp,Running expenses - Administration of financial support for repairs and improvements,RO4,housprvsecrnw,14,Housing
RO4_housprvsecrnw_adm_rpr_imp_tot_exp,Total expenditure - Administration of financial support for repairs and improvements,RO4,housprvsecrnw,14,Housing
RO4_housprvsecrnw_adm_rpr_imp_sfc,"Sales, Fees and Charges - Administration of financial support for repairs and improvements",RO4,housprvsecrnw,14,Housing
RO4_housprvsecrnw_adm_rpr_imp_oth_inc,Other income - Administration of financial support for repairs and improvements,RO4,housprvsecrnw,14,Housing
RO4_housprvsecrnw_adm_rpr_imp_tot_inc,Total income - Administration of financial support for repairs and improvements,RO4,housprvsecrnw,14,Housing
RO4_housprvsecrnw_adm_rpr_imp_net_cur_exp,NET current expenditure - Administration of financial support for repairs and improvements,RO4,housprvsecrnw,14,Housing
RO4_housprvsecrnw_oth_empl,Employees - Other private sector housing renewal,RO4,housprvsecrnw,14,Housing
RO4_housprvsecrnw_oth_run_exp,Running expenses - Other private sector housing renewal,RO4,housprvsecrnw,14,Housing
RO4_housprvsecrnw_oth_tot_exp,Total expenditure - Other private sector housing renewal,RO4,housprvsecrnw,14,Housing
RO4_housprvsecrnw_oth_sfc,"Sales, Fees and Charges - Other private sector housing renewal",RO4,housprvsecrnw,14,Housing
RO4_housprvsecrnw_oth_oth_inc,Other income - Other private sector housing renewal,RO4,housprvsecrnw,14,Housing
RO4_housprvsecrnw_oth_tot_inc,Total income - Other private sector housing renewal,RO4,housprvsecrnw,14,Housing
RO4_housprvsecrnw_oth_net_cur_exp,NET current expenditure - Other private sector housing renewal,RO4,housprvsecrnw,14,Housing
RO4_housgfcfhml_oth_prv_mng_acc_empl,"Employees - Other nightly paid, privately managed accommodation",RO4,housgfcfhml,168,Housing
RO4_housgfcfhml_oth_prv_mng_acc_run_exp,"Running expenses - Other nightly paid, privately managed accommodation",RO4,housgfcfhml,168,Housing
RO4_housgfcfhml_oth_prv_mng_acc_tot_exp,"Total expenditure - Other nightly paid, privately managed accommodation",RO4,housgfcfhml,168,Housing
RO4_housgfcfhml_oth_prv_mng_acc_sfc,"Sales, Fees and Charges - Other nightly paid, privately managed accommodation",RO4,housgfcfhml,168,Housing
RO4_housgfcfhml_oth_prv_mng_acc_oth_inc,"Other income - Other nightly paid, privately managed accommodation",RO4,housgfcfhml,168,Housing
RO4_housgfcfhml_oth_prv_mng_acc_tot_inc,"Total income - Other nightly paid, privately managed accommodation",RO4,housgfcfhml,168,Housing
RO4_housgfcfhml_oth_prv_mng_acc_net_cur_exp,"NET current expenditure - Other nightly paid, privately managed accommodation",RO4,housgfcfhml,168,Housing
RO4_housgfcfhml_prv_mng_acc_auth_empl,Employees - Private managed accommodation leased by the authority,RO4,housgfcfhml,168,Housing
RO4_housgfcfhml_prv_mng_acc_auth_run_exp,Running expenses - Private managed accommodation leased by the authority,RO4,housgfcfhml,168,Housing
RO4_housgfcfhml_prv_mng_acc_auth_tot_exp,Total expenditure - Private managed accommodation leased by the authority,RO4,housgfcfhml,168,Housing
RO4_housgfcfhml_prv_mng_acc_auth_sfc,"Sales, Fees and Charges - Private managed accommodation leased by the authority",RO4,housgfcfhml,168,Housing
RO4_housgfcfhml_prv_mng_acc_auth_oth_inc,Other income - Private managed accommodation leased by the authority,RO4,housgfcfhml,168,Housing
RO4_housgfcfhml_prv_mng_acc_auth_tot_inc,Total income - Private managed accommodation leased by the authority,RO4,housgfcfhml,168,Housing
RO4_housgfcfhml_prv_mng_acc_auth_net_cur_exp,NET current expenditure - Private managed accommodation leased by the authority,RO4,housgfcfhml,168,Housing
RO4_housgfcfhml_hst_non_hra_empl,Employees - Hostels (non-HRA support),RO4,housgfcfhml,168,Housing
RO4_housgfcfhml_hst_non_hra_run_exp,Running expenses - Hostels (non-HRA support),RO4,housgfcfhml,168,Housing
RO4_housgfcfhml_hst_non_hra_tot_exp,Total expenditure - Hostels (non-HRA support),RO4,housgfcfhml,168,Housing
RO4_housgfcfhml_hst_non_hra_sfc,"Sales, Fees and Charges - Hostels (non-HRA support)",RO4,housgfcfhml,168,Housing
RO4_housgfcfhml_hst_non_hra_oth_inc,Other income - Hostels (non-HRA support),RO4,housgfcfhml,168,Housing
RO4_housgfcfhml_hst_non_hra_tot_inc,Total income - Hostels (non-HRA support),RO4,housgfcfhml,168,Housing
RO4_housgfcfhml_hst_non_hra_net_cur_exp,NET current expenditure - Hostels (non-HRA support),RO4,housgfcfhml,168,Housing
RO4_housgfcfhml_bb_acc_empl,Employees - Bed/breakfast accommodation,RO4,housgfcfhml,168,Housing
RO4_housgfcfhml_bb_acc_run_exp,Running expenses - Bed/breakfast accommodation,RO4,housgfcfhml,168,Housing
RO4_housgfcfhml_bb_acc_tot_exp,Total expenditure - Bed/breakfast accommodation,RO4,housgfcfhml,168,Housing
RO4_housgfcfhml_bb_acc_sfc,"Sales, Fees and Charges - Bed/breakfast accommodation",RO4,housgfcfhml,168,Housing
RO4_housgfcfhml_bb_acc_oth_inc,Other income - Bed/breakfast accommodation,RO4,housgfcfhml,168,Housing
RO4_housgfcfhml_bb_acc_tot_inc,Total income - Bed/breakfast accommodation,RO4,housgfcfhml,168,Housing
RO4_housgfcfhml_bb_acc_net_cur_exp,NET current expenditure - Bed/breakfast accommodation,RO4,housgfcfhml,168,Housing
RO4_housgfcfhml_prv_mng_acc_rsl_empl,Employees - Private managed accommodation leased by RSLs,RO4,housgfcfhml,168,Housing
RO4_housgfcfhml_prv_mng_acc_rsl_run_exp,Running expenses - Private managed accommodation leased by RSLs,RO4,housgfcfhml,168,Housing
RO4_housgfcfhml_prv_mng_acc_rsl_tot_exp,Total expenditure - Private managed accommodation leased by RSLs,RO4,housgfcfhml,168,Housing
RO4_housgfcfhml_prv_mng_acc_rsl_sfc,"Sales, Fees and Charges - Private managed accommodation leased by RSLs",RO4,housgfcfhml,168,Housing
RO4_housgfcfhml_prv_mng_acc_rsl_oth_inc,Other income - Private managed accommodation leased by RSLs,RO4,housgfcfhml,168,Housing
RO4_housgfcfhml_prv_mng_acc_rsl_tot_inc,Total income - Private managed accommodation leased by RSLs,RO4,housgfcfhml,168,Housing
RO4_housgfcfhml_prv_mng_acc_rsl_net_cur_exp,NET current expenditure - Private managed accommodation leased by RSLs,RO4,housgfcfhml,168,Housing
RO4_housgfcfhml_prv_sct_lnd_empl,Employees - Directly with a private sector landlord,RO4,housgfcfhml,168,Housing
RO4_housgfcfhml_prv_sct_lnd_run_exp,Running expenses - Directly with a private sector landlord,RO4,housgfcfhml,168,Housing
RO4_housgfcfhml_prv_sct_lnd_tot_exp,Total expenditure - Directly with a private sector landlord,RO4,housgfcfhml,168,Housing
RO4_housgfcfhml_prv_sct_lnd_sfc,"Sales, Fees and Charges - Directly with a private sector landlord",RO4,housgfcfhml,168,Housing
RO4_housgfcfhml_prv_sct_lnd_oth_inc,Other income - Directly with a private sector landlord,RO4,housgfcfhml,168,Housing
RO4_housgfcfhml_prv_sct_lnd_tot_inc,Total income - Directly with a private sector landlord,RO4,housgfcfhml,168,Housing
RO4_housgfcfhml_prv_sct_lnd_net_cur_exp,NET current expenditure - Directly with a private sector landlord,RO4,housgfcfhml,168,Housing
RO4_housgfcfhml_acc_auth_non_hra_empl,Employees - Accommodation within the authority's own stock (non-HRA),RO4,housgfcfhml,168,Housing
RO4_housgfcfhml_acc_auth_non_hra_run_exp,Running expenses - Accommodation within the authority's own stock (non-HRA),RO4,housgfcfhml,168,Housing
RO4_housgfcfhml_acc_auth_non_hra_tot_exp,Total expenditure - Accommodation within the authority's own stock (non-HRA),RO4,housgfcfhml,168,Housing
RO4_housgfcfhml_acc_auth_non_hra_sfc,"Sales, Fees and Charges - Accommodation within the authority's own stock (non-HRA)",RO4,housgfcfhml,168,Housing
RO4_housgfcfhml_acc_auth_non_hra_oth_inc,Other income - Accommodation within the authority's own stock (non-HRA),RO4,housgfcfhml,168,Housing
RO4_housgfcfhml_acc_auth_non_hra_tot_inc,Total income - Accommodation within the authority's own stock (non-HRA),RO4,housgfcfhml,168,Housing
RO4_housgfcfhml_acc_auth_non_hra_net_cur_exp,NET current expenditure - Accommodation within the authority's own stock (non-HRA),RO4,housgfcfhml,168,Housing
RO4_housgfcfhml_oth_tmp_acc_empl,Employees - Other temporary accommodation,RO4,housgfcfhml,168,Housing
RO4_housgfcfhml_oth_tmp_acc_run_exp,Running expenses - Other temporary accommodation,RO4,housgfcfhml,168,Housing
RO4_housgfcfhml_oth_tmp_acc_tot_exp,Total expenditure - Other temporary accommodation,RO4,housgfcfhml,168,Housing
RO4_housgfcfhml_oth_tmp_acc_sfc,"Sales, Fees and Charges - Other temporary accommodation",RO4,housgfcfhml,168,Housing
RO4_housgfcfhml_oth_tmp_acc_oth_inc,Other income - Other temporary accommodation,RO4,housgfcfhml,168,Housing
RO4_housgfcfhml_oth_tmp_acc_tot_inc,Total income - Other temporary accommodation,RO4,housgfcfhml,168,Housing
RO4_housgfcfhml_oth_tmp_acc_net_cur_exp,NET current expenditure - Other temporary accommodation,RO4,housgfcfhml,168,Housing
RO4_housgfcfhml_hml_adm_empl,Employees - Homelessness: Administration,RO4,housgfcfhml,168,Housing
RO4_housgfcfhml_hml_adm_run_exp,Running expenses - Homelessness: Administration,RO4,housgfcfhml,168,Housing
RO4_housgfcfhml_hml_adm_tot_exp,Total expenditure - Homelessness: Administration,RO4,housgfcfhml,168,Housing
RO4_housgfcfhml_hml_adm_sfc,"Sales, Fees and Charges - Homelessness: Administration",RO4,housgfcfhml,168,Housing
RO4_housgfcfhml_hml_adm_oth_inc,Other income - Homelessness: Administration,RO4,housgfcfhml,168,Housing
RO4_housgfcfhml_hml_adm_tot_inc,Total income - Homelessness: Administration,RO4,housgfcfhml,168,Housing
RO4_housgfcfhml_hml_adm_net_cur_exp,NET current expenditure - Homelessness: Administration,RO4,housgfcfhml,168,Housing
RO4_housgfcfhml_acc_rsl_empl,Employees - Accommodation within RSL stock,RO4,housgfcfhml,168,Housing
RO4_housgfcfhml_acc_rsl_run_exp,Running expenses - Accommodation within RSL stock,RO4,housgfcfhml,168,Housing
RO4_housgfcfhml_acc_rsl_tot_exp,Total expenditure - Accommodation within RSL stock,RO4,housgfcfhml,168,Housing
RO4_housgfcfhml_acc_rsl_sfc,"Sales, Fees and Charges - Accommodation within RSL stock",RO4,housgfcfhml,168,Housing
RO4_housgfcfhml_acc_rsl_oth_inc,Other income - Accommodation within RSL stock,RO4,housgfcfhml,168,Housing
RO4_housgfcfhml_acc_rsl_tot_inc,Total income - Accommodation within RSL stock,RO4,housgfcfhml,168,Housing
RO4_housgfcfhml_acc_rsl_net_cur_exp,NET current expenditure - Accommodation within RSL stock,RO4,housgfcfhml,168,Housing
RO4_housgfcfhml_hml_prv_empl,Employees - Homelessness: Prevention,RO4,housgfcfhml,168,Housing
RO4_housgfcfhml_hml_prv_run_exp,Running expenses - Homelessness: Prevention,RO4,housgfcfhml,168,Housing
RO4_housgfcfhml_hml_prv_tot_exp,Total expenditure - Homelessness: Prevention,RO4,housgfcfhml,168,Housing
RO4_housgfcfhml_hml_prv_sfc,"Sales, Fees and Charges - Homelessness: Prevention",RO4,housgfcfhml,168,Housing
RO4_housgfcfhml_hml_prv_oth_inc,Other income - Homelessness: Prevention,RO4,housgfcfhml,168,Housing
RO4_housgfcfhml_hml_prv_tot_inc,Total income - Homelessness: Prevention,RO4,housgfcfhml,168,Housing
RO4_housgfcfhml_hml_prv_net_cur_exp,NET current expenditure - Homelessness: Prevention,RO4,housgfcfhml,168,Housing
RO4_housgfcfhml_hml_spp_empl,Employees - Homelessness: Support,RO4,housgfcfhml,168,Housing
RO4_housgfcfhml_hml_spp_run_exp,Running expenses - Homelessness: Support,RO4,housgfcfhml,168,Housing
RO4_housgfcfhml_hml_spp_tot_exp,Total expenditure - Homelessness: Support,RO4,housgfcfhml,168,Housing
RO4_housgfcfhml_hml_spp_sfc,"Sales, Fees and Charges - Homelessness: Support",RO4,housgfcfhml,168,Housing
RO4_housgfcfhml_hml_spp_oth_inc,Other income - Homelessness: Support,RO4,housgfcfhml,168,Housing
RO4_housgfcfhml_hml_spp_tot_inc,Total income - Homelessness: Support,RO4,housgfcfhml,168,Housing
RO4_housgfcfhml_hml_spp_net_cur_exp,NET current expenditure - Homelessness: Support,RO4,housgfcfhml,168,Housing
RO4_housgfcfbnf_rnt_all_dsp_empl,Employees - Rent allowances - discretionary payments,RO4,housgfcfbnf,21,Housing
RO4_housgfcfbnf_rnt_all_dsp_run_exp,Running expenses - Rent allowances - discretionary payments,RO4,housgfcfbnf,21,Housing
RO4_housgfcfbnf_rnt_all_dsp_tot_exp,Total expenditure - Rent allowances - discretionary payments,RO4,housgfcfbnf,21,Housing
RO4_housgfcfbnf_rnt_all_dsp_sfc,"Sales, Fees and Charges - Rent allowances - discretionary payments",RO4,housgfcfbnf,21,Housing
RO4_housgfcfbnf_rnt_all_dsp_oth_inc,Other income - Rent allowances - discretionary payments,RO4,housgfcfbnf,21,Housing
RO4_housgfcfbnf_rnt_all_dsp_tot_inc,Total income - Rent allowances - discretionary payments,RO4,housgfcfbnf,21,Housing
RO4_housgfcfbnf_rnt_all_dsp_net_cur_exp,NET current expenditure - Rent allowances - discretionary payments,RO4,housgfcfbnf,21,Housing
RO4_housgfcfbnf_non_hra_rbt_dsp_empl,Employees - Non-HRA rent rebates - discretionary payments,RO4,housgfcfbnf,21,Housing
RO4_housgfcfbnf_non_hra_rbt_dsp_run_exp,Running expenses - Non-HRA rent rebates - discretionary payments,RO4,housgfcfbnf,21,Housing
RO4_housgfcfbnf_non_hra_rbt_dsp_tot_exp,Total expenditure - Non-HRA rent rebates - discretionary payments,RO4,housgfcfbnf,21,Housing
RO4_housgfcfbnf_non_hra_rbt_dsp_sfc,"Sales, Fees and Charges - Non-HRA rent rebates - discretionary payments",RO4,housgfcfbnf,21,Housing
RO4_housgfcfbnf_non_hra_rbt_dsp_oth_inc,Other income - Non-HRA rent rebates - discretionary payments,RO4,housgfcfbnf,21,Housing
RO4_housgfcfbnf_non_hra_rbt_dsp_tot_inc,Total income - Non-HRA rent rebates - discretionary payments,RO4,housgfcfbnf,21,Housing
RO4_housgfcfbnf_non_hra_rbt_dsp_net_cur_exp,NET current expenditure - Non-HRA rent rebates - discretionary payments,RO4,housgfcfbnf,21,Housing
RO4_housgfcfbnf_rnt_rbt_hra_dsp_empl,Employees - Rent rebates to HRA tenants - discretionary payments,RO4,housgfcfbnf,21,Housing
RO4_housgfcfbnf_rnt_rbt_hra_dsp_run_exp,Running expenses - Rent rebates to HRA tenants - discretionary payments,RO4,housgfcfbnf,21,Housing
RO4_housgfcfbnf_rnt_rbt_hra_dsp_tot_exp,Total expenditure - Rent rebates to HRA tenants - discretionary payments,RO4,housgfcfbnf,21,Housing
RO4_housgfcfbnf_rnt_rbt_hra_dsp_sfc,"Sales, Fees and Charges - Rent rebates to HRA tenants - discretionary payments",RO4,housgfcfbnf,21,Housing
RO4_housgfcfbnf_rnt_rbt_hra_dsp_oth_inc,Other income - Rent rebates to HRA tenants - discretionary payments,RO4,housgfcfbnf,21,Housing
RO4_housgfcfbnf_rnt_rbt_hra_dsp_tot_inc,Total income - Rent rebates to HRA tenants - discretionary payments,RO4,housgfcfbnf,21,Housing
RO4_housgfcfbnf_rnt_rbt_hra_dsp_net_cur_exp,NET current expenditure - Rent rebates to HRA tenants - discretionary payments,RO4,housgfcfbnf,21,Housing
RO4_housgfcfbnfadm_empl,Employees - Housing benefits administration,RO4,housgfcfbnfadm,7,Housing
RO4_housgfcfbnfadm_run_exp,Running expenses - Housing benefits administration,RO4,housgfcfbnfadm,7,Housing
RO4_housgfcfbnfadm_tot_exp,Total expenditure - Housing benefits administration,RO4,housgfcfbnfadm,7,Housing
RO4_housgfcfbnfadm_sfc,"Sales, Fees and Charges - Housing benefits administration",RO4,housgfcfbnfadm,7,Housing
RO4_housgfcfbnfadm_oth_inc,Other income - Housing benefits administration,RO4,housgfcfbnfadm,7,Housing
RO4_housgfcfbnfadm_tot_inc,Total income - Housing benefits administration,RO4,housgfcfbnfadm,7,Housing
RO4_housgfcfbnfadm_net_cur_exp,NET current expenditure - Housing benefits administration,RO4,housgfcfbnfadm,7,Housing
RO4_housgfcfcnc_empl,Employees - Other council property (Non-HRA),RO4,housgfcfcnc,7,Housing
RO4_housgfcfcnc_run_exp,Running expenses - Other council property (Non-HRA),RO4,housgfcfcnc,7,Housing
RO4_housgfcfcnc_tot_exp,Total expenditure - Other council property (Non-HRA),RO4,housgfcfcnc,7,Housing
RO4_housgfcfcnc_sfc,"Sales, Fees and Charges - Other council property (Non-HRA)",RO4,housgfcfcnc,7,Housing
RO4_housgfcfcnc_oth_inc,Other income - Other council property (Non-HRA),RO4,housgfcfcnc,7,Housing
RO4_housgfcfcnc_tot_inc,Total income - Other council property (Non-HRA),RO4,housgfcfcnc,7,Housing
RO4_housgfcfcnc_net_cur_exp,NET current expenditure - Other council property (Non-HRA),RO4,housgfcfcnc,7,Housing
RO4_housgfcfwlfspp_empl,Employees - Supporting People,RO4,housgfcfwlfspp,7,Housing
RO4_housgfcfwlfspp_run_exp,Running expenses - Supporting People,RO4,housgfcfwlfspp,7,Housing
RO4_housgfcfwlfspp_tot_exp,Total expenditure - Supporting People,RO4,housgfcfwlfspp,7,Housing
RO4_housgfcfwlfspp_sfc,"Sales, Fees and Charges - Supporting People",RO4,housgfcfwlfspp,7,Housing
RO4_housgfcfwlfspp_oth_inc,Other income - Supporting People,RO4,housgfcfwlfspp,7,Housing
RO4_housgfcfwlfspp_tot_inc,Total income - Supporting People,RO4,housgfcfwlfspp,7,Housing
RO4_housgfcfwlfspp_net_cur_exp,NET current expenditure - Supporting People,RO4,housgfcfwlfspp,7,Housing
RO4_housgfcfwlfoth_empl,Employees - Other welfare services,RO4,housgfcfwlfoth,7,Housing
RO4_housgfcfwlfoth_run_exp,Running expenses - Other welfare services,RO4,housgfcfwlfoth,7,Housing
RO4_housgfcfwlfoth_tot_exp,Total expenditure - Other welfare services,RO4,housgfcfwlfoth,7,Housing
RO4_housgfcfwlfoth_sfc,"Sales, Fees and Charges - Other welfare services",RO4,housgfcfwlfoth,7,Housing
RO4_housgfcfwlfoth_oth_inc,Other income - Other welfare services,RO4,housgfcfwlfoth,7,Housing
RO4_housgfcfwlfoth_tot_inc,Total income - Other welfare services,RO4,housgfcfwlfoth,7,Housing
RO4_housgfcfwlfoth_net_cur_exp,NET current expenditure - Other welfare services,RO4,housgfcfwlfoth,7,Housing
RO4_housgfcfhml_ngt_prv_mng_acc_empl,"Employees - Nightly paid, privately managed accommodation, self-contained",RO4,housgfcfhml,168,Housing
RO4_housgfcfhml_ngt_prv_mng_acc_run_exp,"Running expenses - Nightly paid, privately managed accommodation, self-contained",RO4,housgfcfhml,168,Housing
RO4_housgfcfhml_ngt_prv_mng_acc_tot_exp,"Total expenditure - Nightly paid, privately managed accommodation, self-contained",RO4,housgfcfhml,168,Housing
RO4_housgfcfhml_ngt_prv_mng_acc_sfc,"Sales, Fees and Charges - Nightly paid, privately managed accommodation, self-contained",RO4,housgfcfhml,168,Housing
RO4_housgfcfhml_ngt_prv_mng_acc_oth_inc,"Other income - Nightly paid, privately managed accommodation, self-contained",RO4,housgfcfhml,168,Housing
RO4_housgfcfhml_ngt_prv_mng_acc_tot_inc,"Total income - Nightly paid, privately managed accommodation, self-contained",RO4,housgfcfhml,168,Housing
RO4_housgfcfhml_ngt_prv_mng_acc_net_cur_exp,"NET current expenditure - Nightly paid, privately managed accommodation, self-contained",RO4,housgfcfhml,168,Housing
RO4_housgfcfhml_prv_acc_lsd_empl,Employees - Private sector accommodation leased by authority or by a registered provider,RO4,housgfcfhml,168,Housing
RO4_housgfcfhml_prv_acc_lsd_run_exp,Running expenses - Private sector accommodation leased by authority or by a registered provider,RO4,housgfcfhml,168,Housing
RO4_housgfcfhml_prv_acc_lsd_tot_exp,Total expenditure - Private sector accommodation leased by authority or by a registered provider,RO4,housgfcfhml,168,Housing
RO4_housgfcfhml_prv_acc_lsd_sfc,"Sales, Fees and Charges - Private sector accommodation leased by authority or by a registered provider",RO4,housgfcfhml,168,Housing
RO4_housgfcfhml_prv_acc_lsd_oth_inc,Other income - Private sector accommodation leased by authority or by a registered provider,RO4,housgfcfhml,168,Housing
RO4_housgfcfhml_prv_acc_lsd_tot_inc,Total income - Private sector accommodation leased by authority or by a registered provider,RO4,housgfcfhml,168,Housing
RO4_housgfcfhml_prv_acc_lsd_net_cur_exp,NET current expenditure - Private sector accommodation leased by authority or by a registered provider,RO4,housgfcfhml,168,Housing
RO4_housgfcfhml_hst_incl_rcpt_empl,"Employees - Hostels (including reception centres, emergency units and refuges)",RO4,housgfcfhml,168,Housing
RO4_housgfcfhml_hst_incl_rcpt_run_exp,"Running expenses - Hostels (including reception centres, emergency units and refuges)",RO4,housgfcfhml,168,Housing
RO4_housgfcfhml_hst_incl_rcpt_run_tot_exp,"Total expenditure - Hostels (including reception centres, emergency units and refuges)",RO4,housgfcfhml,168,Housing
RO4_housgfcfhml_hst_incl_rcpt_sfc,"Sales, Fees and Charges - Hostels (including reception centres, emergency units and refuges)",RO4,housgfcfhml,168,Housing
RO4_housgfcfhml_hst_incl_rcpt_oth_inc,"Other income - Hostels (including reception centres, emergency units and refuges)",RO4,housgfcfhml,168,Housing
RO4_housgfcfhml_hst_incl_rcpt_tot_inc,"Total income - Hostels (including reception centres, emergency units and refuges)",RO4,housgfcfhml,168,Housing
RO4_housgfcfhml_hst_incl_rcpt_net_cur_exp,"NET current expenditure - Hostels (including reception centres, emergency units and refuges)",RO4,housgfcfhml,168,Housing
RO4_housgfcfhml_bb_htls_empl,Employees - Bed and breakfast hotels (including shared annexes),RO4,housgfcfhml,168,Housing
RO4_housgfcfhml_bb_htls_run_exp,Running expenses - Bed and breakfast hotels (including shared annexes),RO4,housgfcfhml,168,Housing
RO4_housgfcfhml_bb_htls_tot_exp,Total expenditure - Bed and breakfast hotels (including shared annexes),RO4,housgfcfhml,168,Housing
RO4_housgfcfhml_bb_htls_sfc,"Sales, Fees and Charges - Bed and breakfast hotels (including shared annexes)",RO4,housgfcfhml,168,Housing
RO4_housgfcfhml_bb_htls_oth_inc,Other income - Bed and breakfast hotels (including shared annexes),RO4,housgfcfhml,168,Housing
RO4_housgfcfhml_bb_htls_tot_inc,Total income - Bed and breakfast hotels (including shared annexes),RO4,housgfcfhml,168,Housing
RO4_housgfcfhml_bb_htls_net_cur_exp,NET current expenditure - Bed and breakfast hotels (including shared annexes),RO4,housgfcfhml,168,Housing
RO4_housgfcfhml_la_ha_stk_empl,Employees - Local authority or housing association stock,RO4,housgfcfhml,168,Housing
RO4_housgfcfhml_la_ha_stk_run_exp,Running expenses - Local authority or housing association stock,RO4,housgfcfhml,168,Housing
RO4_housgfcfhml_la_ha_stk_tot_exp,Total expenditure - Local authority or housing association stock,RO4,housgfcfhml,168,Housing
RO4_housgfcfhml_la_ha_stk_sfc,"Sales, Fees and Charges - Local authority or housing association stock",RO4,housgfcfhml,168,Housing
RO4_housgfcfhml_la_ha_stk_oth_inc,Other income - Local authority or housing association stock,RO4,housgfcfhml,168,Housing
RO4_housgfcfhml_la_ha_stk_tot_inc,Total income - Local authority or housing association stock,RO4,housgfcfhml,168,Housing
RO4_housgfcfhml_la_ha_stk_net_cur_exp,NET current expenditure - Local authority or housing association stock,RO4,housgfcfhml,168,Housing
RO4_housgfcfhml_any_oth_temp_acc_empl,Employees - Any other type of temporary accommodation (including private landlord and not known),RO4,housgfcfhml,168,Housing
RO4_housgfcfhml_any_oth_temp_acc_run_exp,Running expenses - Any other type of temporary accommodation (including private landlord and not known),RO4,housgfcfhml,168,Housing
RO4_housgfcfhml_any_oth_temp_acc_tot_exp,Total expenditure - Any other type of temporary accommodation (including private landlord and not known),RO4,housgfcfhml,168,Housing
RO4_housgfcfhml_any_oth_temp_acc_sfc,"Sales, Fees and Charges - Any other type of temporary accommodation (including private landlord and not known)",RO4,housgfcfhml,168,Housing
RO4_housgfcfhml_any_oth_temp_acc_oth_inc,Other income - Any other type of temporary accommodation (including private landlord and not known),RO4,housgfcfhml,168,Housing
RO4_housgfcfhml_any_oth_temp_acc_tot_inc,Total income - Any other type of temporary accommodation (including private landlord and not known),RO4,housgfcfhml,168,Housing
RO4_housgfcfhml_any_oth_temp_acc_net_cur_exp,NET current expenditure - Any other type of temporary accommodation (including private landlord and not known),RO4,housgfcfhml,168,Housing
RO4_housgfcfhml_tmp_acc_adm_empl,Employees - Temporary accommodation administration,RO4,housgfcfhml,168,Housing
RO4_housgfcfhml_tmp_acc_adm_run_exp,Running expenses - Temporary accommodation administration,RO4,housgfcfhml,168,Housing
RO4_housgfcfhml_tmp_acc_adm_tot_exp,Total expenditure - Temporary accommodation administration,RO4,housgfcfhml,168,Housing
RO4_housgfcfhml_tmp_acc_adm_sfc,"Sales, Fees and Charges - Temporary accommodation administration",RO4,housgfcfhml,168,Housing
RO4_housgfcfhml_tmp_acc_adm_oth_inc,Other income - Temporary accommodation administration,RO4,housgfcfhml,168,Housing
RO4_housgfcfhml_tmp_acc_adm_tot_inc,Total income - Temporary accommodation administration,RO4,housgfcfhml,168,Housing
RO4_housgfcfhml_tmp_acc_adm_net_cur_exp,NET current expenditure - Temporary accommodation administration,RO4,housgfcfhml,168,Housing
RO4_housgfcfhml_hml_rdct_act_empl,"Employees - Homeless Reduction Act: Administration, Prevention, Relief and Support",RO4,housgfcfhml,168,Housing
RO4_housgfcfhml_hml_rdct_act_run_exp,"Running expenses - Homeless Reduction Act: Administration, Prevention, Relief and Support",RO4,housgfcfhml,168,Housing
RO4_housgfcfhml_hml_rdct_act_tot_exp,"Total expenditure - Homeless Reduction Act: Administration, Prevention, Relief and Support",RO4,housgfcfhml,168,Housing
RO4_housgfcfhml_hml_rdct_act_sfc,"Sales, Fees and Charges - Homeless Reduction Act: Administration, Prevention, Relief and Support",RO4,housgfcfhml,168,Housing
RO4_housgfcfhml_hml_rdct_act_oth_inc,"Other income - Homeless Reduction Act: Administration, Prevention, Relief and Support",RO4,housgfcfhml,168,Housing
RO4_housgfcfhml_hml_rdct_act_tot_inc,"Total income - Homeless Reduction Act: Administration, Prevention, Relief and Support",RO4,housgfcfhml,168,Housing
RO4_housgfcfhml_hml_rdct_act_net_cur_exp,"NET current expenditure - Homeless Reduction Act: Administration, Prevention, Relief and Support",RO4,housgfcfhml,168,Housing
RO4_housgfcfhml_non_hml_rdct_act_empl,Employees - Non Homeless Reduction Act: Administration and Support,RO4,housgfcfhml,168,Housing
RO4_housgfcfhml_non_hml_rdct_act_run_exp,Running expenses - Non Homeless Reduction Act: Administration and Support,RO4,housgfcfhml,168,Housing
RO4_housgfcfhml_non_hml_rdct_act_tot_exp,Total expenditure - Non Homeless Reduction Act: Administration and Support,RO4,housgfcfhml,168,Housing
RO4_housgfcfhml_non_hml_rdct_act_run_sfc,"Sales, Fees and Charges - Non Homeless Reduction Act: Administration and Support",RO4,housgfcfhml,168,Housing
RO4_housgfcfhml_non_hml_rdct_act_run_oth_inc,Other income - Non Homeless Reduction Act: Administration and Support,RO4,housgfcfhml,168,Housing
RO4_housgfcfhml_non_hml_rdct_act_run_tot_inc,Total income - Non Homeless Reduction Act: Administration and Support,RO4,housgfcfhml,168,Housing
RO4_housgfcfhml_non_hml_rdct_act_run_net_cur_exp,NET current expenditure - Non Homeless Reduction Act: Administration and Support,RO4,housgfcfhml,168,Housing
RO4_housgfcfhml_hml_tot_empl,Employees - Total Homelessness,RO4,housgfcfhml,168,Housing
RO4_housgfcfhml_hml_tot_run_exp,Running expenses - Total Homelessness,RO4,housgfcfhml,168,Housing
RO4_housgfcfhml_hml_tot_tot_exp,Total expenditure - Total Homelessness,RO4,housgfcfhml,168,Housing
RO4_housgfcfhml_hml_tot_sfc,"Sales, Fees and Charges - Total Homelessness",RO4,housgfcfhml,168,Housing
RO4_housgfcfhml_hml_tot_oth_inc,Other income - Total Homelessness,RO4,housgfcfhml,168,Housing
RO4_housgfcfhml_hml_tot_tot_inc,Total income - Total Homelessness,RO4,housgfcfhml,168,Housing
RO4_housgfcfhml_hml_tot_net_cur_exp,NET current expenditure - Total Homelessness,RO4,housgfcfhml,168,Housing
RO4_housgfcftot_empl,Employees - TOTAL HOUSING SERVICES (GFRA only),RO4,housgfcftot,7,Housing
RO4_housgfcftot_run_exp,Running expenses - TOTAL HOUSING SERVICES (GFRA only),RO4,housgfcftot,7,Housing
RO4_housgfcftot_tot_exp,Total expenditure - TOTAL HOUSING SERVICES (GFRA only),RO4,housgfcftot,7,Housing
RO4_housgfcftot_sfc,"Sales, Fees and Charges - TOTAL HOUSING SERVICES (GFRA only)",RO4,housgfcftot,7,Housing
RO4_housgfcftot_oth_inc,Other income - TOTAL HOUSING SERVICES (GFRA only),RO4,housgfcftot,7,Housing
RO4_housgfcftot_tot_inc,Total income - TOTAL HOUSING SERVICES (GFRA only),RO4,housgfcftot,7,Housing
RO4_housgfcftot_net_cur_exp,NET current expenditure - TOTAL HOUSING SERVICES (GFRA only),RO4,housgfcftot,7,Housing
RO4_hraincdwell_net_tot_cst,HRA income - Dwelling rents (gross),RO4,hraincdwell,1,Housing Revenue Account
RO4_hraincnondwell_net_tot_cst,HRA income - Non-dwelling rents (gross),RO4,hraincnondwell,1,Housing Revenue Account
RO4_hrainctenants_net_tot_cst,HRA income - Tenants' leaseholders' and other charges for services and facilities,RO4,hrainctenants,1,Housing Revenue Account
RO4_hrainccnt_net_tot_cst,HRA income - Contributions towards expenditure (other than government grants and assistance),RO4,hrainccnt,1,Housing Revenue Account
RO4_hraincgrant_net_tot_cst,HRA income - Government grants and assistance (including downward adjustments),RO4,hraincgrant,1,Housing Revenue Account
RO4_hraincintinv_net_tot_cst,HRA income - Interest on investments credited direct to the HRA,RO4,hraincintinv,1,Housing Revenue Account
RO4_hrainctrnsgf_net_tot_cst,HRA income - Transfers from GF only,RO4,hrainctrnsgf,1,Housing Revenue Account
RO4_hrainctrnsmrr_net_tot_cst,HRA income - Transfers from MRR and other transfers permitted or required by legislation,RO4,hrainctrnsmrr,1,Housing Revenue Account
RO4_hraincaccumul_net_tot_cst,HRA income - HRA - Appropriation to/from Accumulated Absences Account,RO4,hraincaccumul,1,Housing Revenue Account
RO4_hrainctot_net_tot_cst,HRA income - TOTAL HOUSING REVENUE ACCOUNT (HRA) INCOME (total of lines 101 to 111),RO4,hrainctot,2,Housing Revenue Account
RO4_hraexprepair_net_tot_cst,HRA expenditure - Repairs and maintenance,RO4,hraexprepair,1,Housing Revenue Account
RO4_hraexpsupervise_net_tot_cst,HRA expenditure - Supervision and management (including CDC),RO4,hraexpsupervise,1,Housing Revenue Account
RO4_hraexpspecial_net_tot_cst,HRA expenditure - Special services,RO4,hraexpspecial,1,Housing Revenue Account
RO4_hraexprents_net_tot_cst,"HRA expenditure - Rents, rates, taxes and other charges",RO4,hraexprents,1,Housing Revenue Account
RO4_hraexpintpay_net_tot_cst,HRA expenditure - Direct charges to the HRA - Interest payable and similar charges including amortisation of premiums and discounts,RO4,hraexpintpay,1,Housing Revenue Account
RO4_hraexpdebtrepay_net_tot_cst,HRA expenditure - Charges to the HRA for debt repayment or non-interest charges in respect of credit arrangements (including on balance sheet PFI schemes),RO4,hraexpdebtrepay,1,Housing Revenue Account
RO4_hraexpcera_net_tot_cst,HRA expenditure - HRA - Capital expenditure charged to the GF Revenue Account (CERA),RO4,hraexpcera,1,Housing Revenue Account
RO4_hraexpdebtman_net_tot_cst,HRA expenditure - Debt management costs,RO4,hraexpdebtman,1,Housing Revenue Account
RO4_hraexptrnsgf_net_tot_cst,HRA expenditure - Transfers to GF only,RO4,hraexptrnsgf,1,Housing Revenue Account
RO4_hraexptrnsmrr_net_tot_cst,HRA expenditure - Transfers to MRR and other transfers permitted or required by legislation,RO4,hraexptrnsmrr,1,Housing Revenue Account
RO4_hraexpprovbad_net_tot_cst,HRA expenditure - HRA - Provision for bad debts (+/-),RO4,hraexpprovbad,1,Housing Revenue Account
RO4_hraexptot_net_tot_cst,HRA expenditure - TOTAL HOUSING REVENUE ACCOUNT (HRA) EXPENDITURE (total of lines 121 to 133),RO4,hraexptot,2,Housing Revenue Account
RO4_hradiff_net_tot_cst,SURPLUS OR DEFICIT FOR THE YEAR ON HRA SERVICES (line 115 minus 135),RO4,hradiff,2,Housing Revenue Account
RO4_reshra_start_cy,Housing Revenue Account (HRA) Reserves - start,RO4,reshra,4,Reserves
RO4_reshra_end_cy,Housing Revenue Account (HRA) Reserves - end,RO4,reshra,4,Reserves
RO4_housgsvmem_run_exp,Housing services - memorandum item 'of which agency staff costs',RO4,housgsvmem,1,Housing
RO5_culhrtarc_empl,Employees - Archives,RO5,culhrtarc,7,Culture
RO5_culhrtarc_run_exp,Running expenses - Archives,RO5,culhrtarc,7,Culture
RO5_culhrtarc_tot_exp,Total expenditure - Archives,RO5,culhrtarc,7,Culture
RO5_culhrtarc_sfc,"Sales, Fees and Charges - Archives",RO5,culhrtarc,7,Culture
RO5_culhrtarc_oth_inc,Other income - Archives,RO5,culhrtarc,7,Culture
RO5_culhrtarc_tot_inc,Total income - Archives,RO5,culhrtarc,7,Culture
RO5_culhrtarc_net_cur_exp,NET current expenditure - Archives,RO5,culhrtarc,7,Culture
RO5_culhrt_art_dvl_spp_empl,Employees - Arts development and support,RO5,culhrt,28,Culture
RO5_culhrt_art_dvl_spp_run_exp,Running expenses - Arts development and support,RO5,culhrt,28,Culture
RO5_culhrt_art_dvl_spp_tot_exp,Total expenditure - Arts development and support,RO5,culhrt,28,Culture
RO5_culhrt_art_dvl_spp_sfc,"Sales, Fees and Charges - Arts development and support",RO5,culhrt,28,Culture
RO5_culhrt_art_dvl_spp_oth_inc,Other income - Arts development and support,RO5,culhrt,28,Culture
RO5_culhrt_art_dvl_spp_tot_inc,Total income - Arts development and support,RO5,culhrt,28,Culture
RO5_culhrt_art_dvl_spp_net_cur_exp,NET current expenditure - Arts development and support,RO5,culhrt,28,Culture
RO5_culhrt_hrt_empl,Employees - Heritage,RO5,culhrt,28,Culture
RO5_culhrt_hrt_run_exp,Running expenses - Heritage,RO5,culhrt,28,Culture
RO5_culhrt_hrt_tot_exp,Total expenditure - Heritage,RO5,culhrt,28,Culture
RO5_culhrt_hrt_sfc,"Sales, Fees and Charges - Heritage",RO5,culhrt,28,Culture
RO5_culhrt_hrt_oth_inc,Other income - Heritage,RO5,culhrt,28,Culture
RO5_culhrt_hrt_tot_inc,Total income - Heritage,RO5,culhrt,28,Culture
RO5_culhrt_hrt_net_cur_exp,NET current expenditure - Heritage,RO5,culhrt,28,Culture
RO5_culhrt_msm_gll_empl,Employees - Museums and galleries,RO5,culhrt,28,Culture
RO5_culhrt_msm_gll_run_exp,Running expenses - Museums and galleries,RO5,culhrt,28,Culture
RO5_culhrt_msm_gll_tot_exp,Total expenditure - Museums and galleries,RO5,culhrt,28,Culture
RO5_culhrt_msm_gll_sfc,"Sales, Fees and Charges - Museums and galleries",RO5,culhrt,28,Culture
RO5_culhrt_msm_gll_oth_inc,Other income - Museums and galleries,RO5,culhrt,28,Culture
RO5_culhrt_msm_gll_tot_inc,Total income - Museums and galleries,RO5,culhrt,28,Culture
RO5_culhrt_msm_gll_net_cur_exp,NET current expenditure - Museums and galleries,RO5,culhrt,28,Culture
RO5_culhrt_tht_pbl_ent_empl,Employees - Theatres and public entertainment,RO5,culhrt,28,Culture
RO5_culhrt_tht_pbl_ent_run_exp,Running expenses - Theatres and public entertainment,RO5,culhrt,28,Culture
RO5_culhrt_tht_pbl_ent_tot_exp,Total expenditure - Theatres and public entertainment,RO5,culhrt,28,Culture
RO5_culhrt_tht_pbl_ent_sfc,"Sales, Fees and Charges - Theatres and public entertainment",RO5,culhrt,28,Culture
RO5_culhrt_tht_pbl_ent_oth_inc,Other income - Theatres and public entertainment,RO5,culhrt,28,Culture
RO5_culhrt_tht_pbl_ent_tot_inc,Total income - Theatres and public entertainment,RO5,culhrt,28,Culture
RO5_culhrt_tht_pbl_ent_net_cur_exp,NET current expenditure - Theatres and public entertainment,RO5,culhrt,28,Culture
RO5_culspr_cmm_cen_pub_hll_empl,Employees - Community centres and public halls,RO5,culspr,28,Culture
RO5_culspr_cmm_cen_pub_hll_run_exp,Running expenses - Community centres and public halls,RO5,culspr,28,Culture
RO5_culspr_cmm_cen_pub_hll_tot_exp,Total expenditure - Community centres and public halls,RO5,culspr,28,Culture
RO5_culspr_cmm_cen_pub_hll_sfc,"Sales, Fees and Charges - Community centres and public halls",RO5,culspr,28,Culture
RO5_culspr_cmm_cen_pub_hll_oth_inc,Other income - Community centres and public halls,RO5,culspr,28,Culture
RO5_culspr_cmm_cen_pub_hll_tot_inc,Total income - Community centres and public halls,RO5,culspr,28,Culture
RO5_culspr_cmm_cen_pub_hll_net_cur_exp,NET current expenditure - Community centres and public halls,RO5,culspr,28,Culture
RO5_culspr_frs_empl,Employees - Foreshore,RO5,culspr,28,Culture
RO5_culspr_frs_run_exp,Running expenses - Foreshore,RO5,culspr,28,Culture
RO5_culspr_frs_tot_exp,Total expenditure - Foreshore,RO5,culspr,28,Culture
RO5_culspr_frs_sfc,"Sales, Fees and Charges - Foreshore",RO5,culspr,28,Culture
RO5_culspr_frs_oth_inc,Other income - Foreshore,RO5,culspr,28,Culture
RO5_culspr_frs_tot_inc,Total income - Foreshore,RO5,culspr,28,Culture
RO5_culspr_frs_net_cur_exp,NET current expenditure - Foreshore,RO5,culspr,28,Culture
RO5_culspr_spr_dvl_cmm_rec_empl,Employees - Sports development and community recreation,RO5,culspr,28,Culture
RO5_culspr_spr_dvl_cmm_rec_run_exp,Running expenses - Sports development and community recreation,RO5,culspr,28,Culture
RO5_culspr_spr_dvl_cmm_rec_tot_exp,Total expenditure - Sports development and community recreation,RO5,culspr,28,Culture
RO5_culspr_spr_dvl_cmm_rec_sfc,"Sales, Fees and Charges - Sports development and community recreation",RO5,culspr,28,Culture
RO5_culspr_spr_dvl_cmm_rec_oth_inc,Other income - Sports development and community recreation,RO5,culspr,28,Culture
RO5_culspr_spr_dvl_cmm_rec_tot_inc,Total income - Sports development and community recreation,RO5,culspr,28,Culture
RO5_culspr_spr_dvl_cmm_rec_net_cur_exp,NET current expenditure - Sports development and community recreation,RO5,culspr,28,Culture
RO5_culspr_spr_lsr_fcl_empl,Employees - Sports and leisure facilities (including golf courses),RO5,culspr,28,Culture
RO5_culspr_spr_lsr_fcl_run_exp,Running expenses - Sports and leisure facilities (including golf courses),RO5,culspr,28,Culture
RO5_culspr_spr_lsr_fcl_tot_exp,Total expenditure - Sports and leisure facilities (including golf courses),RO5,culspr,28,Culture
RO5_culspr_spr_lsr_fcl_sfc,"Sales, Fees and Charges - Sports and leisure facilities (including golf courses)",RO5,culspr,28,Culture
RO5_culspr_spr_lsr_fcl_oth_inc,Other income - Sports and leisure facilities (including golf courses),RO5,culspr,28,Culture
RO5_culspr_spr_lsr_fcl_tot_inc,Total income - Sports and leisure facilities (including golf courses),RO5,culspr,28,Culture
RO5_culspr_spr_lsr_fcl_net_cur_exp,NET current expenditure - Sports and leisure facilities (including golf courses),RO5,culspr,28,Culture
RO5_culprk_opn_empl,Employees - Parks and Open Spaces (including play areas),RO5,culprk,7,Culture
RO5_culprk_opn_run_exp,Running expenses - Parks and Open Spaces (including play areas),RO5,culprk,7,Culture
RO5_culprk_opn_tot_exp,Total expenditure - Parks and Open Spaces (including play areas),RO5,culprk,7,Culture
RO5_culprk_opn_sfc,"Sales, Fees and Charges - Parks and Open Spaces (including play areas)",RO5,culprk,7,Culture
RO5_culprk_opn_oth_inc,Other income - Parks and Open Spaces (including play areas),RO5,culprk,7,Culture
RO5_culprk_opn_tot_inc,Total income - Parks and Open Spaces (including play areas),RO5,culprk,7,Culture
RO5_culprk_opn_net_cur_exp,NET current expenditure - Parks and Open Spaces (including play areas),RO5,culprk,7,Culture
RO5_culall_empl,Employees - Allotments,RO5,culall,7,Culture
RO5_culall_run_exp,Running expenses - Allotments,RO5,culall,7,Culture
RO5_culall_tot_exp,Total expenditure - Allotments,RO5,culall,7,Culture
RO5_culall_sfc,"Sales, Fees and Charges - Allotments",RO5,culall,7,Culture
RO5_culall_oth_inc,Other income - Allotments,RO5,culall,7,Culture
RO5_culall_tot_inc,Total income - Allotments,RO5,culall,7,Culture
RO5_culall_net_cur_exp,NET current expenditure - Allotments,RO5,culall,7,Culture
RO5_cultrs_empl,Employees - Tourism,RO5,cultrs,7,Culture
RO5_cultrs_run_exp,Running expenses - Tourism,RO5,cultrs,7,Culture
RO5_cultrs_tot_exp,Total expenditure - Tourism,RO5,cultrs,7,Culture
RO5_cultrs_sfc,"Sales, Fees and Charges - Tourism",RO5,cultrs,7,Culture
RO5_cultrs_oth_inc,Other income - Tourism,RO5,cultrs,7,Culture
RO5_cultrs_tot_inc,Total income - Tourism,RO5,cultrs,7,Culture
RO5_cultrs_net_cur_exp,NET current expenditure - Tourism,RO5,cultrs,7,Culture
RO5_cullib_empl,Employees - Library service,RO5,cullib,7,Culture
RO5_cullib_run_exp,Running expenses - Library service,RO5,cullib,7,Culture
RO5_cullib_tot_exp,Total expenditure - Library service,RO5,cullib,7,Culture
RO5_cullib_sfc,"Sales, Fees and Charges - Library service",RO5,cullib,7,Culture
RO5_cullib_oth_inc,Other income - Library service,RO5,cullib,7,Culture
RO5_cullib_tot_inc,Total income - Library service,RO5,cullib,7,Culture
RO5_cullib_net_cur_exp,NET current expenditure - Library service,RO5,cullib,7,Culture
RO5_cultot_empl,Employees - TOTAL CULTURAL AND RELATED SERVICES,RO5,cultot,7,Culture
RO5_cultot_run_exp,Running expenses - TOTAL CULTURAL AND RELATED SERVICES,RO5,cultot,7,Culture
RO5_cultot_tot_exp,Total expenditure - TOTAL CULTURAL AND RELATED SERVICES,RO5,cultot,7,Culture
RO5_cultot_sfc,"Sales, Fees and Charges - TOTAL CULTURAL AND RELATED SERVICES",RO5,cultot,7,Culture
RO5_cultot_oth_inc,Other income - TOTAL CULTURAL AND RELATED SERVICES,RO5,cultot,7,Culture
RO5_cultot_tot_inc,Total income - TOTAL CULTURAL AND RELATED SERVICES,RO5,cultot,7,Culture
RO5_cultot_net_cur_exp,NET current expenditure - TOTAL CULTURAL AND RELATED SERVICES,RO5,cultot,7,Culture
RO5_envcmt_empl,"Employees - Cemetery, cremation and mortuary services",RO5,envcmt,7,Environment
RO5_envcmt_run_exp,"Running expenses - Cemetery, cremation and mortuary services",RO5,envcmt,7,Environment
RO5_envcmt_tot_exp,"Total expenditure - Cemetery, cremation and mortuary services",RO5,envcmt,7,Environment
RO5_envcmt_sfc,"Sales, Fees and Charges - Cemetery, cremation and mortuary services",RO5,envcmt,7,Environment
RO5_envcmt_oth_inc,"Other income - Cemetery, cremation and mortuary services",RO5,envcmt,7,Environment
RO5_envcmt_tot_inc,"Total income - Cemetery, cremation and mortuary services",RO5,envcmt,7,Environment
RO5_envcmt_net_cur_exp,"NET current expenditure - Cemetery, cremation and mortuary services",RO5,envcmt,7,Environment
RO5_envrgltrd_empl,Employees - Trading standards,RO5,envrgltrd,7,Environment
RO5_envrgltrd_run_exp,Running expenses - Trading standards,RO5,envrgltrd,7,Environment
RO5_envrgltrd_tot_exp,Total expenditure - Trading standards,RO5,envrgltrd,7,Environment
RO5_envrgltrd_sfc,"Sales, Fees and Charges - Trading standards",RO5,envrgltrd,7,Environment
RO5_envrgltrd_oth_inc,Other income - Trading standards,RO5,envrgltrd,7,Environment
RO5_envrgltrd_tot_inc,Total income - Trading standards,RO5,envrgltrd,7,Environment
RO5_envrgltrd_net_cur_exp,NET current expenditure - Trading standards,RO5,envrgltrd,7,Environment
RO5_envrglenvwtr_empl,Employees - Water safety,RO5,envrglenvwtr,7,Environment
RO5_envrglenvwtr_run_exp,Running expenses - Water safety,RO5,envrglenvwtr,7,Environment
RO5_envrglenvwtr_tot_exp,Total expenditure - Water safety,RO5,envrglenvwtr,7,Environment
RO5_envrglenvwtr_sfc,"Sales, Fees and Charges - Water safety",RO5,envrglenvwtr,7,Environment
RO5_envrglenvwtr_oth_inc,Other income - Water safety,RO5,envrglenvwtr,7,Environment
RO5_envrglenvwtr_tot_inc,Total income - Water safety,RO5,envrglenvwtr,7,Environment
RO5_envrglenvwtr_net_cur_exp,NET current expenditure - Water safety,RO5,envrglenvwtr,7,Environment
RO5_envrglenvfd_empl,Employees - Food safety,RO5,envrglenvfd,7,Environment
RO5_envrglenvfd_run_exp,Running expenses - Food safety,RO5,envrglenvfd,7,Environment
RO5_envrglenvfd_tot_exp,Total expenditure - Food safety,RO5,envrglenvfd,7,Environment
RO5_envrglenvfd_sfc,"Sales, Fees and Charges - Food safety",RO5,envrglenvfd,7,Environment
RO5_envrglenvfd_oth_inc,Other income - Food safety,RO5,envrglenvfd,7,Environment
RO5_envrglenvfd_tot_inc,Total income - Food safety,RO5,envrglenvfd,7,Environment
RO5_envrglenvfd_net_cur_exp,NET current expenditure - Food safety,RO5,envrglenvfd,7,Environment
RO5_envrglenvenv_empl,Employees - Environmental protection; noise and nuisance,RO5,envrglenvenv,7,Environment
RO5_envrglenvenv_run_exp,Running expenses - Environmental protection; noise and nuisance,RO5,envrglenvenv,7,Environment
RO5_envrglenvenv_tot_exp,Total expenditure - Environmental protection; noise and nuisance,RO5,envrglenvenv,7,Environment
RO5_envrglenvenv_sfc,"Sales, Fees and Charges - Environmental protection; noise and nuisance",RO5,envrglenvenv,7,Environment
RO5_envrglenvenv_oth_inc,Other income - Environmental protection; noise and nuisance,RO5,envrglenvenv,7,Environment
RO5_envrglenvenv_tot_inc,Total income - Environmental protection; noise and nuisance,RO5,envrglenvenv,7,Environment
RO5_envrglenvenv_net_cur_exp,NET current expenditure - Environmental protection; noise and nuisance,RO5,envrglenvenv,7,Environment
RO5_envrglenvhsn_empl,Employees - Housing standards,RO5,envrglenvhsn,7,Environment
RO5_envrglenvhsn_run_exp,Running expenses - Housing standards,RO5,envrglenvhsn,7,Environment
RO5_envrglenvhsn_tot_exp,Total expenditure - Housing standards,RO5,envrglenvhsn,7,Environment
RO5_envrglenvhsn_sfc,"Sales, Fees and Charges - Housing standards",RO5,envrglenvhsn,7,Environment
RO5_envrglenvhsn_oth_inc,Other income - Housing standards,RO5,envrglenvhsn,7,Environment
RO5_envrglenvhsn_tot_inc,Total income - Housing standards,RO5,envrglenvhsn,7,Environment
RO5_envrglenvhsn_net_cur_exp,NET current expenditure - Housing standards,RO5,envrglenvhsn,7,Environment
RO5_envrglenvhs_empl,Employees - Health and safety,RO5,envrglenvhs,7,Environment
RO5_envrglenvhs_run_exp,Running expenses - Health and safety,RO5,envrglenvhs,7,Environment
RO5_envrglenvhs_tot_exp,Total expenditure - Health and safety,RO5,envrglenvhs,7,Environment
RO5_envrglenvhs_sfc,"Sales, Fees and Charges - Health and safety",RO5,envrglenvhs,7,Environment
RO5_envrglenvhs_oth_inc,Other income - Health and safety,RO5,envrglenvhs,7,Environment
RO5_envrglenvhs_tot_inc,Total income - Health and safety,RO5,envrglenvhs,7,Environment
RO5_envrglenvhs_net_cur_exp,NET current expenditure - Health and safety,RO5,envrglenvhs,7,Environment
RO5_envrglenvprtxlvs_empl,Employees - Port health (excluding levies),RO5,envrglenvprtxlvs,7,Environment
RO5_envrglenvprtxlvs_run_exp,Running expenses - Port health (excluding levies),RO5,envrglenvprtxlvs,7,Environment
RO5_envrglenvprtxlvs_tot_exp,Total expenditure - Port health (excluding levies),RO5,envrglenvprtxlvs,7,Environment
RO5_envrglenvprtxlvs_sfc,"Sales, Fees and Charges - Port health (excluding levies)",RO5,envrglenvprtxlvs,7,Environment
RO5_envrglenvprtxlvs_oth_inc,Other income - Port health (excluding levies),RO5,envrglenvprtxlvs,7,Environment
RO5_envrglenvprtxlvs_tot_inc,Total income - Port health (excluding levies),RO5,envrglenvprtxlvs,7,Environment
RO5_envrglenvprtxlvs_net_cur_exp,NET current expenditure - Port health (excluding levies),RO5,envrglenvprtxlvs,7,Environment
RO5_envrglenvprtlvs_empl,Employees - Port health levies,RO5,envrglenvprtlvs,7,Environment
RO5_envrglenvprtlvs_run_exp,Running expenses - Port health levies,RO5,envrglenvprtlvs,7,Environment
RO5_envrglenvprtlvs_tot_exp,Total expenditure - Port health levies,RO5,envrglenvprtlvs,7,Environment
RO5_envrglenvprtlvs_sfc,"Sales, Fees and Charges - Port health levies",RO5,envrglenvprtlvs,7,Environment
RO5_envrglenvprtlvs_oth_inc,Other income - Port health levies,RO5,envrglenvprtlvs,7,Environment
RO5_envrglenvprtlvs_tot_inc,Total income - Port health levies,RO5,envrglenvprtlvs,7,Environment
RO5_envrglenvprtlvs_net_cur_exp,NET current expenditure - Port health levies,RO5,envrglenvprtlvs,7,Environment
RO5_envrglenvpst_empl,Employees - Pest control,RO5,envrglenvpst,7,Environment
RO5_envrglenvpst_run_exp,Running expenses - Pest control,RO5,envrglenvpst,7,Environment
RO5_envrglenvpst_tot_exp,Total expenditure - Pest control,RO5,envrglenvpst,7,Environment
RO5_envrglenvpst_sfc,"Sales, Fees and Charges - Pest control",RO5,envrglenvpst,7,Environment
RO5_envrglenvpst_oth_inc,Other income - Pest control,RO5,envrglenvpst,7,Environment
RO5_envrglenvpst_tot_inc,Total income - Pest control,RO5,envrglenvpst,7,Environment
RO5_envrglenvpst_net_cur_exp,NET current expenditure - Pest control,RO5,envrglenvpst,7,Environment
RO5_envrglenvtlt_empl,Employees - Public conveniences,RO5,envrglenvtlt,7,Environment
RO5_envrglenvtlt_run_exp,Running expenses - Public conveniences,RO5,envrglenvtlt,7,Environment
RO5_envrglenvtlt_tot_exp,Total expenditure - Public conveniences,RO5,envrglenvtlt,7,Environment
RO5_envrglenvtlt_sfc,"Sales, Fees and Charges - Public conveniences",RO5,envrglenvtlt,7,Environment
RO5_envrglenvtlt_oth_inc,Other income - Public conveniences,RO5,envrglenvtlt,7,Environment
RO5_envrglenvtlt_tot_inc,Total income - Public conveniences,RO5,envrglenvtlt,7,Environment
RO5_envrglenvtlt_net_cur_exp,NET current expenditure - Public conveniences,RO5,envrglenvtlt,7,Environment
RO5_envrglenvanm_empl,Employees - Animal and public health; infectious disease control,RO5,envrglenvanm,7,Environment
RO5_envrglenvanm_run_exp,Running expenses - Animal and public health; infectious disease control,RO5,envrglenvanm,7,Environment
RO5_envrglenvanm_tot_exp,Total expenditure - Animal and public health; infectious disease control,RO5,envrglenvanm,7,Environment
RO5_envrglenvanm_sfc,"Sales, Fees and Charges - Animal and public health; infectious disease control",RO5,envrglenvanm,7,Environment
RO5_envrglenvanm_oth_inc,Other income - Animal and public health; infectious disease control,RO5,envrglenvanm,7,Environment
RO5_envrglenvanm_tot_inc,Total income - Animal and public health; infectious disease control,RO5,envrglenvanm,7,Environment
RO5_envrglenvanm_net_cur_exp,NET current expenditure - Animal and public health; infectious disease control,RO5,envrglenvanm,7,Environment
RO5_envrglenvlcn_empl,Employees - Licensing - Alcohol and entertainment licensing; taxi licensing,RO5,envrglenvlcn,7,Environment
RO5_envrglenvlcn_run_exp,Running expenses - Licensing - Alcohol and entertainment licensing; taxi licensing,RO5,envrglenvlcn,7,Environment
RO5_envrglenvlcn_tot_exp,Total expenditure - Licensing - Alcohol and entertainment licensing; taxi licensing,RO5,envrglenvlcn,7,Environment
RO5_envrglenvlcn_sfc,"Sales, Fees and Charges - Licensing - Alcohol and entertainment licensing; taxi licensing",RO5,envrglenvlcn,7,Environment
RO5_envrglenvlcn_oth_inc,Other income - Licensing - Alcohol and entertainment licensing; taxi licensing,RO5,envrglenvlcn,7,Environment
RO5_envrglenvlcn_tot_inc,Total income - Licensing - Alcohol and entertainment licensing; taxi licensing,RO5,envrglenvlcn,7,Environment
RO5_envrglenvlcn_net_cur_exp,NET current expenditure - Licensing - Alcohol and entertainment licensing; taxi licensing,RO5,envrglenvlcn,7,Environment
RO5_envcmmcrm_empl,Employees - Crime Reduction,RO5,envcmmcrm,7,Environment
RO5_envcmmcrm_run_exp,Running expenses - Crime Reduction,RO5,envcmmcrm,7,Environment
RO5_envcmmcrm_tot_exp,Total expenditure - Crime Reduction,RO5,envcmmcrm,7,Environment
RO5_envcmmcrm_sfc,"Sales, Fees and Charges - Crime Reduction",RO5,envcmmcrm,7,Environment
RO5_envcmmcrm_oth_inc,Other income - Crime Reduction,RO5,envcmmcrm,7,Environment
RO5_envcmmcrm_tot_inc,Total income - Crime Reduction,RO5,envcmmcrm,7,Environment
RO5_envcmmcrm_net_cur_exp,NET current expenditure - Crime Reduction,RO5,envcmmcrm,7,Environment
RO5_envcmmsft_empl,Employees - Safety Services,RO5,envcmmsft,7,Environment
RO5_envcmmsft_run_exp,Running expenses - Safety Services,RO5,envcmmsft,7,Environment
RO5_envcmmsft_tot_exp,Total expenditure - Safety Services,RO5,envcmmsft,7,Environment
RO5_envcmmsft_sfc,"Sales, Fees and Charges - Safety Services",RO5,envcmmsft,7,Environment
RO5_envcmmsft_oth_inc,Other income - Safety Services,RO5,envcmmsft,7,Environment
RO5_envcmmsft_tot_inc,Total income - Safety Services,RO5,envcmmsft,7,Environment
RO5_envcmmsft_net_cur_exp,NET current expenditure - Safety Services,RO5,envcmmsft,7,Environment
RO5_envcmmcct_empl,Employees - CCTV,RO5,envcmmcct,7,Environment
RO5_envcmmcct_run_exp,Running expenses - CCTV,RO5,envcmmcct,7,Environment
RO5_envcmmcct_tot_exp,Total expenditure - CCTV,RO5,envcmmcct,7,Environment
RO5_envcmmcct_sfc,"Sales, Fees and Charges - CCTV",RO5,envcmmcct,7,Environment
RO5_envcmmcct_oth_inc,Other income - CCTV,RO5,envcmmcct,7,Environment
RO5_envcmmcct_tot_inc,Total income - CCTV,RO5,envcmmcct,7,Environment
RO5_envcmmcct_net_cur_exp,NET current expenditure - CCTV,RO5,envcmmcct,7,Environment
RO5_envfldfld_empl,Employees - Defences against flooding,RO5,envfldfld,7,Environment
RO5_envfldfld_run_exp,Running expenses - Defences against flooding,RO5,envfldfld,7,Environment
RO5_envfldfld_tot_exp,Total expenditure - Defences against flooding,RO5,envfldfld,7,Environment
RO5_envfldfld_sfc,"Sales, Fees and Charges - Defences against flooding",RO5,envfldfld,7,Environment
RO5_envfldfld_oth_inc,Other income - Defences against flooding,RO5,envfldfld,7,Environment
RO5_envfldfld_tot_inc,Total income - Defences against flooding,RO5,envfldfld,7,Environment
RO5_envfldfld_net_cur_exp,NET current expenditure - Defences against flooding,RO5,envfldfld,7,Environment
RO5_envflddrn_empl,Employees - Land drainage and related work (excluding levy / Special levies),RO5,envflddrn,7,Environment
RO5_envflddrn_run_exp,Running expenses - Land drainage and related work (excluding levy / Special levies),RO5,envflddrn,7,Environment
RO5_envflddrn_tot_exp,Total expenditure - Land drainage and related work (excluding levy / Special levies),RO5,envflddrn,7,Environment
RO5_envflddrn_sfc,"Sales, Fees and Charges - Land drainage and related work (excluding levy / Special levies)",RO5,envflddrn,7,Environment
RO5_envflddrn_oth_inc,Other income - Land drainage and related work (excluding levy / Special levies),RO5,envflddrn,7,Environment
RO5_envflddrn_tot_inc,Total income - Land drainage and related work (excluding levy / Special levies),RO5,envflddrn,7,Environment
RO5_envflddrn_net_cur_exp,NET current expenditure - Land drainage and related work (excluding levy / Special levies),RO5,envflddrn,7,Environment
RO5_envflddrnlev_empl,Employees - Land drainage and related work - Levy / Special levies,RO5,envflddrnlev,7,Environment
RO5_envflddrnlev_run_exp,Running expenses - Land drainage and related work - Levy / Special levies,RO5,envflddrnlev,7,Environment
RO5_envflddrnlev_tot_exp,Total expenditure - Land drainage and related work - Levy / Special levies,RO5,envflddrnlev,7,Environment
RO5_envflddrnlev_sfc,"Sales, Fees and Charges - Land drainage and related work - Levy / Special levies",RO5,envflddrnlev,7,Environment
RO5_envflddrnlev_oth_inc,Other income - Land drainage and related work - Levy / Special levies,RO5,envflddrnlev,7,Environment
RO5_envflddrnlev_tot_inc,Total income - Land drainage and related work - Levy / Special levies,RO5,envflddrnlev,7,Environment
RO5_envflddrnlev_net_cur_exp,NET current expenditure - Land drainage and related work - Levy / Special levies,RO5,envflddrnlev,7,Environment
RO5_envcst_empl,Employees - Coast protection,RO5,envcst,7,Environment
RO5_envcst_run_exp,Running expenses - Coast protection,RO5,envcst,7,Environment
RO5_envcst_tot_exp,Total expenditure - Coast protection,RO5,envcst,7,Environment
RO5_envcst_sfc,"Sales, Fees and Charges - Coast protection",RO5,envcst,7,Environment
RO5_envcst_oth_inc,Other income - Coast protection,RO5,envcst,7,Environment
RO5_envcst_tot_inc,Total income - Coast protection,RO5,envcst,7,Environment
RO5_envcst_net_cur_exp,NET current expenditure - Coast protection,RO5,envcst,7,Environment
RO5_envagr_empl,Employees - Agricultural and fisheries services,RO5,envagr,7,Environment
RO5_envagr_run_exp,Running expenses - Agricultural and fisheries services,RO5,envagr,7,Environment
RO5_envagr_tot_exp,Total expenditure - Agricultural and fisheries services,RO5,envagr,7,Environment
RO5_envagr_sfc,"Sales, Fees and Charges - Agricultural and fisheries services",RO5,envagr,7,Environment
RO5_envagr_oth_inc,Other income - Agricultural and fisheries services,RO5,envagr,7,Environment
RO5_envagr_tot_inc,Total income - Agricultural and fisheries services,RO5,envagr,7,Environment
RO5_envagr_net_cur_exp,NET current expenditure - Agricultural and fisheries services,RO5,envagr,7,Environment
RO5_envstr_empl,Employees - Street cleansing (not chargeable to Highways),RO5,envstr,7,Environment
RO5_envstr_run_exp,Running expenses - Street cleansing (not chargeable to Highways),RO5,envstr,7,Environment
RO5_envstr_tot_exp,Total expenditure - Street cleansing (not chargeable to Highways),RO5,envstr,7,Environment
RO5_envstr_sfc,"Sales, Fees and Charges - Street cleansing (not chargeable to Highways)",RO5,envstr,7,Environment
RO5_envstr_oth_inc,Other income - Street cleansing (not chargeable to Highways),RO5,envstr,7,Environment
RO5_envstr_tot_inc,Total income - Street cleansing (not chargeable to Highways),RO5,envstr,7,Environment
RO5_envstr_net_cur_exp,NET current expenditure - Street cleansing (not chargeable to Highways),RO5,envstr,7,Environment
RO5_envcll_empl,Employees - Waste collection,RO5,envcll,7,Environment
RO5_envcll_run_exp,Running expenses - Waste collection,RO5,envcll,7,Environment
RO5_envcll_tot_exp,Total expenditure - Waste collection,RO5,envcll,7,Environment
RO5_envcll_sfc,"Sales, Fees and Charges - Waste collection",RO5,envcll,7,Environment
RO5_envcll_oth_inc,Other income - Waste collection,RO5,envcll,7,Environment
RO5_envcll_tot_inc,Total income - Waste collection,RO5,envcll,7,Environment
RO5_envcll_net_cur_exp,NET current expenditure - Waste collection,RO5,envcll,7,Environment
RO5_envdsp_empl,Employees - Waste disposal,RO5,envdsp,7,Environment
RO5_envdsp_run_exp,Running expenses - Waste disposal,RO5,envdsp,7,Environment
RO5_envdsp_tot_exp,Total expenditure - Waste disposal,RO5,envdsp,7,Environment
RO5_envdsp_sfc,"Sales, Fees and Charges - Waste disposal",RO5,envdsp,7,Environment
RO5_envdsp_oth_inc,Other income - Waste disposal,RO5,envdsp,7,Environment
RO5_envdsp_tot_inc,Total income - Waste disposal,RO5,envdsp,7,Environment
RO5_envdsp_net_cur_exp,NET current expenditure - Waste disposal,RO5,envdsp,7,Environment
RO5_envtrd_empl,Employees - Trade waste,RO5,envtrd,7,Environment
RO5_envtrd_run_exp,Running expenses - Trade waste,RO5,envtrd,7,Environment
RO5_envtrd_tot_exp,Total expenditure - Trade waste,RO5,envtrd,7,Environment
RO5_envtrd_sfc,"Sales, Fees and Charges - Trade waste",RO5,envtrd,7,Environment
RO5_envtrd_oth_inc,Other income - Trade waste,RO5,envtrd,7,Environment
RO5_envtrd_tot_inc,Total income - Trade waste,RO5,envtrd,7,Environment
RO5_envtrd_net_cur_exp,NET current expenditure - Trade waste,RO5,envtrd,7,Environment
RO5_envrcy_empl,Employees - Recycling,RO5,envrcy,7,Environment
RO5_envrcy_run_exp,Running expenses - Recycling,RO5,envrcy,7,Environment
RO5_envrcy_tot_exp,Total expenditure - Recycling,RO5,envrcy,7,Environment
RO5_envrcy_sfc,"Sales, Fees and Charges - Recycling",RO5,envrcy,7,Environment
RO5_envrcy_oth_inc,Other income - Recycling,RO5,envrcy,7,Environment
RO5_envrcy_tot_inc,Total income - Recycling,RO5,envrcy,7,Environment
RO5_envrcy_net_cur_exp,NET current expenditure - Recycling,RO5,envrcy,7,Environment
RO5_envmin_empl,Employees - Waste minimisation,RO5,envmin,7,Environment
RO5_envmin_run_exp,Running expenses - Waste minimisation,RO5,envmin,7,Environment
RO5_envmin_tot_exp,Total expenditure - Waste minimisation,RO5,envmin,7,Environment
RO5_envmin_sfc,"Sales, Fees and Charges - Waste minimisation",RO5,envmin,7,Environment
RO5_envmin_oth_inc,Other income - Waste minimisation,RO5,envmin,7,Environment
RO5_envmin_tot_inc,Total income - Waste minimisation,RO5,envmin,7,Environment
RO5_envmin_net_cur_exp,NET current expenditure - Waste minimisation,RO5,envmin,7,Environment
RO5_envclm_empl,Employees - Climate change costs,RO5,envclm,7,Environment
RO5_envclm_run_exp,Running expenses - Climate change costs,RO5,envclm,7,Environment
RO5_envclm_tot_exp,Total expenditure - Climate change costs,RO5,envclm,7,Environment
RO5_envclm_sfc,"Sales, Fees and Charges - Climate change costs",RO5,envclm,7,Environment
RO5_envclm_oth_inc,Other income - Climate change costs,RO5,envclm,7,Environment
RO5_envclm_tot_inc,Total income - Climate change costs,RO5,envclm,7,Environment
RO5_envclm_net_cur_exp,NET current expenditure - Climate change costs,RO5,envclm,7,Environment
RO5_envtot_empl,Employees - TOTAL ENVIRONMENTAL AND REGULATORY SERVICES,RO5,envtot,7,Environment
RO5_envtot_run_exp,Running expenses - TOTAL ENVIRONMENTAL AND REGULATORY SERVICES,RO5,envtot,7,Environment
RO5_envtot_tot_exp,Total expenditure - TOTAL ENVIRONMENTAL AND REGULATORY SERVICES,RO5,envtot,7,Environment
RO5_envtot_sfc,"Sales, Fees and Charges - TOTAL ENVIRONMENTAL AND REGULATORY SERVICES",RO5,envtot,7,Environment
RO5_envtot_oth_inc,Other income - TOTAL ENVIRONMENTAL AND REGULATORY SERVICES,RO5,envtot,7,Environment
RO5_envtot_tot_inc,Total income - TOTAL ENVIRONMENTAL AND REGULATORY SERVICES,RO5,envtot,7,Environment
RO5_envtot_net_cur_exp,NET current expenditure - TOTAL ENVIRONMENTAL AND REGULATORY SERVICES,RO5,envtot,7,Environment
RO5_planbld_empl,Employees - Building control,RO5,planbld,7,Planning & Development
RO5_planbld_run_exp,Running expenses - Building control,RO5,planbld,7,Planning & Development
RO5_planbld_tot_exp,Total expenditure - Building control,RO5,planbld,7,Planning & Development
RO5_planbld_sfc,"Sales, Fees and Charges - Building control",RO5,planbld,7,Planning & Development
RO5_planbld_oth_inc,Other income - Building control,RO5,planbld,7,Planning & Development
RO5_planbld_tot_inc,Total income - Building control,RO5,planbld,7,Planning & Development
RO5_planbld_net_cur_exp,NET current expenditure - Building control,RO5,planbld,7,Planning & Development
RO5_plandvl_empl,Employees - Development control,RO5,plandvl,7,Planning & Development
RO5_plandvl_run_exp,Running expenses - Development control,RO5,plandvl,7,Planning & Development
RO5_plandvl_tot_exp,Total expenditure - Development control,RO5,plandvl,7,Planning & Development
RO5_plandvl_sfc,"Sales, Fees and Charges - Development control",RO5,plandvl,7,Planning & Development
RO5_plandvl_oth_inc,Other income - Development control,RO5,plandvl,7,Planning & Development
RO5_plandvl_tot_inc,Total income - Development control,RO5,plandvl,7,Planning & Development
RO5_plandvl_net_cur_exp,NET current expenditure - Development control,RO5,plandvl,7,Planning & Development
RO5_planplc_cns_lst_bld_empl,Employees - Conservation and listed buildings planning policy,RO5,planplc,14,Planning & Development
RO5_planplc_cns_lst_bld_run_exp,Running expenses - Conservation and listed buildings planning policy,RO5,planplc,14,Planning & Development
RO5_planplc_cns_lst_bld_tot_exp,Total expenditure - Conservation and listed buildings planning policy,RO5,planplc,14,Planning & Development
RO5_planplc_cns_lst_bld_sfc,"Sales, Fees and Charges - Conservation and listed buildings planning policy",RO5,planplc,14,Planning & Development
RO5_planplc_cns_lst_bld_oth_inc,Other income - Conservation and listed buildings planning policy,RO5,planplc,14,Planning & Development
RO5_planplc_cns_lst_bld_tot_inc,Total income - Conservation and listed buildings planning policy,RO5,planplc,14,Planning & Development
RO5_planplc_cns_lst_bld_net_cur_exp,NET current expenditure - Conservation and listed buildings planning policy,RO5,planplc,14,Planning & Development
RO5_planplc_oth_empl,Employees - Other planning policy,RO5,planplc,14,Planning & Development
RO5_planplc_oth_run_exp,Running expenses - Other planning policy,RO5,planplc,14,Planning & Development
RO5_planplc_oth_tot_exp,Total expenditure - Other planning policy,RO5,planplc,14,Planning & Development
RO5_planplc_oth_sfc,"Sales, Fees and Charges - Other planning policy",RO5,planplc,14,Planning & Development
RO5_planplc_oth_oth_inc,Other income - Other planning policy,RO5,planplc,14,Planning & Development
RO5_planplc_oth_tot_inc,Total income - Other planning policy,RO5,planplc,14,Planning & Development
RO5_planplc_oth_net_cur_exp,NET current expenditure - Other planning policy,RO5,planplc,14,Planning & Development
RO5_planenv_empl,Employees - Environmental initiatives,RO5,planenv,7,Planning & Development
RO5_planenv_run_exp,Running expenses - Environmental initiatives,RO5,planenv,7,Planning & Development
RO5_planenv_tot_exp,Total expenditure - Environmental initiatives,RO5,planenv,7,Planning & Development
RO5_planenv_sfc,"Sales, Fees and Charges - Environmental initiatives",RO5,planenv,7,Planning & Development
RO5_planenv_oth_inc,Other income - Environmental initiatives,RO5,planenv,7,Planning & Development
RO5_planenv_tot_inc,Total income - Environmental initiatives,RO5,planenv,7,Planning & Development
RO5_planenv_net_cur_exp,NET current expenditure - Environmental initiatives,RO5,planenv,7,Planning & Development
RO5_planecndev_empl,Employees - Economic development,RO5,planecndev,7,Planning & Development
RO5_planecndev_run_exp,Running expenses - Economic development,RO5,planecndev,7,Planning & Development
RO5_planecndev_tot_exp,Total expenditure - Economic development,RO5,planecndev,7,Planning & Development
RO5_planecndev_sfc,"Sales, Fees and Charges - Economic development",RO5,planecndev,7,Planning & Development
RO5_planecndev_oth_inc,Other income - Economic development,RO5,planecndev,7,Planning & Development
RO5_planecndev_tot_inc,Total income - Economic development,RO5,planecndev,7,Planning & Development
RO5_planecndev_net_cur_exp,NET current expenditure - Economic development,RO5,planecndev,7,Planning & Development
RO5_planecnrsr_empl,Employees - Economic research,RO5,planecnrsr,7,Planning & Development
RO5_planecnrsr_run_exp,Running expenses - Economic research,RO5,planecnrsr,7,Planning & Development
RO5_planecnrsr_tot_exp,Total expenditure - Economic research,RO5,planecnrsr,7,Planning & Development
RO5_planecnrsr_sfc,"Sales, Fees and Charges - Economic research",RO5,planecnrsr,7,Planning & Development
RO5_planecnrsr_oth_inc,Other income - Economic research,RO5,planecnrsr,7,Planning & Development
RO5_planecnrsr_tot_inc,Total income - Economic research,RO5,planecnrsr,7,Planning & Development
RO5_planecnrsr_net_cur_exp,NET current expenditure - Economic research,RO5,planecnrsr,7,Planning & Development
RO5_planbsn_empl,Employees - Business support,RO5,planbsn,7,Planning & Development
RO5_planbsn_run_exp,Running expenses - Business support,RO5,planbsn,7,Planning & Development
RO5_planbsn_tot_exp,Total expenditure - Business support,RO5,planbsn,7,Planning & Development
RO5_planbsn_sfc,"Sales, Fees and Charges - Business support",RO5,planbsn,7,Planning & Development
RO5_planbsn_oth_inc,Other income - Business support,RO5,planbsn,7,Planning & Development
RO5_planbsn_tot_inc,Total income - Business support,RO5,planbsn,7,Planning & Development
RO5_planbsn_net_cur_exp,NET current expenditure - Business support,RO5,planbsn,7,Planning & Development
RO5_plancmm_empl,Employees - Community development,RO5,plancmm,7,Planning & Development
RO5_plancmm_run_exp,Running expenses - Community development,RO5,plancmm,7,Planning & Development
RO5_plancmm_tot_exp,Total expenditure - Community development,RO5,plancmm,7,Planning & Development
RO5_plancmm_sfc,"Sales, Fees and Charges - Community development",RO5,plancmm,7,Planning & Development
RO5_plancmm_oth_inc,Other income - Community development,RO5,plancmm,7,Planning & Development
RO5_plancmm_tot_inc,Total income - Community development,RO5,plancmm,7,Planning & Development
RO5_plancmm_net_cur_exp,NET current expenditure - Community development,RO5,plancmm,7,Planning & Development
RO5_plantot_empl,Employees - TOTAL PLANNING AND DEVELOPMENT SERVICES,RO5,plantot,7,Planning & Development
RO5_plantot_run_exp,Running expenses - TOTAL PLANNING AND DEVELOPMENT SERVICES,RO5,plantot,7,Planning & Development
RO5_plantot_tot_exp,Total expenditure - TOTAL PLANNING AND DEVELOPMENT SERVICES,RO5,plantot,7,Planning & Development
RO5_plantot_sfc,"Sales, Fees and Charges - TOTAL PLANNING AND DEVELOPMENT SERVICES",RO5,plantot,7,Planning & Development
RO5_plantot_oth_inc,Other income - TOTAL PLANNING AND DEVELOPMENT SERVICES,RO5,plantot,7,Planning & Development
RO5_plantot_tot_inc,Total income - TOTAL PLANNING AND DEVELOPMENT SERVICES,RO5,plantot,7,Planning & Development
RO5_plantot_net_cur_exp,NET current expenditure - TOTAL PLANNING AND DEVELOPMENT SERVICES,RO5,plantot,7,Planning & Development
RO5_culenvplantot_empl,"Employees - TOTAL CULTURAL, ENVIRONMENTAL, REGULATORY AND PLANNING SERVICES",RO5,culenvplantot,7,Culture
RO5_culenvplantot_run_exp,"Running expenses - TOTAL CULTURAL, ENVIRONMENTAL, REGULATORY AND PLANNING SERVICES",RO5,culenvplantot,7,Culture
RO5_culenvplantot_tot_exp,"Total expenditure - TOTAL CULTURAL, ENVIRONMENTAL, REGULATORY AND PLANNING SERVICES",RO5,culenvplantot,7,Culture
RO5_culenvplantot_sfc,"Sales, Fees and Charges - TOTAL CULTURAL, ENVIRONMENTAL, REGULATORY AND PLANNING SERVICES",RO5,culenvplantot,7,Culture
RO5_culenvplantot_oth_inc,"Other income - TOTAL CULTURAL, ENVIRONMENTAL, REGULATORY AND PLANNING SERVICES",RO5,culenvplantot,7,Culture
RO5_culenvplantot_tot_inc,"Total income - TOTAL CULTURAL, ENVIRONMENTAL, REGULATORY AND PLANNING SERVICES",RO5,culenvplantot,7,Culture
RO5_culenvplantot_net_cur_exp,"NET current expenditure - TOTAL CULTURAL, ENVIRONMENTAL, REGULATORY AND PLANNING SERVICES",RO5,culenvplantot,7,Culture
RO5_culsvmem_run_exp,Cultural and related services - memorandum item 'of which agency staff costs',RO5,culsvmem,1,Culture
RO5_envsvmem_run_exp,Environmental and regulatory services - memorandum item 'of which agency staff costs',RO5,envsvmem,1,Environment
RO5_plansvmem_run_exp,Planning and development services - memorandum item 'of which agency staff costs',RO5,plansvmem,1,Planning & Development
RO5_culenvplantotmem_run_exp,"Total cultural, environmental, regulatory and planning services - memorandum item 'of which agency staff costs'",RO5,culenvplantotmem,1,Culture
RO6_poltot_empl,Employees - TOTAL POLICE SERVICES,RO6,poltot,7,Police
RO6_poltot_run_exp,Running expenses - TOTAL POLICE SERVICES,RO6,poltot,7,Police
RO6_poltot_tot_exp,Total expenditure - TOTAL POLICE SERVICES,RO6,poltot,7,Police
RO6_poltot_sfc,"Sales, Fees and Charges - TOTAL POLICE SERVICES",RO6,poltot,7,Police
RO6_poltot_oth_inc,Other income - TOTAL POLICE SERVICES,RO6,poltot,7,Police
RO6_poltot_tot_inc,Total income - TOTAL POLICE SERVICES,RO6,poltot,7,Police
RO6_poltot_net_cur_exp,NET current expenditure - TOTAL POLICE SERVICES,RO6,poltot,7,Police
RO6_frs_cmm_fs_empl,Employees - Community fire safety,RO6,frs,29,Fire & Rescue
RO6_frs_cmm_fs_run_exp,Running expenses - Community fire safety,RO6,frs,29,Fire & Rescue
RO6_frs_cmm_fs_tot_exp,Total expenditure - Community fire safety,RO6,frs,29,Fire & Rescue
RO6_frs_cmm_fs_sfc,"Sales, Fees and Charges - Community fire safety",RO6,frs,29,Fire & Rescue
RO6_frs_cmm_fs_oth_inc,Other income - Community fire safety,RO6,frs,29,Fire & Rescue
RO6_frs_cmm_fs_tot_inc,Total income - Community fire safety,RO6,frs,29,Fire & Rescue
RO6_frs_cmm_fs_net_cur_exp,NET current expenditure - Community fire safety,RO6,frs,29,Fire & Rescue
RO6_frs_ffr_opr_empl,Employees - Fire fighting and rescue operations,RO6,frs,29,Fire & Rescue
RO6_frs_ffr_opr_run_exp,Running expenses - Fire fighting and rescue operations,RO6,frs,29,Fire & Rescue
RO6_frs_ffr_opr_tot_exp,Total expenditure - Fire fighting and rescue operations,RO6,frs,29,Fire & Rescue
RO6_frs_ffr_opr_sfc,"Sales, Fees and Charges - Fire fighting and rescue operations",RO6,frs,29,Fire & Rescue
RO6_frs_ffr_opr_oth_inc,Other income - Fire fighting and rescue operations,RO6,frs,29,Fire & Rescue
RO6_frs_ffr_opr_tot_inc,Total income - Fire fighting and rescue operations,RO6,frs,29,Fire & Rescue
RO6_frs_ffr_opr_net_cur_exp,NET current expenditure - Fire fighting and rescue operations,RO6,frs,29,Fire & Rescue
RO6_frs_frs_emr_pln_empl,Employees - Fire and rescue service emergency planning and civil defence,RO6,frs,29,Fire & Rescue
RO6_frs_frs_emr_pln_run_exp,Running expenses - Fire and rescue service emergency planning and civil defence,RO6,frs,29,Fire & Rescue
RO6_frs_frs_emr_pln_tot_exp,Total expenditure - Fire and rescue service emergency planning and civil defence,RO6,frs,29,Fire & Rescue
RO6_frs_frs_emr_pln_sfc,"Sales, Fees and Charges - Fire and rescue service emergency planning and civil defence",RO6,frs,29,Fire & Rescue
RO6_frs_frs_emr_pln_oth_inc,Other income - Fire and rescue service emergency planning and civil defence,RO6,frs,29,Fire & Rescue
RO6_frs_frs_emr_pln_tot_inc,Total income - Fire and rescue service emergency planning and civil defence,RO6,frs,29,Fire & Rescue
RO6_frs_frs_emr_pln_net_cur_exp,NET current expenditure - Fire and rescue service emergency planning and civil defence,RO6,frs,29,Fire & Rescue
RO6_frstot_empl,Employees - TOTAL FIRE AND RESCUE SERVICES,RO6,frstot,7,Fire & Rescue
RO6_frstot_run_exp,Running expenses - TOTAL FIRE AND RESCUE SERVICES,RO6,frstot,7,Fire & Rescue
RO6_frstot_tot_exp,Total expenditure - TOTAL FIRE AND RESCUE SERVICES,RO6,frstot,7,Fire & Rescue
RO6_frstot_sfc,"Sales, Fees and Charges - TOTAL FIRE AND RESCUE SERVICES",RO6,frstot,7,Fire & Rescue
RO6_frstot_oth_inc,Other income - TOTAL FIRE AND RESCUE SERVICES,RO6,frstot,7,Fire & Rescue
RO6_frstot_tot_inc,Total income - TOTAL FIRE AND RESCUE SERVICES,RO6,frstot,7,Fire & Rescue
RO6_frstot_net_cur_exp,NET current expenditure - TOTAL FIRE AND RESCUE SERVICES,RO6,frstot,7,Fire & Rescue
RO6_cencrp_empl,Employees - CORPORATE AND DEMOCRATIC CORE,RO6,cencrp,7,Central Services
RO6_cencrp_run_exp,Running expenses - CORPORATE AND DEMOCRATIC CORE,RO6,cencrp,7,Central Services
RO6_cencrp_tot_exp,Total expenditure - CORPORATE AND DEMOCRATIC CORE,RO6,cencrp,7,Central Services
RO6_cencrp_sfc,"Sales, Fees and Charges - CORPORATE AND DEMOCRATIC CORE",RO6,cencrp,7,Central Services
RO6_cencrp_oth_inc,Other income - CORPORATE AND DEMOCRATIC CORE,RO6,cencrp,7,Central Services
RO6_cencrp_tot_inc,Total income - CORPORATE AND DEMOCRATIC CORE,RO6,cencrp,7,Central Services
RO6_cencrp_net_cur_exp,NET current expenditure - CORPORATE AND DEMOCRATIC CORE,RO6,cencrp,7,Central Services
RO6_centax_cll_empl,Employees - Council tax collection,RO6,centax,7,Central Services
RO6_centax_cll_run_exp,Running expenses - Council tax collection,RO6,centax,7,Central Services
RO6_centax_cll_tot_exp,Total expenditure - Council tax collection,RO6,centax,7,Central Services
RO6_centax_cll_sfc,"Sales, Fees and Charges - Council tax collection",RO6,centax,7,Central Services
RO6_centax_cll_oth_inc,Other income - Council tax collection,RO6,centax,7,Central Services
RO6_centax_cll_tot_inc,Total income - Council tax collection,RO6,centax,7,Central Services
RO6_centax_cll_net_cur_exp,NET current expenditure - Council tax collection,RO6,centax,7,Central Services
RO6_centaxdsc_prm_pym_empl,Employees - Council tax discounts for prompt payment,RO6,centaxdsc,14,Central Services
RO6_centaxdsc_prm_pym_run_exp,Running expenses - Council tax discounts for prompt payment,RO6,centaxdsc,14,Central Services
RO6_centaxdsc_prm_pym_tot_exp,Total expenditure - Council tax discounts for prompt payment,RO6,centaxdsc,14,Central Services
RO6_centaxdsc_prm_pym_sfc,"Sales, Fees and Charges - Council tax discounts for prompt payment",RO6,centaxdsc,14,Central Services
RO6_centaxdsc_prm_pym_oth_inc,Other income - Council tax discounts for prompt payment,RO6,centaxdsc,14,Central Services
RO6_centaxdsc_prm_pym_tot_inc,Total income - Council tax discounts for prompt payment,RO6,centaxdsc,14,Central Services
RO6_centaxdsc_prm_pym_net_cur_exp,NET current expenditure - Council tax discounts for prompt payment,RO6,centaxdsc,14,Central Services
RO6_centaxdsc_empl,Employees - Council tax discounts locally funded,RO6,centaxdsc,14,Central Services
RO6_centaxdsc_run_exp,Running expenses - Council tax discounts locally funded,RO6,centaxdsc,14,Central Services
RO6_centaxdsc_tot_exp,Total expenditure - Council tax discounts locally funded,RO6,centaxdsc,14,Central Services
RO6_centaxdsc_sfc,"Sales, Fees and Charges - Council tax discounts locally funded",RO6,centaxdsc,14,Central Services
RO6_centaxdsc_oth_inc,Other income - Council tax discounts locally funded,RO6,centaxdsc,14,Central Services
RO6_centaxdsc_tot_inc,Total income - Council tax discounts locally funded,RO6,centaxdsc,14,Central Services
RO6_centaxdsc_net_cur_exp,NET current expenditure - Council tax discounts locally funded,RO6,centaxdsc,14,Central Services
RO6_centaxadm_empl,Employees - Council tax support administration,RO6,centaxadm,7,Central Services
RO6_centaxadm_run_exp,Running expenses - Council tax support administration,RO6,centaxadm,7,Central Services
RO6_centaxadm_tot_exp,Total expenditure - Council tax support administration,RO6,centaxadm,7,Central Services
RO6_centaxadm_sfc,"Sales, Fees and Charges - Council tax support administration",RO6,centaxadm,7,Central Services
RO6_centaxadm_oth_inc,Other income - Council tax support administration,RO6,centaxadm,7,Central Services
RO6_centaxadm_tot_inc,Total income - Council tax support administration,RO6,centaxadm,7,Central Services
RO6_centaxadm_net_cur_exp,NET current expenditure - Council tax support administration,RO6,centaxadm,7,Central Services
RO6_centaxoth_non_dms_cll_empl,Employees - Non-domestic rates collection,RO6,centaxoth,14,Central Services
RO6_centaxoth_non_dms_cll_run_exp,Running expenses - Non-domestic rates collection,RO6,centaxoth,14,Central Services
RO6_centaxoth_non_dms_cll_tot_exp,Total expenditure - Non-domestic rates collection,RO6,centaxoth,14,Central Services
RO6_centaxoth_non_dms_cll_sfc,"Sales, Fees and Charges - Non-domestic rates collection",RO6,centaxoth,14,Central Services
RO6_centaxoth_non_dms_cll_oth_inc,Other income - Non-domestic rates collection,RO6,centaxoth,14,Central Services
RO6_centaxoth_non_dms_cll_tot_inc,Total income - Non-domestic rates collection,RO6,centaxoth,14,Central Services
RO6_centaxoth_non_dms_cll_net_cur_exp,NET current expenditure - Non-domestic rates collection,RO6,centaxoth,14,Central Services
RO6_centaxoth_bid_bll_empl,Employees - BID ballots,RO6,centaxoth,14,Central Services
RO6_centaxoth_bid_bll_run_exp,Running expenses - BID ballots,RO6,centaxoth,14,Central Services
RO6_centaxoth_bid_bll_tot_exp,Total expenditure - BID ballots,RO6,centaxoth,14,Central Services
RO6_centaxoth_bid_bll_sfc,"Sales, Fees and Charges - BID ballots",RO6,centaxoth,14,Central Services
RO6_centaxoth_bid_bll_oth_inc,Other income - BID ballots,RO6,centaxoth,14,Central Services
RO6_centaxoth_bid_bll_tot_inc,Total income - BID ballots,RO6,centaxoth,14,Central Services
RO6_centaxoth_bid_bll_net_cur_exp,NET current expenditure - BID ballots,RO6,centaxoth,14,Central Services
RO6_cencntbrt_dth_mrr_empl,"Employees - Registration of births, deaths and marriages",RO6,cencntbrt,7,Central Services
RO6_cencntbrt_dth_mrr_run_exp,"Running expenses - Registration of births, deaths and marriages",RO6,cencntbrt,7,Central Services
RO6_cencntbrt_dth_mrr_tot_exp,"Total expenditure - Registration of births, deaths and marriages",RO6,cencntbrt,7,Central Services
RO6_cencntbrt_dth_mrr_sfc,"Sales, Fees and Charges - Registration of births, deaths and marriages",RO6,cencntbrt,7,Central Services
RO6_cencntbrt_dth_mrr_oth_inc,"Other income - Registration of births, deaths and marriages",RO6,cencntbrt,7,Central Services
RO6_cencntbrt_dth_mrr_tot_inc,"Total income - Registration of births, deaths and marriages",RO6,cencntbrt,7,Central Services
RO6_cencntbrt_dth_mrr_net_cur_exp,"NET current expenditure - Registration of births, deaths and marriages",RO6,cencntbrt,7,Central Services
RO6_cencnt_rgs_elc_empl,Employees - Registration of electors,RO6,cencnt,35,Central Services
RO6_cencnt_rgs_elc_run_exp,Running expenses - Registration of electors,RO6,cencnt,35,Central Services
RO6_cencnt_rgs_elc_tot_exp,Total expenditure - Registration of electors,RO6,cencnt,35,Central Services
RO6_cencnt_rgs_elc_sfc,"Sales, Fees and Charges - Registration of electors",RO6,cencnt,35,Central Services
RO6_cencnt_rgs_elc_oth_inc,Other income - Registration of electors,RO6,cencnt,35,Central Services
RO6_cencnt_rgs_elc_tot_inc,Total income - Registration of electors,RO6,cencnt,35,Central Services
RO6_cencnt_rgs_elc_net_cur_exp,NET current expenditure - Registration of electors,RO6,cencnt,35,Central Services
RO6_cencnt_cnd_elc_empl,Employees - Conducting elections,RO6,cencnt,35,Central Services
RO6_cencnt_cnd_elc_run_exp,Running expenses - Conducting elections,RO6,cencnt,35,Central Services
RO6_cencnt_cnd_elc_tot_exp,Total expenditure - Conducting elections,RO6,cencnt,35,Central Services
RO6_cencnt_cnd_elc_sfc,"Sales, Fees and Charges - Conducting elections",RO6,cencnt,35,Central Services
RO6_cencnt_cnd_elc_oth_inc,Other income - Conducting elections,RO6,cencnt,35,Central Services
RO6_cencnt_cnd_elc_tot_inc,Total income - Conducting elections,RO6,cencnt,35,Central Services
RO6_cencnt_cnd_elc_net_cur_exp,NET current expenditure - Conducting elections,RO6,cencnt,35,Central Services
RO6_cenemr_empl,Employees - Emergency planning,RO6,cenemr,7,Central Services
RO6_cenemr_run_exp,Running expenses - Emergency planning,RO6,cenemr,7,Central Services
RO6_cenemr_tot_exp,Total expenditure - Emergency planning,RO6,cenemr,7,Central Services
RO6_cenemr_sfc,"Sales, Fees and Charges - Emergency planning",RO6,cenemr,7,Central Services
RO6_cenemr_oth_inc,Other income - Emergency planning,RO6,cenemr,7,Central Services
RO6_cenemr_tot_inc,Total income - Emergency planning,RO6,cenemr,7,Central Services
RO6_cenemr_net_cur_exp,NET current expenditure - Emergency planning,RO6,cenemr,7,Central Services
RO6_cencnt_lcl_lnd_chr_empl,Employees - Local land charges,RO6,cencnt,35,Central Services
RO6_cencnt_lcl_lnd_chr_run_exp,Running expenses - Local land charges,RO6,cencnt,35,Central Services
RO6_cencnt_lcl_lnd_chr_tot_exp,Total expenditure - Local land charges,RO6,cencnt,35,Central Services
RO6_cencnt_lcl_lnd_chr_sfc,"Sales, Fees and Charges - Local land charges",RO6,cencnt,35,Central Services
RO6_cencnt_lcl_lnd_chr_oth_inc,Other income - Local land charges,RO6,cencnt,35,Central Services
RO6_cencnt_lcl_lnd_chr_tot_inc,Total income - Local land charges,RO6,cencnt,35,Central Services
RO6_cencnt_lcl_lnd_chr_net_cur_exp,NET current expenditure - Local land charges,RO6,cencnt,35,Central Services
RO6_cencnt_lcl_wlf_empl,Employees - Local welfare assistance schemes,RO6,cencnt,35,Central Services
RO6_cencnt_lcl_wlf_run_exp,Running expenses - Local welfare assistance schemes,RO6,cencnt,35,Central Services
RO6_cencnt_lcl_wlf_tot_exp,Total expenditure - Local welfare assistance schemes,RO6,cencnt,35,Central Services
RO6_cencnt_lcl_wlf_sfc,"Sales, Fees and Charges - Local welfare assistance schemes",RO6,cencnt,35,Central Services
RO6_cencnt_lcl_wlf_oth_inc,Other income - Local welfare assistance schemes,RO6,cencnt,35,Central Services
RO6_cencnt_lcl_wlf_tot_inc,Total income - Local welfare assistance schemes,RO6,cencnt,35,Central Services
RO6_cencnt_lcl_wlf_net_cur_exp,NET current expenditure - Local welfare assistance schemes,RO6,cencnt,35,Central Services
RO6_cencnt_gnr_bqs_dnt_empl,"Employees - General grants, bequests and donations",RO6,cencnt,35,Central Services
RO6_cencnt_gnr_bqs_dnt_run_exp,"Running expenses - General grants, bequests and donations",RO6,cencnt,35,Central Services
RO6_cencnt_gnr_bqs_dnt_tot_exp,"Total expenditure - General grants, bequests and donations",RO6,cencnt,35,Central Services
RO6_cencnt_gnr_bqs_dnt_sfc,"Sales, Fees and Charges - General grants, bequests and donations",RO6,cencnt,35,Central Services
RO6_cencnt_gnr_bqs_dnt_oth_inc,"Other income - General grants, bequests and donations",RO6,cencnt,35,Central Services
RO6_cencnt_gnr_bqs_dnt_tot_inc,"Total income - General grants, bequests and donations",RO6,cencnt,35,Central Services
RO6_cencnt_gnr_bqs_dnt_net_cur_exp,"NET current expenditure - General grants, bequests and donations",RO6,cencnt,35,Central Services
RO6_cencrn_empl,Employees - Coroners' court services,RO6,cencrn,7,Central Services
RO6_cencrn_run_exp,Running expenses - Coroners' court services,RO6,cencrn,7,Central Services
RO6_cencrn_tot_exp,Total expenditure - Coroners' court services,RO6,cencrn,7,Central Services
RO6_cencrn_sfc,"Sales, Fees and Charges - Coroners' court services",RO6,cencrn,7,Central Services
RO6_cencrn_oth_inc,Other income - Coroners' court services,RO6,cencrn,7,Central Services
RO6_cencrn_tot_inc,Total income - Coroners' court services,RO6,cencrn,7,Central Services
RO6_cencrn_net_cur_exp,NET current expenditure - Coroners' court services,RO6,cencrn,7,Central Services
RO6_cencrtoth_empl,Employees - Other court services,RO6,cencrtoth,7,Central Services
RO6_cencrtoth_run_exp,Running expenses - Other court services,RO6,cencrtoth,7,Central Services
RO6_cencrtoth_tot_exp,Total expenditure - Other court services,RO6,cencrtoth,7,Central Services
RO6_cencrtoth_sfc,"Sales, Fees and Charges - Other court services",RO6,cencrtoth,7,Central Services
RO6_cencrtoth_oth_inc,Other income - Other court services,RO6,cencrtoth,7,Central Services
RO6_cencrtoth_tot_inc,Total income - Other court services,RO6,cencrtoth,7,Central Services
RO6_cencrtoth_net_cur_exp,NET current expenditure - Other court services,RO6,cencrtoth,7,Central Services
RO6_cenndcrtr_empl,Employees - Retirement benefits ,RO6,cenndcrtr,7,Central Services
RO6_cenndcrtr_run_exp,Running expenses - Retirement benefits ,RO6,cenndcrtr,7,Central Services
RO6_cenndcrtr_tot_exp,Total expenditure - Retirement benefits ,RO6,cenndcrtr,7,Central Services
RO6_cenndcrtr_sfc,"Sales, Fees and Charges - Retirement benefits ",RO6,cenndcrtr,7,Central Services
RO6_cenndcrtr_oth_inc,Other income - Retirement benefits ,RO6,cenndcrtr,7,Central Services
RO6_cenndcrtr_tot_inc,Total income - Retirement benefits ,RO6,cenndcrtr,7,Central Services
RO6_cenndcrtr_net_cur_exp,NET current expenditure - Retirement benefits ,RO6,cenndcrtr,7,Central Services
RO6_cenndcit_empl,Employees - Costs of unused shares of IT facilities and other assets,RO6,cenndcit,7,Central Services
RO6_cenndcit_run_exp,Running expenses - Costs of unused shares of IT facilities and other assets,RO6,cenndcit,7,Central Services
RO6_cenndcit_tot_exp,Total expenditure - Costs of unused shares of IT facilities and other assets,RO6,cenndcit,7,Central Services
RO6_cenndcit_sfc,"Sales, Fees and Charges - Costs of unused shares of IT facilities and other assets",RO6,cenndcit,7,Central Services
RO6_cenndcit_oth_inc,Other income - Costs of unused shares of IT facilities and other assets,RO6,cenndcit,7,Central Services
RO6_cenndcit_tot_inc,Total income - Costs of unused shares of IT facilities and other assets,RO6,cenndcit,7,Central Services
RO6_cenndcit_net_cur_exp,NET current expenditure - Costs of unused shares of IT facilities and other assets,RO6,cenndcit,7,Central Services
RO6_cenndcsrp_empl,Employees - Revenue expenditure on surplus assets,RO6,cenndcsrp,7,Central Services
RO6_cenndcsrp_run_exp,Running expenses - Revenue expenditure on surplus assets,RO6,cenndcsrp,7,Central Services
RO6_cenndcsrp_tot_exp,Total expenditure - Revenue expenditure on surplus assets,RO6,cenndcsrp,7,Central Services
RO6_cenndcsrp_sfc,"Sales, Fees and Charges - Revenue expenditure on surplus assets",RO6,cenndcsrp,7,Central Services
RO6_cenndcsrp_oth_inc,Other income - Revenue expenditure on surplus assets,RO6,cenndcsrp,7,Central Services
RO6_cenndcsrp_tot_inc,Total income - Revenue expenditure on surplus assets,RO6,cenndcsrp,7,Central Services
RO6_cenndcsrp_net_cur_exp,NET current expenditure - Revenue expenditure on surplus assets,RO6,cenndcsrp,7,Central Services
RO6_cennd_mng_spp_empl,Employees - MANAGEMENT AND SUPPORT SERVICES,RO6,cennd,12,Central Services
RO6_cennd_mng_spp_run_exp,Running expenses - MANAGEMENT AND SUPPORT SERVICES,RO6,cennd,12,Central Services
RO6_cennd_mng_spp_tot_exp,Total expenditure - MANAGEMENT AND SUPPORT SERVICES,RO6,cennd,12,Central Services
RO6_cennd_mng_spp_sfc,"Sales, Fees and Charges - MANAGEMENT AND SUPPORT SERVICES",RO6,cennd,12,Central Services
RO6_cennd_mng_spp_oth_inc,Other income - MANAGEMENT AND SUPPORT SERVICES,RO6,cennd,12,Central Services
RO6_cennd_mng_spp_tot_inc,Total income - MANAGEMENT AND SUPPORT SERVICES,RO6,cennd,12,Central Services
RO6_cennd_mng_spp_net_cur_exp,NET current expenditure - MANAGEMENT AND SUPPORT SERVICES,RO6,cennd,12,Central Services
RO6_centot_empl,Employees - TOTAL CENTRAL SERVICES,RO6,centot,7,Central Services
RO6_centot_run_exp,Running expenses - TOTAL CENTRAL SERVICES,RO6,centot,7,Central Services
RO6_centot_tot_exp,Total expenditure - TOTAL CENTRAL SERVICES,RO6,centot,7,Central Services
RO6_centot_sfc,"Sales, Fees and Charges - TOTAL CENTRAL SERVICES",RO6,centot,7,Central Services
RO6_centot_oth_inc,Other income - TOTAL CENTRAL SERVICES,RO6,centot,7,Central Services
RO6_centot_tot_inc,Total income - TOTAL CENTRAL SERVICES,RO6,centot,7,Central Services
RO6_centot_net_cur_exp,NET current expenditure - TOTAL CENTRAL SERVICES,RO6,centot,7,Central Services
RO6_cennd_rch_cen_oth_inc,Other income - Recharges within central services,RO6,cennd,12,Central Services
RO6_cennd_rch_gfra_oth_inc,Other income - Recharges to general fund revenue account (excluding central services),RO6,cennd,12,Central Services
RO6_cennd_rch_cen_gov_oth_inc,Other income - Recharges to central government,RO6,cennd,12,Central Services
RO6_cennd_rch_oth_acc_oth_inc,Other income - Recharges to other accounts,RO6,cennd,12,Central Services
RO6_cennd_oth_oth_inc,Other income - Other management and support services income (excluding recharges),RO6,cennd,12,Central Services
RO6_cenothtot_empl,Employees - TOTAL OTHER SERVICES,RO6,cenothtot,7,Central Services
RO6_cenothtot_run_exp,Running expenses - TOTAL OTHER SERVICES,RO6,cenothtot,7,Central Services
RO6_cenothtot_tot_exp,Total expenditure - TOTAL OTHER SERVICES,RO6,cenothtot,7,Central Services
RO6_cenothtot_sfc,"Sales, Fees and Charges - TOTAL OTHER SERVICES",RO6,cenothtot,7,Central Services
RO6_cenothtot_oth_inc,Other income - TOTAL OTHER SERVICES,RO6,cenothtot,7,Central Services
RO6_cenothtot_tot_inc,Total income - TOTAL OTHER SERVICES,RO6,cenothtot,7,Central Services
RO6_cenothtot_net_cur_exp,NET current expenditure - TOTAL OTHER SERVICES,RO6,cenothtot,7,Central Services
RO6_cenoth1_n_cenoth1_empl,Employees - RO6 - Other1,RO6,cenoth1,7,Central Services
RO6_cenoth1_n_cenoth1_net_cur_exp,NET current expenditure - RO6 - Other1,RO6,cenoth1,7,Central Services
RO6_cenoth1_n_cenoth1_oth_inc,Other income - RO6 - Other1,RO6,cenoth1,7,Central Services
RO6_cenoth1_n_cenoth1_run_exp,Running expenses - RO6 - Other1,RO6,cenoth1,7,Central Services
RO6_cenoth1_n_cenoth1_sfc,"Sales, Fees and Charges - RO6 - Other1",RO6,cenoth1,7,Central Services
RO6_cenoth1_n_cenoth1_tot_exp,Total expenditure - RO6 - Other1,RO6,cenoth1,7,Central Services
RO6_cenoth1_n_cenoth1_tot_inc,Total income - RO6 - Other1,RO6,cenoth1,7,Central Services
RO6_cenoth2_n_cenoth2_empl,Employees - RO6 - Other2,RO6,cenoth2,7,Central Services
RO6_cenoth2_n_cenoth2_net_cur_exp,NET current expenditure - RO6 - Other2,RO6,cenoth2,7,Central Services
RO6_cenoth2_n_cenoth2_oth_inc,Other income - RO6 - Other2,RO6,cenoth2,7,Central Services
RO6_cenoth2_n_cenoth2_run_exp,Running expenses - RO6 - Other2,RO6,cenoth2,7,Central Services
RO6_cenoth2_n_cenoth2_sfc,"Sales, Fees and Charges - RO6 - Other2",RO6,cenoth2,7,Central Services
RO6_cenoth2_n_cenoth2_tot_exp,Total expenditure - RO6 - Other2,RO6,cenoth2,7,Central Services
RO6_cenoth2_n_cenoth2_tot_inc,Total income - RO6 - Other2,RO6,cenoth2,7,Central Services
RO6_cenoth3_n_cenoth3_empl,Employees - RO6 - Other3,RO6,cenoth3,7,Central Services
RO6_cenoth3_n_cenoth3_net_cur_exp,NET current expenditure - RO6 - Other3,RO6,cenoth3,7,Central Services
RO6_cenoth3_n_cenoth3_oth_inc,Other income - RO6 - Other3,RO6,cenoth3,7,Central Services
RO6_cenoth3_n_cenoth3_run_exp,Running expenses - RO6 - Other3,RO6,cenoth3,7,Central Services
RO6_cenoth3_n_cenoth3_sfc,"Sales, Fees and Charges - RO6 - Other3",RO6,cenoth3,7,Central Services
RO6_cenoth3_n_cenoth3_tot_exp,Total expenditure - RO6 - Other3,RO6,cenoth3,7,Central Services
RO6_cenoth3_n_cenoth3_tot_inc,Total income - RO6 - Other3,RO6,cenoth3,7,Central Services
RO6_cenoth4_n_cenoth4_empl,Employees - RO6 - Other4,RO6,cenoth4,7,Central Services
RO6_cenoth4_n_cenoth4_net_cur_exp,NET current expenditure - RO6 - Other4,RO6,cenoth4,7,Central Services
RO6_cenoth4_n_cenoth4_oth_inc,Other income - RO6 - Other4,RO6,cenoth4,7,Central Services
RO6_cenoth4_n_cenoth4_run_exp,Running expenses - RO6 - Other4,RO6,cenoth4,7,Central Services
RO6_cenoth4_n_cenoth4_sfc,"Sales, Fees and Charges - RO6 - Other4",RO6,cenoth4,7,Central Services
RO6_cenoth4_n_cenoth4_tot_exp,Total expenditure - RO6 - Other4,RO6,cenoth4,7,Central Services
RO6_cenoth4_n_cenoth4_tot_inc,Total income - RO6 - Other4,RO6,cenoth4,7,Central Services
RO6_cenoth5_n_cenoth5_empl,Employees - RO6 - Other5,RO6,cenoth5,7,Central Services
RO6_cenoth5_n_cenoth5_net_cur_exp,NET current expenditure - RO6 - Other5,RO6,cenoth5,7,Central Services
RO6_cenoth5_n_cenoth5_oth_inc,Other income - RO6 - Other5,RO6,cenoth5,7,Central Services
RO6_cenoth5_n_cenoth5_run_exp,Running expenses - RO6 - Other5,RO6,cenoth5,7,Central Services
RO6_cenoth5_n_cenoth5_sfc,"Sales, Fees and Charges - RO6 - Other5",RO6,cenoth5,7,Central Services
RO6_cenoth5_n_cenoth5_tot_exp,Total expenditure - RO6 - Other5,RO6,cenoth5,7,Central Services
RO6_cenoth5_n_cenoth5_tot_inc,Total income - RO6 - Other5,RO6,cenoth5,7,Central Services
RO6_cenoth6_n_cenoth6_empl,Employees - RO6 - Other6,RO6,cenoth6,7,Central Services
RO6_cenoth6_n_cenoth6_net_cur_exp,NET current expenditure - RO6 - Other6,RO6,cenoth6,7,Central Services
RO6_cenoth6_n_cenoth6_oth_inc,Other income - RO6 - Other6,RO6,cenoth6,7,Central Services
RO6_cenoth6_n_cenoth6_run_exp,Running expenses - RO6 - Other6,RO6,cenoth6,7,Central Services
RO6_cenoth6_n_cenoth6_sfc,"Sales, Fees and Charges - RO6 - Other6",RO6,cenoth6,7,Central Services
RO6_cenoth6_n_cenoth6_tot_exp,Total expenditure - RO6 - Other6,RO6,cenoth6,7,Central Services
RO6_cenoth6_n_cenoth6_tot_inc,Total income - RO6 - Other6,RO6,cenoth6,7,Central Services
RO6_cenoth7_n_cenoth7_empl,Employees - RO6 - Other7,RO6,cenoth7,7,Central Services
RO6_cenoth7_n_cenoth7_net_cur_exp,NET current expenditure - RO6 - Other7,RO6,cenoth7,7,Central Services
RO6_cenoth7_n_cenoth7_oth_inc,Other income - RO6 - Other7,RO6,cenoth7,7,Central Services
RO6_cenoth7_n_cenoth7_run_exp,Running expenses - RO6 - Other7,RO6,cenoth7,7,Central Services
RO6_cenoth7_n_cenoth7_sfc,"Sales, Fees and Charges - RO6 - Other7",RO6,cenoth7,7,Central Services
RO6_cenoth7_n_cenoth7_tot_exp,Total expenditure - RO6 - Other7,RO6,cenoth7,7,Central Services
RO6_cenoth7_n_cenoth7_tot_inc,Total income - RO6 - Other7,RO6,cenoth7,7,Central Services
RO6_cenoth8_n_cenoth8_empl,Employees - RO6 - Other8,RO6,cenoth8,7,Central Services
RO6_cenoth8_n_cenoth8_net_cur_exp,NET current expenditure - RO6 - Other8,RO6,cenoth8,7,Central Services
RO6_cenoth8_n_cenoth8_oth_inc,Other income - RO6 - Other8,RO6,cenoth8,7,Central Services
RO6_cenoth8_n_cenoth8_run_exp,Running expenses - RO6 - Other8,RO6,cenoth8,7,Central Services
RO6_cenoth8_n_cenoth8_sfc,"Sales, Fees and Charges - RO6 - Other8",RO6,cenoth8,7,Central Services
RO6_cenoth8_n_cenoth8_tot_exp,Total expenditure - RO6 - Other8,RO6,cenoth8,7,Central Services
RO6_cenoth8_n_cenoth8_tot_inc,Total income - RO6 - Other8,RO6,cenoth8,7,Central Services
RO6_cenoth9_n_cenoth9_empl,Employees - RO6 - Other9,RO6,cenoth9,7,Central Services
RO6_cenoth9_n_cenoth9_net_cur_exp,NET current expenditure - RO6 - Other9,RO6,cenoth9,7,Central Services
RO6_cenoth9_n_cenoth9_oth_inc,Other income - RO6 - Other9,RO6,cenoth9,7,Central Services
RO6_cenoth9_n_cenoth9_run_exp,Running expenses - RO6 - Other9,RO6,cenoth9,7,Central Services
RO6_cenoth9_n_cenoth9_sfc,"Sales, Fees and Charges - RO6 - Other9",RO6,cenoth9,7,Central Services
RO6_cenoth9_n_cenoth9_tot_exp,Total expenditure - RO6 - Other9,RO6,cenoth9,7,Central Services
RO6_cenoth9_n_cenoth9_tot_inc,Total income - RO6 - Other9,RO6,cenoth9,7,Central Services
RO6_cenoth10_n_cenoth10_empl,Employees - RO6 - Other10,RO6,cenoth10,7,Central Services
RO6_cenoth10_n_cenoth10_net_cur_exp,NET current expenditure - RO6 - Other10,RO6,cenoth10,7,Central Services
RO6_cenoth10_n_cenoth10_oth_inc,Other income - RO6 - Other10,RO6,cenoth10,7,Central Services
RO6_cenoth10_n_cenoth10_run_exp,Running expenses - RO6 - Other10,RO6,cenoth10,7,Central Services
RO6_cenoth10_n_cenoth10_sfc,"Sales, Fees and Charges - RO6 - Other10",RO6,cenoth10,7,Central Services
RO6_cenoth10_n_cenoth10_tot_exp,Total expenditure - RO6 - Other10,RO6,cenoth10,7,Central Services
RO6_cenoth10_n_cenoth10_tot_inc,Total income - RO6 - Other10,RO6,cenoth10,7,Central Services
RO6_cenoth11_n_cenoth11_empl,Employees - RO6 - Other11,RO6,cenoth11,7,Central Services
RO6_cenoth11_n_cenoth11_net_cur_exp,NET current expenditure - RO6 - Other11,RO6,cenoth11,7,Central Services
RO6_cenoth11_n_cenoth11_oth_inc,Other income - RO6 - Other11,RO6,cenoth11,7,Central Services
RO6_cenoth11_n_cenoth11_run_exp,Running expenses - RO6 - Other11,RO6,cenoth11,7,Central Services
RO6_cenoth11_n_cenoth11_sfc,"Sales, Fees and Charges - RO6 - Other11",RO6,cenoth11,7,Central Services
RO6_cenoth11_n_cenoth11_tot_exp,Total expenditure - RO6 - Other11,RO6,cenoth11,7,Central Services
RO6_cenoth11_n_cenoth11_tot_inc,Total income - RO6 - Other11,RO6,cenoth11,7,Central Services
RO6_cenoth12_n_cenoth12_empl,Employees - RO6 - Other12,RO6,cenoth12,7,Central Services
RO6_cenoth12_n_cenoth12_net_cur_exp,NET current expenditure - RO6 - Other12,RO6,cenoth12,7,Central Services
RO6_cenoth12_n_cenoth12_oth_inc,Other income - RO6 - Other12,RO6,cenoth12,7,Central Services
RO6_cenoth12_n_cenoth12_run_exp,Running expenses - RO6 - Other12,RO6,cenoth12,7,Central Services
RO6_cenoth12_n_cenoth12_sfc,"Sales, Fees and Charges - RO6 - Other12",RO6,cenoth12,7,Central Services
RO6_cenoth12_n_cenoth12_tot_exp,Total expenditure - RO6 - Other12,RO6,cenoth12,7,Central Services
RO6_cenoth12_n_cenoth12_tot_inc,Total income - RO6 - Other12,RO6,cenoth12,7,Central Services
RO6_cenoth13_n_cenoth13_empl,Employees - RO6 - Other13,RO6,cenoth13,7,Central Services
RO6_cenoth13_n_cenoth13_net_cur_exp,NET current expenditure - RO6 - Other13,RO6,cenoth13,7,Central Services
RO6_cenoth13_n_cenoth13_oth_inc,Other income - RO6 - Other13,RO6,cenoth13,7,Central Services
RO6_cenoth13_n_cenoth13_run_exp,Running expenses - RO6 - Other13,RO6,cenoth13,7,Central Services
RO6_cenoth13_n_cenoth13_sfc,"Sales, Fees and Charges - RO6 - Other13",RO6,cenoth13,7,Central Services
RO6_cenoth13_n_cenoth13_tot_exp,Total expenditure - RO6 - Other13,RO6,cenoth13,7,Central Services
RO6_cenoth13_n_cenoth13_tot_inc,Total income - RO6 - Other13,RO6,cenoth13,7,Central Services
RO6_cenoth14_n_cenoth14_empl,Employees - RO6 - Other14,RO6,cenoth14,7,Central Services
RO6_cenoth14_n_cenoth14_net_cur_exp,NET current expenditure - RO6 - Other14,RO6,cenoth14,7,Central Services
RO6_cenoth14_n_cenoth14_oth_inc,Other income - RO6 - Other14,RO6,cenoth14,7,Central Services
RO6_cenoth14_n_cenoth14_run_exp,Running expenses - RO6 - Other14,RO6,cenoth14,7,Central Services
RO6_cenoth14_n_cenoth14_sfc,"Sales, Fees and Charges - RO6 - Other14",RO6,cenoth14,7,Central Services
RO6_cenoth14_n_cenoth14_tot_exp,Total expenditure - RO6 - Other14,RO6,cenoth14,7,Central Services
RO6_cenoth14_n_cenoth14_tot_inc,Total income - RO6 - Other14,RO6,cenoth14,7,Central Services
RO6_cenoth15_n_cenoth15_empl,Employees - RO6 - Other15,RO6,cenoth15,7,Central Services
RO6_cenoth15_n_cenoth15_net_cur_exp,NET current expenditure - RO6 - Other15,RO6,cenoth15,7,Central Services
RO6_cenoth15_n_cenoth15_oth_inc,Other income - RO6 - Other15,RO6,cenoth15,7,Central Services
RO6_cenoth15_n_cenoth15_run_exp,Running expenses - RO6 - Other15,RO6,cenoth15,7,Central Services
RO6_cenoth15_n_cenoth15_sfc,"Sales, Fees and Charges - RO6 - Other15",RO6,cenoth15,7,Central Services
RO6_cenoth15_n_cenoth15_tot_exp,Total expenditure - RO6 - Other15,RO6,cenoth15,7,Central Services
RO6_cenoth15_n_cenoth15_tot_inc,Total income - RO6 - Other15,RO6,cenoth15,7,Central Services
RO6_cenoth16_n_cenoth16_empl,Employees - RO6 - Other16,RO6,cenoth16,7,Central Services
RO6_cenoth16_n_cenoth16_net_cur_exp,NET current expenditure - RO6 - Other16,RO6,cenoth16,7,Central Services
RO6_cenoth16_n_cenoth16_oth_inc,Other income - RO6 - Other16,RO6,cenoth16,7,Central Services
RO6_cenoth16_n_cenoth16_run_exp,Running expenses - RO6 - Other16,RO6,cenoth16,7,Central Services
RO6_cenoth16_n_cenoth16_sfc,"Sales, Fees and Charges - RO6 - Other16",RO6,cenoth16,7,Central Services
RO6_cenoth16_n_cenoth16_tot_exp,Total expenditure - RO6 - Other16,RO6,cenoth16,7,Central Services
RO6_cenoth16_n_cenoth16_tot_inc,Total income - RO6 - Other16,RO6,cenoth16,7,Central Services
RO6_cenoth17_n_cenoth17_empl,Employees - RO6 - Other17,RO6,cenoth17,7,Central Services
RO6_cenoth17_n_cenoth17_net_cur_exp,NET current expenditure - RO6 - Other17,RO6,cenoth17,7,Central Services
RO6_cenoth17_n_cenoth17_oth_inc,Other income - RO6 - Other17,RO6,cenoth17,7,Central Services
RO6_cenoth17_n_cenoth17_run_exp,Running expenses - RO6 - Other17,RO6,cenoth17,7,Central Services
RO6_cenoth17_n_cenoth17_sfc,"Sales, Fees and Charges - RO6 - Other17",RO6,cenoth17,7,Central Services
RO6_cenoth17_n_cenoth17_tot_exp,Total expenditure - RO6 - Other17,RO6,cenoth17,7,Central Services
RO6_cenoth17_n_cenoth17_tot_inc,Total income - RO6 - Other17,RO6,cenoth17,7,Central Services
RO6_cenoth18_n_cenoth18_empl,Employees - RO6 - Other18,RO6,cenoth18,7,Central Services
RO6_cenoth18_n_cenoth18_net_cur_exp,NET current expenditure - RO6 - Other18,RO6,cenoth18,7,Central Services
RO6_cenoth18_n_cenoth18_oth_inc,Other income - RO6 - Other18,RO6,cenoth18,7,Central Services
RO6_cenoth18_n_cenoth18_run_exp,Running expenses - RO6 - Other18,RO6,cenoth18,7,Central Services
RO6_cenoth18_n_cenoth18_sfc,"Sales, Fees and Charges - RO6 - Other18",RO6,cenoth18,7,Central Services
RO6_cenoth18_n_cenoth18_tot_exp,Total expenditure - RO6 - Other18,RO6,cenoth18,7,Central Services
RO6_cenoth18_n_cenoth18_tot_inc,Total income - RO6 - Other18,RO6,cenoth18,7,Central Services
RO6_cenoth19_n_cenoth19_empl,Employees - RO6 - Other19,RO6,cenoth19,7,Central Services
RO6_cenoth19_n_cenoth19_net_cur_exp,NET current expenditure - RO6 - Other19,RO6,cenoth19,7,Central Services
RO6_cenoth19_n_cenoth19_oth_inc,Other income - RO6 - Other19,RO6,cenoth19,7,Central Services
RO6_cenoth19_n_cenoth19_run_exp,Running expenses - RO6 - Other19,RO6,cenoth19,7,Central Services
RO6_cenoth19_n_cenoth19_sfc,"Sales, Fees and Charges - RO6 - Other19",RO6,cenoth19,7,Central Services
RO6_cenoth19_n_cenoth19_tot_exp,Total expenditure - RO6 - Other19,RO6,cenoth19,7,Central Services
RO6_cenoth19_n_cenoth19_tot_inc,Total income - RO6 - Other19,RO6,cenoth19,7,Central Services
RO6_cenoth20_n_cenoth20_empl,Employees - RO6 - Other20,RO6,cenoth20,7,Central Services
RO6_cenoth20_n_cenoth20_net_cur_exp,NET current expenditure - RO6 - Other20,RO6,cenoth20,7,Central Services
RO6_cenoth20_n_cenoth20_oth_inc,Other income - RO6 - Other20,RO6,cenoth20,7,Central Services
RO6_cenoth20_n_cenoth20_run_exp,Running expenses - RO6 - Other20,RO6,cenoth20,7,Central Services
RO6_cenoth20_n_cenoth20_sfc,"Sales, Fees and Charges - RO6 - Other20",RO6,cenoth20,7,Central Services
RO6_cenoth20_n_cenoth20_tot_exp,Total expenditure - RO6 - Other20,RO6,cenoth20,7,Central Services
RO6_cenoth20_n_cenoth20_tot_inc,Total income - RO6 - Other20,RO6,cenoth20,7,Central Services
RO6_cenppe_empl,Employees - Other Personal Protective Equipment expenditure,RO6,cenppe,7,Central Services
RO6_cenppe_run_exp,Running expenses - Other Personal Protective Equipment expenditure,RO6,cenppe,7,Central Services
RO6_cenppe_tot_exp,Total expenditure - Other Personal Protective Equipment expenditure,RO6,cenppe,7,Central Services
RO6_cenppe_sfc,"Sales, Fees and Charges - Other Personal Protective Equipment expenditure",RO6,cenppe,7,Central Services
RO6_cenppe_oth_inc,Other income - Other Personal Protective Equipment expenditure,RO6,cenppe,7,Central Services
RO6_cenppe_tot_inc,Total income - Other Personal Protective Equipment expenditure,RO6,cenppe,7,Central Services
RO6_cenppe_net_cur_exp,NET current expenditure - Other Personal Protective Equipment expenditure,RO6,cenppe,7,Central Services
RO6_cenppetot_empl,Employees - Total personal protective equipment expenditure,RO6,cenppetot,7,Central Services
RO6_cenppetot_run_exp,Running expenses - Total personal protective equipment expenditure,RO6,cenppetot,7,Central Services
RO6_cenppetot_tot_exp,Total expenditure - Total personal protective equipment expenditure,RO6,cenppetot,7,Central Services
RO6_cenppetot_sfc,"Sales, Fees and Charges - Total personal protective equipment expenditure",RO6,cenppetot,7,Central Services
RO6_cenppetot_oth_inc,Other income - Total personal protective equipment expenditure,RO6,cenppetot,7,Central Services
RO6_cenppetot_tot_inc,Total income - Total personal protective equipment expenditure,RO6,cenppetot,7,Central Services
RO6_cenppetot_net_cur_exp,NET current expenditure - Total personal protective equipment expenditure,RO6,cenppetot,7,Central Services
RO6_polsvmem_run_exp,Police services - memorandum item 'of which agency staff costs',RO6,polsvmem,1,Police
RO6_frssvmem_run_exp,Fire and rescue services - memorandum item 'of which agency staff costs',RO6,frssvmem,1,Fire & Rescue
RO6_censvmem_run_exp,Central services - memorandum item 'of which agency staff costs',RO6,censvmem,1,Central Services
RO6_cenothsvmem_run_exp,Total other services - memorandum item 'of which agency staff costs',RO6,cenothsvmem,1,Central Services
RS_invprpin_attrint_net_exp,Memorandum section on investment properties - Interest costs within LA boundary,RS,invprpin,5,Investment Properties
RS_invprpin_attrmrp_net_exp,Memorandum section on investment properties - Minimum revenue within LA boundary,RS,invprpin,5,Investment Properties
RS_invprpin_net_exp,Memorandum section on investment properties - Direct costs within LA boundary,RS,invprpin,5,Investment Properties
RS_invprpin_netinc_net_exp,Memorandum section on investment properties - Net income within LA boundary,RS,invprpin,5,Investment Properties
RS_invprpin_totcost_net_exp,Memorandum section on investment properties - Total costs within LA boundary,RS,invprpin,5,Investment Properties
RS_linvprpin_inc_net_exp,Memorandum section on investment properties - Income within LA boundary,RS,linvprpin,1,Other / Unmapped
RS_invprpout1_attrint_net_exp,Memorandum section on investment properties - Interest costs outside boundary,RS,invprpout1,6,Investment Properties
RS_invprpout1_attrmrp_net_exp,Memorandum section on investment properties - Minimum revenue outside boundary,RS,invprpout1,6,Investment Properties
RS_invprpout1_inc_net_exp,Memorandum section on investment properties - Income outside boundary,RS,invprpout1,6,Investment Properties
RS_invprpout1_net_exp,Memorandum section on investment properties - Direct costs outside boundary,RS,invprpout1,6,Investment Properties
RS_invprpout1_netinc_net_exp,Memorandum section on investment properties - Net income outside boundary,RS,invprpout1,6,Investment Properties
RS_invprpout1_totcost_net_exp,Memorandum section on investment properties - Total costs outside boundary,RS,invprpout1,6,Investment Properties
RS_invprpout2_attrint_net_exp,Memorandum section on investment properties - Interest costs outside LEP area,RS,invprpout2,6,Investment Properties
RS_invprpout2_attrmrp_net_exp,Memorandum section on investment properties - Minimum revenue outside LEP area,RS,invprpout2,6,Investment Properties
RS_invprpout2_inc_net_exp,Memorandum section on investment properties - Income outside LEP area,RS,invprpout2,6,Investment Properties
RS_invprpout2_net_exp,Memorandum section on investment properties - Direct costs outside LEP area,RS,invprpout2,6,Investment Properties
RS_invprpout2_netinc_net_exp,Memorandum section on investment properties - Net income outside LEP area,RS,invprpout2,6,Investment Properties
RS_invprpout2_totcost_net_exp,Memorandum section on investment properties - Total costs outside LEP area,RS,invprpout2,6,Investment Properties
RS_invprp_attrint_net_exp,Memorandum section on investment properties - Interest costs investment properties,RS,invprp,6,Investment Properties
RS_invprp_attrmrp_net_exp,Memorandum section on investment properties - Minimum revenue investment properties,RS,invprp,6,Investment Properties
RS_invprp_inc_net_exp,Memorandum section on investment properties - Income investment properties,RS,invprp,6,Investment Properties
RS_invprp_net_exp,Memorandum section on investment properties - Direct costs investment properties,RS,invprp,6,Investment Properties
RS_invprp_netinc_net_exp,Memorandum section on investment properties - Net income investment properties,RS,invprp,6,Investment Properties
RS_invprp_totcost_net_exp,Memorandum section on investment properties - Total costs investment properties,RS,invprp,6,Investment Properties
RS_edu_net_exp,NET current expenditure - Education services,RS,edu,9,Education
RS_trans_net_exp,NET current expenditure - Highways and transport services,RS,trans,8,Transport
RS_csc_net_exp,NET current expenditure - Children Social Care,RS,csc,8,Children’s Social Care
RS_asc_net_exp,NET current expenditure - Adult Social Care,RS,asc,8,Adult Social Care
RS_phs_net_exp,NET current expenditure - Public Health,RS,phs,8,Public Health
RS_hous_net_exp,NET current expenditure - Housing services (GFRA only),RS,hous,8,Housing
RS_cul_net_exp,NET current expenditure - Cultural and related services,RS,cul,8,Culture
RS_env_net_exp,NET current expenditure - Environmental and regulatory services,RS,env,8,Environment
RS_plan_net_exp,NET current expenditure - Planning and development services,RS,plan,8,Planning & Development
RS_pol_net_exp,NET current expenditure - Police services,RS,pol,8,Police
RS_frs_net_exp,NET current expenditure - Fire and rescue services,RS,frs,29,Fire & Rescue
RS_cen_net_exp,NET current expenditure - Central services,RS,cen,8,Central Services
RS_oth_net_exp,NET current expenditure - Other services,RS,oth,8,Other / Unmapped
RS_totsx_net_exp,NET current expenditure - TOTAL SERVICE EXPENDITURE (TOTAL OF LINES 190 TO 698),RS,totsx,8,Total Service Expenditure
RS_dsbbss_net_exp,NET current expenditure - Disbursements to businesses,RS,dsbbss,1,Disbursements
RS_hbrent_net_exp,NET current expenditure - Housing benefits: rent allowances - mandatory payments,RS,hbrent,1,Housing Benefits
RS_hbnreb_net_exp,NET current expenditure - Housing benefits: non-HRA rent rebates - mandatory payments,RS,hbnreb,1,Housing Benefits
RS_hbhreb_net_exp,NET current expenditure - Housing benefits: rent rebates to HRA tenants - mandatory payments,RS,hbhreb,1,Housing Benefits
RS_hbsubl_net_exp,NET current expenditure - Housing benefits: subsidy limitation transfers from HRA,RS,hbsubl,1,Housing Benefits
RS_hbhrashare_net_exp,NET current expenditure - Contribution to the HRA re items shared by the whole community,RS,hbhrashare,1,Housing Benefits
RS_parishaggprecept_net_exp,NET current expenditure - Parish precepts ,RS,parishaggprecept,1,Other / Unmapped
RS_levyita_net_exp,"NET current expenditure - Integrated Transport Authority levy (- for authorities for which this is an income, + for others)",RS,levyita,1,Levies
RS_levywaste_net_exp,"NET current expenditure - Waste Disposal Authority levy (- for authorities for which this is an income, + for others)",RS,levywaste,1,Levies
RS_levylonpen_net_exp,NET current expenditure - London Pensions Fund Authority levy ,RS,levylonpen,1,Levies
RS_levyother_net_exp,NET current expenditure - Other levies,RS,levyother,1,Levies
RS_tradaccext_net_exp,NET current expenditure - External Trading Accounts net surplus(-)/ deficit(+),RS,tradaccext,58,Trading
RS_tradaccint_net_exp,NET current expenditure - Internal Trading Accounts net surplus(-)/ deficit(+),RS,tradaccint,65,Trading
RS_tradcapext_net_exp,NET current expenditure - Capital items accounted for in External Trading Accounts,RS,tradcapext,2,Trading
RS_tradcapint_net_exp,NET current expenditure - Capital items accounted for in Internal Trading Accounts,RS,tradcapint,1,Trading
RS_accumul_net_exp,NET current expenditure - Appropriations to(+) / from(-) Accumulated Absences Account,RS,accumul,1,Other / Unmapped
RS_adjnce_net_exp,NET current expenditure - Adjustments to net current expenditure,RS,adjnce,1,Adjustments
RS_netcurrtot_net_exp,NET current expenditure - NET CURRENT EXPENDITURE (TOTAL OF LINES 699 TO 748),RS,netcurrtot,1,Net Current Expenditure
RS_levyflood_net_exp,NET current expenditure - Levy: Environment Agency flood defence: payments(+) receipts(-),RS,levyflood,1,Levies
RS_cera_net_exp,NET current expenditure - Capital expenditure charged to the GF Revenue Account (CERA) (exclude Public Health),RS,cera,1,Collection Fund Adjustments
RS_ceraph_net_exp,NET current expenditure - Capital expenditure charged to the GF Revenue Account (CERA) - Public Health,RS,ceraph,1,Collection Fund Adjustments
RS_caprecflex_net_exp,NET current expenditure - Capital receipts used to finance revenue expenditure under receipts flexibility,RS,caprecflex,1,Capital
RS_adjexpcap_net_exp,NET current expenditure - Netting off expenditure capitalised by a direction under Section 16(2)b),RS,adjexpcap,1,Adjustments
RS_provbad_net_exp,NET current expenditure - Provision for bad debts (+/-),RS,provbad,1,Provisions
RS_provprin_net_exp,NET current expenditure - Provision for repayment of principal,RS,provprin,1,Provisions
RS_leasing_net_exp,NET current expenditure - Leasing payments,RS,leasing,1,Other / Unmapped
RS_intextpay_net_exp,NET current expenditure - Interest payable and similar charges,RS,intextpay,1,Interest
RS_inthrapay_net_exp,NET current expenditure - Interest: HRA item 8 payments (+) and receipts (-),RS,inthrapay,1,Interest
RS_sub_tot_net_exp,NET current expenditure - SUB-TOTAL (total of lines 749 to 783),RS,sub,1,Subsidies
RS_intinvinc_net_exp,NET current expenditure - Interest and investment income (-): external receipts and dividends,RS,intinvinc,1,Interest
RS_pfidiff_net_exp,NET current expenditure - Private Finance Initiative (PFI) schemes - difference from service charge,RS,pfidiff,1,Other / Unmapped
RS_appfinadj_net_exp,NET current expenditure - Appropriations to(+) / from(-) financial instruments adjustment account,RS,appfinadj,1,Appropriations
RS_appunequal_net_exp,NET current expenditure - Appropriations to(+) / from(-) unequal pay back pay account,RS,appunequal,1,Appropriations
RS_grantoutaef_net_exp,NET current expenditure - Specific and special revenue grants outside AEF,RS,grantoutaef,1,Grants
RS_brsupp_net_exp,NET current expenditure - Business Rates Supplement,RS,brsupp,1,Business Rates Support
RS_levycil_net_exp,NET current expenditure - Community Infrastructure Levy (CIL) (income) (-),RS,levycil,1,Levies
RS_crcexp_net_exp,NET current expenditure - Carbon Reduction Commitment transactions (expenditure) (+),RS,crcexp,1,Other / Unmapped
RS_crcinc_net_exp,NET current expenditure - Carbon Reduction Commitment transactions (income) (-),RS,crcinc,1,Other / Unmapped
RS_appdsgadj_net_exp,NET current expenditure - Appropriations to(+)/from(-) dedicated schools grant adjustment account,RS,appdsgadj,1,Appropriations
RS_revenuetot_net_exp,NET current expenditure - REVENUE EXPENDITURE (TOTAL OF LINES 785 TO 796),RS,revenuetot,1,Other / Unmapped
RS_grantlss_net_exp,Financing - Local Services Support Grant (LSSG),RS,grantlss,1,Grants
RS_grantinaef_net_exp,Financing - Specific and special revenue grants inside AEF,RS,grantinaef,1,Grants
RS_netrevexp_net_exp,NET current expenditure - NET REVENUE EXPENDITURE (TOTAL OF LINES 800 TO 804),RS,netrevexp,1,Net Revenue Expenditure
RS_trnsreorg_net_exp,Financing - Inter-authority transfers in respect of reorganisation,RS,trnsreorg,1,Other / Unmapped
RS_appressch_net_exp,Financing - Appropriations to(+) / from(-) schools' reserves,RS,appressch,1,Appropriations
RS_appresdsg_net_exp,Financing - Appropriations to(+) / from(-) dedicated schools grant reserves,RS,appresdsg,1,Appropriations
RS_appresph_net_exp,Financing - Appropriations to(+) / from(-) public health financial reserves,RS,appresph,1,Appropriations
RS_appresoth_net_exp,Financing - Appropriations to(+) / from(-) other earmarked financial reserves,RS,appresoth,1,Appropriations
RS_appresunall_net_exp,Financing - Appropriations to(+) / from(-) unallocated financial reserves,RS,appresunall,1,Appropriations
RS_inctma_net_exp,Income from Treasury Management activities,RS,inctma,1,Income
RS_incnontma_net_exp,"Income from Non-Treasury management activities, of which",RS,incnontma,1,Income
RS_invprop_net_exp,Income from Non Treasury Management activities - investment properties,RS,invprop,1,Other / Unmapped
RS_dvdsubs_net_exp,Income from Non Treasury Management activities - dividends from subsidiaries,RS,dvdsubs,1,Other / Unmapped
RS_dvdequ_net_exp,Income from Non Treasury Management activities - dividends from equity other than subsidiaries,RS,dvdequ,1,Other / Unmapped
RS_incjntvns_net_exp,Income from Non Treasury Management activities - income from joint ventures,RS,incjntvns,1,Income
RS_intcaplns_net_exp,Income from Non Treasury Management activities - income from capital loans,RS,intcaplns,1,Interest
RS_intrevlns_net_exp,Income from Non Treasury Management activities - interest from revenue loans,RS,intrevlns,1,Interest
RS_incbnds_net_exp,Income from Non Treasury Management activities - income from bonds,RS,incbnds,1,Income
RS_incntmaoth_net_exp,Income from Non Treasury Management activities - other,RS,incntmaoth,1,Income
RS_grantrsg_net_exp,Financing - Revenue Support Grant (-),RS,grantrsg,1,Grants
RS_grantincvd19_net_exp,Financing - COVID-19 2020/21 emergency unringfenced funding (Tranches 1-4),RS,grantincvd19,1,Grants
RS_sfc_net_exp,"Financing - Sales, Fees and Charges Compensation Scheme",RS,sfc,1,Schools Funding
RS_txincgnt_net_exp,Financing - Tax income guarantee,RS,txincgnt,1,Other / Unmapped
RS_grantpol_net_exp,Financing - Police grant (-),RS,grantpol,1,Grants
RS_retainnndr_net_exp,Financing - Retained income from Rate Retention Scheme (-),RS,retainnndr,1,Other / Unmapped
RS_erlbrr_net_exp,Financing - Brought forward s.31 grants for 2020-21 business rates relief. 27/3/2020 (-),RS,erlbrr,1,Other / Unmapped
RS_cv19brr_net_exp,Financing - COVID-19 Business Rates Reliefs,RS,cv19brr,1,COVID-19
RS_cthrdsh_net_exp,Financing - Council Tax Hardship Fund,RS,cthrdsh,1,Other / Unmapped
RS_lclctxsupp_net_exp,Financing - Local council tax support grant 2021-22,RS,lclctxsupp,1,Other / Unmapped
RS_colfunct_net_exp,Financing - Collection fund surplus(-)/deficits(+) for council tax,RS,colfunct,1,Other / Unmapped
RS_othinc_net_exp,Financing - Other Items,RS,othinc,1,Other / Unmapped
RS_ctrtot_net_exp,Financing - COUNCIL TAX REQUIREMENT (TOTAL OF LINES 805 TO 885),RS,ctrtot,1,Other / Unmapped
RS_ressch_start_cy,Schools reserves level - start,RS,ressch,4,Reserves
RS_ressch_end_cy,Schools reserves level - end,RS,ressch,4,Reserves
RS_ressch_start_1718,Financial Reserves Levels - Schools reserves level,RS,ressch,4,Reserves
RS_ressch_end_1718,Financial Reserves Levels - Schools reserves level,RS,ressch,4,Reserves
RS_resdsgadj_start_cy,Dedicated Schools Grant Adjustment Account level - start,RS,resdsgadj,2,Reserves
RS_resdsgadj_end_cy,Dedicated Schools Grant Adjustment Account level - end,RS,resdsgadj,2,Reserves
RS_resdsg_start_cy,Dedicated Schools Grant reserves level - start,RS,resdsg,4,Reserves
RS_resdsg_end_cy,Dedicated Schools Grant reserves level - end,RS,resdsg,4,Reserves
RS_resdsg_start_1718,Financial Reserves Levels - Dedicated Schools Grant reserves level,RS,resdsg,4,Reserves
RS_resdsg_end_1718,Financial Reserves Levels - Dedicated Schools Grant reserves level,RS,resdsg,4,Reserves
RS_resph_start_cy,Public Health financial reserves level - start,RS,resph,4,Reserves
RS_resph_end_cy,Public Health financial reserves level - end,RS,resph,4,Reserves
RS_resph_start_1718,Financial Reserves Levels - Public Health financial reserves level,RS,resph,4,Reserves
RS_resph_end_1718,Financial Reserves Levels - Public Health financial reserves level,RS,resph,4,Reserves
RS_resoth_start_cy,Other earmarked financial reserves level - start,RS,resoth,6,Reserves
RS_resoth_end_cy,Other earmarked financial reserves level - end,RS,resoth,6,Reserves
RS_resoth_start_1718,Financial Reserves Levels - Other earmarked financial reserves level,RS,resoth,6,Reserves
RS_resoth_end_1718,Financial Reserves Levels - Other earmarked financial reserves level,RS,resoth,6,Reserves
RS_resoth_adj_end_cy,(adjusted) Other earmarked financial reserves level - end,RS,resoth,6,Reserves
RS_resoth_adj_start_cy,(adjusted) Other earmarked financial reserves level - start,RS,resoth,6,Reserves
RS_resunall_start_cy,Unallocated financial reserves level - start,RS,resunall,4,Reserves
RS_resunall_end_cy,Unallocated financial reserves level - end,RS,resunall,4,Reserves
RS_resunall_start_1718,Financial Reserves Levels - Unallocated financial reserves level,RS,resunall,4,Reserves
RS_resunall_end_1718,Financial Reserves Levels - Unallocated financial reserves level,RS,resunall,4,Reserves
RS_pyadj_start_cy,Prior Year Adjustments - start,RS,pyadj,1,Prior Year Adjustments
RS_resothcov_start_cy,COVID general funding grant tranche 1 (March 2020) carried forward - start,RS,resothcov,2,Reserves
RS_resothcov_end_cy,COVID general funding grant tranche 1 (March 2020) carried forward - end,RS,resothcov,2,Reserves
RS_resothbusgr_start_cy,Section 31 business rates grants paid in March 2020 carried forward - start,RS,resothbusgr,2,Reserves
RS_resothbusgr_end_cy,Section 31 business rates grants paid in March 2020 carried forward - end,RS,resothbusgr,2,Reserves
RS_resothbusrlfgr_start_cy,Relating to section 31 business rates relief grants - start,RS,resothbusrlfgr,2,Reserves
RS_resothbusrlfgr_end_cy,Relating to section 31 business rates relief grants - end,RS,resothbusrlfgr,2,Reserves
RS_resothoth1_start_cy,Other Exceptional sub-components of Other earmarked reserves 1 - start,RS,resothoth1,2,Reserves
RS_resothoth1_end_cy,Other Exceptional sub-components of Other earmarked reserves 1 - end,RS,resothoth1,2,Reserves
RS_resothoth2_start_cy,Other Exceptional sub-components of Other earmarked reserves 2 - start,RS,resothoth2,2,Reserves
RS_resothoth2_end_cy,Other Exceptional sub-components of Other earmarked reserves 2 - end,RS,resothoth2,2,Reserves
RS_capdep_net_exp,Capital Items - Depreciation,RS,capdep,3,Capital
RS_caploss_net_exp,Capital Items - Loss on impairment of assets,RS,caploss,3,Capital
RS_capreval_net_exp,Capital Items - Revaluations taken to surplus or deficit on the provision of services,RS,capreval,3,Capital
RS_capgrant_net_exp,Capital Items - Credit for capital grants,RS,capgrant,3,Capital
RS_caprecs_net_exp,Capital Items - Revenue Expenditure funded from Capital by Statute (RECS),RS,caprecs,3,Capital
RS_captot_net_exp,Capital Items - Total Capital items (TOTAL OF LINES 931 TO 936),RS,captot,3,Capital
RS_equal_sch_net_exp,One off equal pay costs  - falling on the schools budget,RS,equal,2,Equal Pay
RS_equal_oth_net_exp,One off equal pay costs - chargeable to any other revenue account,RS,equal,2,Equal Pay
RS_caplosslnsbs_net_exp,Capital items - Loss on impairment of loans to subsidiaries,RS,caplosslnsbs,1,Capital
RS_caplosslnsoth_net_exp,Capital items - Loss on impairment of loans to other parties (exc. Subsidiaries),RS,caplosslnsoth,1,Capital
RS_capgninvprp_net_exp,Capital items - Gain/loss on fair value movements in investment properties,RS,capgninvprp,1,Capital
RS_capgneqsbsjv_net_exp,"Capital items - Gain/loss on fair value movements on equity in subsidiaries, associates and joint ventures",RS,capgneqsbsjv,1,Capital
RS_capgnothinv_net_exp,Capital items - Gain/loss on fair value movements in other investment assets,RS,capgnothinv,1,Capital
RS_capgnfinderv_net_exp,Capital items - Gain/loss on financial derivatives,RS,capgnfinderv,1,Capital
RS_ro_suite_confirm,Confirmation column indicating the RO suite of forms are completed on non-IAS19 and PFI Off-Balance Sheet basis. ,RS,ro,1,Other / Unmapped
RS_servicetot_nonias_net_exp,NET current expenditure - Total service expenditure on non-IAS19 and PFI On Balance Sheet basis,RS,servicetot,1,Other / Unmapped
RS_hrainctot_net_tot_cst,Total Housing Revenue Account (HRA) income  (+),RS,hrainctot,2,Housing Revenue Account
RS_hraexptot_net_tot_cst,Total Housing Revenue Account (HRA) expenditure  (nb expenditure is shown as +),RS,hraexptot,2,Housing Revenue Account
RS_hradiff_net_tot_cst,Surplus or deficit for the year on HRA services (line 980 minus 981),RS,hradiff,2,Housing Revenue Account
RS_reshra_start,Housing Revenue Account (HRA) Reserves  - start,RS,reshra,4,Reserves
RS_reshra_end,Housing Revenue Account (HRA) Reserves  - end,RS,reshra,4,Reserves
RS_lctspen_net_exp,lcts - Total council tax revenue foregone - pensioner households  (+),RS,lctspen,1,Other / Unmapped
RS_lctswa_net_exp,lcts - Total council tax revenue foregone - working age households  (+),RS,lctswa,1,Other / Unmapped
RS_lctstot_net_exp,lcts - Total amount of council tax revenue foregone,RS,lctstot,1,Other / Unmapped
RS_lctsparish_net_exp,lcts - The total amount paid to local parishes to compensate for the localisation of council tax support [to be completed by billing authorities only]  (+),RS,lctsparish,1,Other / Unmapped
RS_resothcont_strt_cy,Sub component of other earmarked reserves - line 1023 contractual commitments - April,RS,resothcont,2,Reserves
RS_resothcont_end_cy,Sub component of other earmarked reserves - line 1023 contractual commitments - March,RS,resothcont,2,Reserves
RS_resothfut_strt_cy,Sub component of other earmarked reserves - line 1024 planned future revenue and capital spending - April,RS,resothfut,2,Reserves
RS_resothfut_end_cy,Sub component of other earmarked reserves - line 1024 planned future revenue and capital spending - March,RS,resothfut,2,Reserves
RS_resothspec_strt_cy,Sub component of other earmarked reserves - line 1025 specific risks - April,RS,resothspec,2,Reserves
RS_resothspec_end_cy,Sub component of other earmarked reserves - line 1025 specific risks - March,RS,resothspec,2,Reserves
RS_resothbdg_strt_cy,Sub component of other earmarked reserves - line 1026 budget stabilisation - April,RS,resothbdg,2,Reserves
RS_resothbdg_end_cy,Sub component of other earmarked reserves - line 1026 budget stabilisation - March,RS,resothbdg,2,Reserves
RS_resothoth_strt_cy,"Sub component of other earmarked reserves - line 1027 other (sum of 1028, 1029 and 1030) - April",RS,resothoth,2,Reserves
RS_resothoth_end_cy,"Sub component of other earmarked reserves - line 1027 other (sum of 1028, 1029 and 1030) - March",RS,resothoth,2,Reserves
RS_resothexA_strt_cy,Exceptional elements within other earmarked reserves: other - line 1028 authority's share of expanded retail relief grants 2020-21 and 2021-22 for billing and precepting authorities - April,RS,resothexA,2,Reserves
RS_resothexA_end_cy,Exceptional elements within other earmarked reserves: other - line 1028 authority's share of expanded retail relief grants 2020-21 and 2021-22 for billing and precepting authorities - March,RS,resothexA,2,Reserves
RS_resothexB_strt_cy,Exceptional elements within other earmarked reserves: other - line 1029 authority's notional share of COVID-19 additional relief fund 2021-22 for billing and precepting authorities - April,RS,resothexB,2,Reserves
RS_resothexB_end_cy,Exceptional elements within other earmarked reserves: other - line 1029 authority's notional share of COVID-19 additional relief fund 2021-22 for billing and precepting authorities - March,RS,resothexB,2,Reserves
RS_resothexC_strt_cy,Exceptional elements within other earmarked reserves: other - line 1030 of which - April,RS,resothexC,2,Reserves
RS_resothexC_end_cy,Exceptional elements within other earmarked reserves: other - line 1030 of which - March,RS,resothexC,2,Reserves
RS_appresothearA_net_exp,Appropriations to/from other earmarked financial reserves - of which 1 - other appropriations to other earmarked reserves,RS,appresothearA,1,Appropriations
RS_appresothearB_net_exp,Appropriations to/from other earmarked financial reserves - of which 2 - amounts due to authority of expended retail and nursery business rates relief grant 2020-21,RS,appresothearB,1,Appropriations
RS_appresothearC_net_exp,Appropriations to/from other earmarked financial reserves - of which 3 - share of COVID additional business rate relief grant 2021-22,RS,appresothearC,1,Appropriations
RSX_edu_empl,Employees - Education services,RSX,edu,9,Education
RSX_edu_run_exp,Running expenses - Education services,RSX,edu,9,Education
RSX_edu_tot_exp,Total expenditure - Education services,RSX,edu,9,Education
RSX_edu_sfc,"Sales, Fees and Charges - Education services",RSX,edu,9,Education
RSX_edu_oth_inc,Other income - Education services,RSX,edu,9,Education
RSX_edu_tot_inc,Total income - Education services,RSX,edu,9,Education
RSX_edu_net_cur_exp,NET current expenditure - Education services,RSX,edu,9,Education
RSX_trans_empl,Employees - Highways and transport services,RSX,trans,8,Transport
RSX_trans_run_exp,Running expenses - Highways and transport services,RSX,trans,8,Transport
RSX_trans_tot_exp,Total expenditure - Highways and transport services,RSX,trans,8,Transport
RSX_trans_sfc,"Sales, Fees and Charges - Highways and transport services",RSX,trans,8,Transport
RSX_trans_oth_inc,Other income - Highways and transport services,RSX,trans,8,Transport
RSX_trans_tot_inc,Total income - Highways and transport services,RSX,trans,8,Transport
RSX_trans_net_cur_exp,NET current expenditure - Highways and transport services,RSX,trans,8,Transport
RSX_csc_empl,Employees - Children Social Care,RSX,csc,8,Children’s Social Care
RSX_csc_run_exp,Running expenses - Children Social Care,RSX,csc,8,Children’s Social Care
RSX_csc_tot_exp,Total expenditure - Children Social Care,RSX,csc,8,Children’s Social Care
RSX_csc_sfc,"Sales, Fees and Charges - Children Social Care",RSX,csc,8,Children’s Social Care
RSX_csc_oth_inc,Other income - Children Social Care,RSX,csc,8,Children’s Social Care
RSX_csc_tot_inc,Total income - Children Social Care,RSX,csc,8,Children’s Social Care
RSX_csc_net_cur_exp,NET current expenditure - Children Social Care,RSX,csc,8,Children’s Social Care
RSX_asc_empl,Employees - Adult Social Care,RSX,asc,8,Adult Social Care
RSX_asc_run_exp,Running expenses - Adult Social Care,RSX,asc,8,Adult Social Care
RSX_asc_tot_exp,Total expenditure - Adult Social Care,RSX,asc,8,Adult Social Care
RSX_asc_sfc,"Sales, Fees and Charges - Adult Social Care",RSX,asc,8,Adult Social Care
RSX_asc_oth_inc,Other income - Adult Social Care,RSX,asc,8,Adult Social Care
RSX_asc_tot_inc,Total income - Adult Social Care,RSX,asc,8,Adult Social Care
RSX_asc_net_cur_exp,NET current expenditure - Adult Social Care,RSX,asc,8,Adult Social Care
RSX_phs_empl,Employees - Public Health,RSX,phs,8,Public Health
RSX_phs_run_exp,Running expenses - Public Health,RSX,phs,8,Public Health
RSX_phs_tot_exp,Total expenditure - Public Health,RSX,phs,8,Public Health
RSX_phs_sfc,"Sales, Fees and Charges - Public Health",RSX,phs,8,Public Health
RSX_phs_oth_inc,Other income - Public Health,RSX,phs,8,Public Health
RSX_phs_tot_inc,Total income - Public Health,RSX,phs,8,Public Health
RSX_phs_net_cur_exp,NET current expenditure - Public Health,RSX,phs,8,Public Health
RSX_hous_empl,Employees - Housing services (GFRA only),RSX,hous,8,Housing
RSX_hous_run_exp,Running expenses - Housing services (GFRA only),RSX,hous,8,Housing
RSX_hous_tot_exp,Total expenditure - Housing services (GFRA only),RSX,hous,8,Housing
RSX_hous_sfc,"Sales, Fees and Charges - Housing services (GFRA only)",RSX,hous,8,Housing
RSX_hous_oth_inc,Other income - Housing services (GFRA only),RSX,hous,8,Housing
RSX_hous_tot_inc,Total income - Housing services (GFRA only),RSX,hous,8,Housing
RSX_hous_net_cur_exp,NET current expenditure - Housing services (GFRA only),RSX,hous,8,Housing
RSX_cul_empl,Employees - Cultural and related services,RSX,cul,8,Culture
RSX_cul_run_exp,Running expenses - Cultural and related services,RSX,cul,8,Culture
RSX_cul_tot_exp,Total expenditure - Cultural and related services,RSX,cul,8,Culture
RSX_cul_sfc,"Sales, Fees and Charges - Cultural and related services",RSX,cul,8,Culture
RSX_cul_oth_inc,Other income - Cultural and related services,RSX,cul,8,Culture
RSX_cul_tot_inc,Total income - Cultural and related services,RSX,cul,8,Culture
RSX_cul_net_cur_exp,NET current expenditure - Cultural and related services,RSX,cul,8,Culture
RSX_env_empl,Employees - Environmental and regulatory services,RSX,env,8,Environment
RSX_env_run_exp,Running expenses - Environmental and regulatory services,RSX,env,8,Environment
RSX_env_tot_exp,Total expenditure - Environmental and regulatory services,RSX,env,8,Environment
RSX_env_sfc,"Sales, Fees and Charges - Environmental and regulatory services",RSX,env,8,Environment
RSX_env_oth_inc,Other income - Environmental and regulatory services,RSX,env,8,Environment
RSX_env_tot_inc,Total income - Environmental and regulatory services,RSX,env,8,Environment
RSX_env_net_cur_exp,NET current expenditure - Environmental and regulatory services,RSX,env,8,Environment
RSX_plan_empl,Employees - Planning and development services,RSX,plan,8,Planning & Development
RSX_plan_run_exp,Running expenses - Planning and development services,RSX,plan,8,Planning & Development
RSX_plan_tot_exp,Total expenditure - Planning and development services,RSX,plan,8,Planning & Development
RSX_plan_sfc,"Sales, Fees and Charges - Planning and development services",RSX,plan,8,Planning & Development
RSX_plan_oth_inc,Other income - Planning and development services,RSX,plan,8,Planning & Development
RSX_plan_tot_inc,Total income - Planning and development services,RSX,plan,8,Planning & Development
RSX_plan_net_cur_exp,NET current expenditure - Planning and development services,RSX,plan,8,Planning & Development
RSX_pol_empl,Employees - Police services,RSX,pol,8,Police
RSX_pol_run_exp,Running expenses - Police services,RSX,pol,8,Police
RSX_pol_tot_exp,Total expenditure - Police services,RSX,pol,8,Police
RSX_pol_sfc,"Sales, Fees and Charges - Police services",RSX,pol,8,Police
RSX_pol_oth_inc,Other income - Police services,RSX,pol,8,Police
RSX_pol_tot_inc,Total income - Police services,RSX,pol,8,Police
RSX_pol_net_cur_exp,NET current expenditure - Police services,RSX,pol,8,Police
RSX_frs_empl,Employees - Fire and rescue services,RSX,frs,29,Fire & Rescue
RSX_frs_run_exp,Running expenses - Fire and rescue services,RSX,frs,29,Fire & Rescue
RSX_frs_tot_exp,Total expenditure - Fire and rescue services,RSX,frs,29,Fire & Rescue
RSX_frs_sfc,"Sales, Fees and Charges - Fire and rescue services",RSX,frs,29,Fire & Rescue
RSX_frs_oth_inc,Other income - Fire and rescue services,RSX,frs,29,Fire & Rescue
RSX_frs_tot_inc,Total income - Fire and rescue services,RSX,frs,29,Fire & Rescue
RSX_frs_net_cur_exp,NET current expenditure - Fire and rescue services,RSX,frs,29,Fire & Rescue
RSX_cen_empl,Employees - Central services,RSX,cen,8,Central Services
RSX_cen_run_exp,Running expenses - Central services,RSX,cen,8,Central Services
RSX_cen_tot_exp,Total expenditure - Central services,RSX,cen,8,Central Services
RSX_cen_sfc,"Sales, Fees and Charges - Central services",RSX,cen,8,Central Services
RSX_cen_oth_inc,Other income - Central services,RSX,cen,8,Central Services
RSX_cen_tot_inc,Total income - Central services,RSX,cen,8,Central Services
RSX_cen_net_cur_exp,NET current expenditure - Central services,RSX,cen,8,Central Services
RSX_oth_empl,Employees - Other services,RSX,oth,8,Other / Unmapped
RSX_oth_run_exp,Running expenses - Other services,RSX,oth,8,Other / Unmapped
RSX_oth_tot_exp,Total expenditure - Other services,RSX,oth,8,Other / Unmapped
RSX_oth_sfc,"Sales, Fees and Charges - Other services",RSX,oth,8,Other / Unmapped
RSX_oth_oth_inc,Other income - Other services,RSX,oth,8,Other / Unmapped
RSX_oth_tot_inc,Total income - Other services,RSX,oth,8,Other / Unmapped
RSX_oth_net_cur_exp,NET current expenditure - Other services,RSX,oth,8,Other / Unmapped
RSX_totsx_empl,Employees - TOTAL SERVICE EXPENDITURE,RSX,totsx,8,Total Service Expenditure
RSX_totsx_run_exp,Running expenses - TOTAL SERVICE EXPENDITURE,RSX,totsx,8,Total Service Expenditure
RSX_totsx_tot_exp,Total expenditure - TOTAL SERVICE EXPENDITURE,RSX,totsx,8,Total Service Expenditure
RSX_totsx_sfc,"Sales, Fees and Charges - TOTAL SERVICE EXPENDITURE",RSX,totsx,8,Total Service Expenditure
RSX_totsx_oth_inc,Other income - TOTAL SERVICE EXPENDITURE,RSX,totsx,8,Total Service Expenditure
RSX_totsx_tot_inc,Total income - TOTAL SERVICE EXPENDITURE,RSX,totsx,8,Total Service Expenditure
RSX_totsx_net_cur_exp,NET current expenditure - TOTAL SERVICE EXPENDITURE,RSX,totsx,8,Total Service Expenditure
TSR_tradaccext_car_prk_SurDef,Surplus/Deficit - External Trading Accounts - Car Parks,TSR,tradaccext,58,Trading
TSR_tradaccext_car_prk_gross_exp,Gross Expenditure - External Trading Accounts - Car Parks,TSR,tradaccext,58,Trading
TSR_tradaccext_car_prk_inc,Income - External Trading Accounts - Car Parks,TSR,tradaccext,58,Trading
TSR_tradaccext_arp_SurDef,Surplus/Deficit - External Trading Accounts - Airports,TSR,tradaccext,58,Trading
TSR_tradaccext_arp_gross_exp,Gross Expenditure - External Trading Accounts - Airports,TSR,tradaccext,58,Trading
TSR_tradaccext_arp_inc,Income - External Trading Accounts - Airports,TSR,tradaccext,58,Trading
TSR_tradaccext_prt_SurDef,Surplus/Deficit - External Trading Accounts - Ports,TSR,tradaccext,58,Trading
TSR_tradaccext_prt_gross_exp,Gross Expenditure - External Trading Accounts - Ports,TSR,tradaccext,58,Trading
TSR_tradaccext_prt_inc,Income - External Trading Accounts - Ports,TSR,tradaccext,58,Trading
TSR_tradaccext_prs_SurDef,Surplus/Deficit - External Trading Accounts - Piers,TSR,tradaccext,58,Trading
TSR_tradaccext_prs_gross_exp,Gross Expenditure - External Trading Accounts - Piers,TSR,tradaccext,58,Trading
TSR_tradaccext_prs_inc,Income - External Trading Accounts - Piers,TSR,tradaccext,58,Trading
TSR_tradaccext_tbr_SurDef,Surplus/Deficit - External Trading Accounts - Toll bridges and roads,TSR,tradaccext,58,Trading
TSR_tradaccext_tbr_gross_exp,Gross Expenditure - External Trading Accounts - Toll bridges and roads,TSR,tradaccext,58,Trading
TSR_tradaccext_tbr_inc,Income - External Trading Accounts - Toll bridges and roads,TSR,tradaccext,58,Trading
TSR_tradaccext_msm_SurDef,Surplus/Deficit - External Trading Accounts - Museums,TSR,tradaccext,58,Trading
TSR_tradaccext_msm_gross_exp,Gross Expenditure - External Trading Accounts - Museums,TSR,tradaccext,58,Trading
TSR_tradaccext_msm_inc,Income - External Trading Accounts - Museums,TSR,tradaccext,58,Trading
TSR_tradaccext_tht_SurDef,Surplus/Deficit - External Trading Accounts - Theatres,TSR,tradaccext,58,Trading
TSR_tradaccext_tht_gross_exp,Gross Expenditure - External Trading Accounts - Theatres,TSR,tradaccext,58,Trading
TSR_tradaccext_tht_inc,Income - External Trading Accounts - Theatres,TSR,tradaccext,58,Trading
TSR_tradaccext_cvc_hll_SurDef,Surplus/Deficit - External Trading Accounts - Civic halls,TSR,tradaccext,58,Trading
TSR_tradaccext_cvc_hll_gross_exp,Gross Expenditure - External Trading Accounts - Civic halls,TSR,tradaccext,58,Trading
TSR_tradaccext_cvc_hll_inc,Income - External Trading Accounts - Civic halls,TSR,tradaccext,58,Trading
TSR_tradaccext_cvc_rst_SurDef,Surplus/Deficit - External Trading Accounts - Civic restaurants,TSR,tradaccext,58,Trading
TSR_tradaccext_cvc_rst_gross_exp,Gross Expenditure - External Trading Accounts - Civic restaurants,TSR,tradaccext,58,Trading
TSR_tradaccext_cvc_rst_inc,Income - External Trading Accounts - Civic restaurants,TSR,tradaccext,58,Trading
TSR_tradaccext_spr_fcl_SurDef,Surplus/Deficit - External Trading Accounts - Sports facilities,TSR,tradaccext,58,Trading
TSR_tradaccext_spr_fcl_gross_exp,Gross Expenditure - External Trading Accounts - Sports facilities,TSR,tradaccext,58,Trading
TSR_tradaccext_spr_fcl_inc,Income - External Trading Accounts - Sports facilities,TSR,tradaccext,58,Trading
TSR_tradaccext_crm_SurDef,Surplus/Deficit - External Trading Accounts - Crematoria,TSR,tradaccext,58,Trading
TSR_tradaccext_crm_gross_exp,Gross Expenditure - External Trading Accounts - Crematoria,TSR,tradaccext,58,Trading
TSR_tradaccext_crm_inc,Income - External Trading Accounts - Crematoria,TSR,tradaccext,58,Trading
TSR_tradaccext_fsh_hrb_SurDef,Surplus/Deficit - External Trading Accounts - Fishery harbours,TSR,tradaccext,58,Trading
TSR_tradaccext_fsh_hrb_gross_exp,Gross Expenditure - External Trading Accounts - Fishery harbours,TSR,tradaccext,58,Trading
TSR_tradaccext_fsh_hrb_inc,Income - External Trading Accounts - Fishery harbours,TSR,tradaccext,58,Trading
TSR_tradaccext_trd_wst_SurDef,Surplus/Deficit - External Trading Accounts - Trade waste,TSR,tradaccext,58,Trading
TSR_tradaccext_trd_wst_gross_exp,Gross Expenditure - External Trading Accounts - Trade waste,TSR,tradaccext,58,Trading
TSR_tradaccext_trd_wst_inc,Income - External Trading Accounts - Trade waste,TSR,tradaccext,58,Trading
TSR_tradaccext_bld_cnt_SurDef,Surplus/Deficit - External Trading Accounts - Building control,TSR,tradaccext,58,Trading
TSR_tradaccext_bld_cnt_gross_exp,Gross Expenditure - External Trading Accounts - Building control,TSR,tradaccext,58,Trading
TSR_tradaccext_bld_cnt_inc,Income - External Trading Accounts - Building control,TSR,tradaccext,58,Trading
TSR_tradaccext_crp_est_SurDef,Surplus/Deficit - External Trading Accounts - Corporation estates,TSR,tradaccext,58,Trading
TSR_tradaccext_crp_est_gross_exp,Gross Expenditure - External Trading Accounts - Corporation estates,TSR,tradaccext,58,Trading
TSR_tradaccext_crp_est_inc,Income - External Trading Accounts - Corporation estates,TSR,tradaccext,58,Trading
TSR_tradaccext_ind_est_SurDef,Surplus/Deficit - External Trading Accounts - Industrial estates,TSR,tradaccext,58,Trading
TSR_tradaccext_ind_est_gross_exp,Gross Expenditure - External Trading Accounts - Industrial estates,TSR,tradaccext,58,Trading
TSR_tradaccext_ind_est_inc,Income - External Trading Accounts - Industrial estates,TSR,tradaccext,58,Trading
TSR_tradaccext_inv_prp_SurDef,Surplus/Deficit - External Trading Accounts - Investment properties,TSR,tradaccext,58,Trading
TSR_tradaccext_inv_prp_gross_exp,Gross Expenditure - External Trading Accounts - Investment properties,TSR,tradaccext,58,Trading
TSR_tradaccext_inv_prp_inc,Income - External Trading Accounts - Investment properties,TSR,tradaccext,58,Trading
TSR_tradaccext_mrk_und_SurDef,Surplus/Deficit - External Trading Accounts - Market undertakings ,TSR,tradaccext,58,Trading
TSR_tradaccext_mrk_und_gross_exp,Gross Expenditure - External Trading Accounts - Market undertakings ,TSR,tradaccext,58,Trading
TSR_tradaccext_mrk_und_inc,Income - External Trading Accounts - Market undertakings ,TSR,tradaccext,58,Trading
TSR_tradaccextoth1_n_tradaccextoth1_SurDef,Surplus/Deficit - External Trading Accounts - TSR - Other1,TSR,tradaccextoth1,3,Trading
TSR_tradaccextoth1_n_tradaccextoth1_gross_exp,Gross Expenditure - External Trading Accounts - TSR - Other1,TSR,tradaccextoth1,3,Trading
TSR_tradaccextoth1_n_tradaccextoth1_inc,Income - External Trading Accounts - TSR - Other1,TSR,tradaccextoth1,3,Trading
TSR_tradaccextoth2_n_tradaccextoth2_SurDef,Surplus/Deficit - External Trading Accounts - TSR - Other2,TSR,tradaccextoth2,3,Trading
TSR_tradaccextoth2_n_tradaccextoth2_gross_exp,Gross Expenditure - External Trading Accounts - TSR - Other2,TSR,tradaccextoth2,3,Trading
TSR_tradaccextoth2_n_tradaccextoth2_inc,Income - External Trading Accounts - TSR - Other2,TSR,tradaccextoth2,3,Trading
TSR_tradaccextoth3_n_tradaccextoth3_SurDef,Surplus/Deficit - External Trading Accounts - TSR - Other3,TSR,tradaccextoth3,3,Trading
TSR_tradaccextoth3_n_tradaccextoth3_gross_exp,Gross Expenditure - External Trading Accounts - TSR - Other3,TSR,tradaccextoth3,3,Trading
TSR_tradaccextoth3_n_tradaccextoth3_inc,Income - External Trading Accounts - TSR - Other3,TSR,tradaccextoth3,3,Trading
TSR_tradaccextoth4_n_tradaccextoth4_SurDef,Surplus/Deficit - External Trading Accounts - TSR - Other4,TSR,tradaccextoth4,3,Trading
TSR_tradaccextoth4_n_tradaccextoth4_gross_exp,Gross Expenditure - External Trading Accounts - TSR - Other4,TSR,tradaccextoth4,3,Trading
TSR_tradaccextoth4_n_tradaccextoth4_inc,Income - External Trading Accounts - TSR - Other4,TSR,tradaccextoth4,3,Trading
TSR_tradaccextoth5_n_tradaccextoth5_SurDef,Surplus/Deficit - External Trading Accounts - TSR - Other5,TSR,tradaccextoth5,3,Trading
TSR_tradaccextoth5_n_tradaccextoth5_gross_exp,Gross Expenditure - External Trading Accounts - TSR - Other5,TSR,tradaccextoth5,3,Trading
TSR_tradaccextoth5_n_tradaccextoth5_inc,Income - External Trading Accounts - TSR - Other5,TSR,tradaccextoth5,3,Trading
TSR_tradaccext_SurDef_excl_Cap,Surplus/Deficit - TOTAL EXTERNAL TRADING ACCOUNTS,TSR,tradaccext,58,Trading
TSR_tradaccext_tot_gross_exp_excl_Cap,Gross Expenditure - External Trading Accounts - TOTAL EXTERNAL TRADING ACCOUNTS,TSR,tradaccext,58,Trading
TSR_tradaccext_tot_inc_excl_Cap,Income - External Trading Accounts - TOTAL EXTERNAL TRADING ACCOUNTS,TSR,tradaccext,58,Trading
TSR_captot_ext,Surplus/Deficit - TOTAL EXTERNAL TRADING ACCOUNTS - Capital items *,TSR,captot,3,Capital
TSR_tradcapext_SurDef_incl_Cap,Surplus/Deficit - External Trading Accounts - TOTAL EXTERNAL TRADING ACCOUNTS - incl Capital Items*,TSR,tradcapext,2,Trading
TSR_tradaccint_adm_edu_SurDef,Surplus/Deficit - Internal Trading Accounts - Administrative Education support services,TSR,tradaccint,65,Trading
TSR_tradaccint_adm_edu_gross_exp,Gross Expenditure - Internal Trading Accounts - Administrative Education support services,TSR,tradaccint,65,Trading
TSR_tradaccint_adm_edu_inc,Income - Internal Trading Accounts - Administrative Education support services,TSR,tradaccint,65,Trading
TSR_tradaccint_spc_edu_SurDef,Surplus/Deficit - Internal Trading Accounts - Specialist Education support services,TSR,tradaccint,65,Trading
TSR_tradaccint_spc_edu_gross_exp,Gross Expenditure - Internal Trading Accounts - Specialist Education support services,TSR,tradaccint,65,Trading
TSR_tradaccint_spc_edu_inc,Income - Internal Trading Accounts - Specialist Education support services,TSR,tradaccint,65,Trading
TSR_tradaccinthghwys_mnt_SurDef,Surplus/Deficit - Internal Trading Accounts - Highways maintenance,TSR,tradaccinthghwys,3,Trading
TSR_tradaccinthghwys_mnt_gross_exp,Gross Expenditure - Internal Trading Accounts - Highways maintenance,TSR,tradaccinthghwys,3,Trading
TSR_tradaccinthghwys_mnt_inc,Income - Internal Trading Accounts - Highways maintenance,TSR,tradaccinthghwys,3,Trading
TSR_tradaccinton_str_prk_SurDef,Surplus/Deficit - Internal Trading Accounts - On-street parking,TSR,tradaccinton,3,Trading
TSR_tradaccinton_str_prk_gross_exp,Gross Expenditure - Internal Trading Accounts - On-street parking,TSR,tradaccinton,3,Trading
TSR_tradaccinton_str_prk_inc,Income - Internal Trading Accounts - On-street parking,TSR,tradaccinton,3,Trading
TSR_tradaccint_ss_rsd_SurDef,Surplus/Deficit - Internal Trading Accounts - Social Services: residential homes,TSR,tradaccint,65,Trading
TSR_tradaccint_ss_rsd_gross_exp,Gross Expenditure - Internal Trading Accounts - Social Services: residential homes,TSR,tradaccint,65,Trading
TSR_tradaccint_ss_rsd_inc,Income - Internal Trading Accounts - Social Services: residential homes,TSR,tradaccint,65,Trading
TSR_tradaccint_ss_hcs_SurDef,Surplus/Deficit - Internal Trading Accounts - Social Services: home care services,TSR,tradaccint,65,Trading
TSR_tradaccint_ss_hcs_gross_exp,Gross Expenditure - Internal Trading Accounts - Social Services: home care services,TSR,tradaccint,65,Trading
TSR_tradaccint_ss_hcs_inc,Income - Internal Trading Accounts - Social Services: home care services,TSR,tradaccint,65,Trading
TSR_tradaccint_hous_mng_SurDef,Surplus/Deficit - Internal Trading Accounts - Housing management,TSR,tradaccint,65,Trading
TSR_tradaccint_hous_mng_gross_exp,Gross Expenditure - Internal Trading Accounts - Housing management,TSR,tradaccint,65,Trading
TSR_tradaccint_hous_mng_inc,Income - Internal Trading Accounts - Housing management,TSR,tradaccint,65,Trading
TSR_tradaccint_lsr_mng_SurDef,Surplus/Deficit - Internal Trading Accounts - Leisure management,TSR,tradaccint,65,Trading
TSR_tradaccint_lsr_mng_gross_exp,Gross Expenditure - Internal Trading Accounts - Leisure management,TSR,tradaccint,65,Trading
TSR_tradaccint_lsr_mng_inc,Income - Internal Trading Accounts - Leisure management,TSR,tradaccint,65,Trading
TSR_tradaccint_env_SurDef,Surplus/Deficit - Internal Trading Accounts - Environmental cleaning and sweeping,TSR,tradaccint,65,Trading
TSR_tradaccint_env_gross_exp,Gross Expenditure - Internal Trading Accounts - Environmental cleaning and sweeping,TSR,tradaccint,65,Trading
TSR_tradaccint_env_inc,Income - Internal Trading Accounts - Environmental cleaning and sweeping,TSR,tradaccint,65,Trading
TSR_tradaccint_cps_SurDef,Surplus/Deficit - Internal Trading Accounts - Construction and property services,TSR,tradaccint,65,Trading
TSR_tradaccint_cps_gross_exp,Gross Expenditure - Internal Trading Accounts - Construction and property services,TSR,tradaccint,65,Trading
TSR_tradaccint_cps_inc,Income - Internal Trading Accounts - Construction and property services,TSR,tradaccint,65,Trading
TSR_tradaccint_bld_cln_SurDef,Surplus/Deficit - Internal Trading Accounts - Building cleaning,TSR,tradaccint,65,Trading
TSR_tradaccint_bld_cln_gross_exp,Gross Expenditure - Internal Trading Accounts - Building cleaning,TSR,tradaccint,65,Trading
TSR_tradaccint_bld_cln_inc,Income - Internal Trading Accounts - Building cleaning,TSR,tradaccint,65,Trading
TSR_tradaccint_bld_mnt_SurDef,Surplus/Deficit - Internal Trading Accounts - Building maintenance,TSR,tradaccint,65,Trading
TSR_tradaccint_bld_mnt_gross_exp,Gross Expenditure - Internal Trading Accounts - Building maintenance,TSR,tradaccint,65,Trading
TSR_tradaccint_bld_mnt_inc,Income - Internal Trading Accounts - Building maintenance,TSR,tradaccint,65,Trading
TSR_tradaccint_grn_mnt_SurDef,Surplus/Deficit - Internal Trading Accounts - Grounds maintenance,TSR,tradaccint,65,Trading
TSR_tradaccint_grn_mnt_gross_exp,Gross Expenditure - Internal Trading Accounts - Grounds maintenance,TSR,tradaccint,65,Trading
TSR_tradaccint_grn_mnt_inc,Income - Internal Trading Accounts - Grounds maintenance,TSR,tradaccint,65,Trading
TSR_tradaccint_vhc_mnt_SurDef,Surplus/Deficit - Internal Trading Accounts - Vehicle maintenance,TSR,tradaccint,65,Trading
TSR_tradaccint_vhc_mnt_gross_exp,Gross Expenditure - Internal Trading Accounts - Vehicle maintenance,TSR,tradaccint,65,Trading
TSR_tradaccint_vhc_mnt_inc,Income - Internal Trading Accounts - Vehicle maintenance,TSR,tradaccint,65,Trading
TSR_tradaccint_vhc_mng_SurDef,Surplus/Deficit - Internal Trading Accounts - Vehicle management and transport,TSR,tradaccint,65,Trading
TSR_tradaccint_vhc_mng_gross_exp,Gross Expenditure - Internal Trading Accounts - Vehicle management and transport,TSR,tradaccint,65,Trading
TSR_tradaccint_vhc_mng_inc,Income - Internal Trading Accounts - Vehicle management and transport,TSR,tradaccint,65,Trading
TSR_tradaccint_rfs_cll_SurDef,Surplus/Deficit - Internal Trading Accounts - Refuse collection,TSR,tradaccint,65,Trading
TSR_tradaccint_rfs_cll_gross_exp,Gross Expenditure - Internal Trading Accounts - Refuse collection,TSR,tradaccint,65,Trading
TSR_tradaccint_rfs_cll_inc,Income - Internal Trading Accounts - Refuse collection,TSR,tradaccint,65,Trading
TSR_tradaccint_ctr_SurDef,"Surplus/Deficit - Internal Trading Accounts - Catering services (staff, welfare, education etc)",TSR,tradaccint,65,Trading
TSR_tradaccint_ctr_gross_exp,"Gross Expenditure - Internal Trading Accounts - Catering services (staff, welfare, education etc)",TSR,tradaccint,65,Trading
TSR_tradaccint_ctr_inc,"Income - Internal Trading Accounts - Catering services (staff, welfare, education etc)",TSR,tradaccint,65,Trading
TSR_tradaccint_off_SurDef,"Surplus/Deficit - Internal Trading Accounts - Office services (printing, security, etc)",TSR,tradaccint,65,Trading
TSR_tradaccint_off_gross_exp,"Gross Expenditure - Internal Trading Accounts - Office services (printing, security, etc)",TSR,tradaccint,65,Trading
TSR_tradaccint_off_inc,"Income - Internal Trading Accounts - Office services (printing, security, etc)",TSR,tradaccint,65,Trading
TSR_tradaccint_it_SurDef,Surplus/Deficit - Internal Trading Accounts - Information Technology,TSR,tradaccint,65,Trading
TSR_tradaccint_it_gross_exp,Gross Expenditure - Internal Trading Accounts - Information Technology,TSR,tradaccint,65,Trading
TSR_tradaccint_it_inc,Income - Internal Trading Accounts - Information Technology,TSR,tradaccint,65,Trading
TSR_tradaccint_fnc_SurDef,Surplus/Deficit - Internal Trading Accounts - Finance services,TSR,tradaccint,65,Trading
TSR_tradaccint_fnc_gross_exp,Gross Expenditure - Internal Trading Accounts - Finance services,TSR,tradaccint,65,Trading
TSR_tradaccint_fnc_inc,Income - Internal Trading Accounts - Finance services,TSR,tradaccint,65,Trading
TSR_tradaccint_lgl_SurDef,Surplus/Deficit - Internal Trading Accounts - Legal services,TSR,tradaccint,65,Trading
TSR_tradaccint_lgl_gross_exp,Gross Expenditure - Internal Trading Accounts - Legal services,TSR,tradaccint,65,Trading
TSR_tradaccint_lgl_inc,Income - Internal Trading Accounts - Legal services,TSR,tradaccint,65,Trading
TSR_tradaccint_prs_SurDef,Surplus/Deficit - Internal Trading Accounts - Personnel services,TSR,tradaccint,65,Trading
TSR_tradaccint_prs_gross_exp,Gross Expenditure - Internal Trading Accounts - Personnel services,TSR,tradaccint,65,Trading
TSR_tradaccint_prs_inc,Income - Internal Trading Accounts - Personnel services,TSR,tradaccint,65,Trading
TSR_tradaccintoth1_n_tradaccintoth1_SurDef,Surplus/Deficit - Internal Trading Accounts - TSR - Other1,TSR,tradaccintoth1,3,Trading
TSR_tradaccintoth1_n_tradaccintoth1_gross_exp,Gross Expenditure - Internal Trading Accounts - TSR - Other1,TSR,tradaccintoth1,3,Trading
TSR_tradaccintoth1_n_tradaccintoth1_inc,Income - Internal Trading Accounts - TSR - Other1,TSR,tradaccintoth1,3,Trading
TSR_tradaccintoth2_n_tradaccintoth2_SurDef,Surplus/Deficit - Internal Trading Accounts - TSR - Other2,TSR,tradaccintoth2,3,Trading
TSR_tradaccintoth2_n_tradaccintoth2_gross_exp,Gross Expenditure - Internal Trading Accounts - TSR - Other2,TSR,tradaccintoth2,3,Trading
TSR_tradaccintoth2_n_tradaccintoth2_inc,Income - Internal Trading Accounts - TSR - Other2,TSR,tradaccintoth2,3,Trading
TSR_tradaccintoth3_n_tradaccintoth3_SurDef,Surplus/Deficit - Internal Trading Accounts - TSR - Other3,TSR,tradaccintoth3,3,Trading
TSR_tradaccintoth3_n_tradaccintoth3_gross_exp,Gross Expenditure - Internal Trading Accounts - TSR - Other3,TSR,tradaccintoth3,3,Trading
TSR_tradaccintoth3_n_tradaccintoth3_inc,Income - Internal Trading Accounts - TSR - Other3,TSR,tradaccintoth3,3,Trading
TSR_tradaccintoth4_n_tradaccintoth4_SurDef,Surplus/Deficit- Internal Trading Accounts - TSR - Other4,TSR,tradaccintoth4,3,Trading
TSR_tradaccintoth4_n_tradaccintoth4_gross_exp,Gross Expenditure - Internal Trading Accounts - TSR - Other4,TSR,tradaccintoth4,3,Trading
TSR_tradaccintoth4_n_tradaccintoth4_inc,Income- Internal Trading Accounts - TSR - Other4,TSR,tradaccintoth4,3,Trading
TSR_tradaccintoth5_n_tradaccintoth5_SurDef,Surplus/Deficit - Internal Trading Accounts - TSR - Other5,TSR,tradaccintoth5,3,Trading
TSR_tradaccintoth5_n_tradaccintoth5_gross_exp,Gross Expenditure - Internal Trading Accounts - TSR - Other5,TSR,tradaccintoth5,3,Trading
TSR_tradaccintoth5_n_tradaccintoth5_inc,Income - Internal Trading Accounts - TSR - Other5,TSR,tradaccintoth5,3,Trading
TSR_tradaccint_SurDef_excl_Cap,Surplus/Deficit - TOTAL INTERNAL TRADING ACCOUNTS,TSR,tradaccint,65,Trading
TSR_tradaccint_tot_gross_exp_excl_Cap,Gross Expenditure - TOTAL INTERNAL TRADING ACCOUNTS,TSR,tradaccint,65,Trading
TSR_tradaccint_tot_inc_excl_Cap,Income - TOTAL INTERNAL TRADING ACCOUNTS,TSR,tradaccint,65,Trading
TSR_captot_int,Surplus/Deficit - TOTAL INTERNAL TRADING ACCOUNTS - Capital items *,TSR,captot,3,Capital
TSR_tradaccint_SurDef_incl_Cap,Surplus/Deficit- TOTAL INTERNAL TRADING ACCOUNTS - Net surplus(-)/deficit(+),TSR,tradaccint,65,Trading
TSR_capdep_ext,External Trading Accounts - Capital Items - Depreciation,TSR,capdep,3,Capital
TSR_capdep_int,Internal Trading Accounts - Capital Items - Depreciation,TSR,capdep,3,Capital
TSR_caploss_ext,External Trading Accounts - Capital Items - Loss on impairment of assets,TSR,caploss,3,Capital
TSR_caploss_int,Internal Trading Accounts - Capital Items - Loss on impairment of assets,TSR,caploss,3,Capital
TSR_capreval_ext,External Trading Accounts - Capital Items - Revaluations taken to surplus or deficit on the provision of services,TSR,capreval,3,Capital
TSR_capreval_int,Internal Trading Accounts - Capital Items - Revaluations taken to surplus or deficit on the provision of services,TSR,capreval,3,Capital
TSR_capgrant_ext,External Trading Accounts - Capital Items - Credit for capital grants,TSR,capgrant,3,Capital
TSR_capgrant_int,Internal Trading Accounts - Capital Items - Credit for capital grants,TSR,capgrant,3,Capital
TSR_caprecs_ext,External Trading Accounts - Capital Items - Revenue Expenditure funded from Capital by Statute (RECS),TSR,caprecs,3,Capital
TSR_caprecs_int,Internal Trading Accounts - Capital Items - Revenue Expenditure funded from Capital by Statute (RECS),TSR,caprecs,3,Capital
TSR_capsum_ext,External Trading Accounts - Capital Items - Total Capital items (total of lines 931 to 936),TSR,capsum,2,Capital
TSR_capsum_int,Internal Trading Accounts - Capital Items - Total Capital items (total of lines 931 to 936),TSR,capsum,2,Capital
